<?xml version = '1.0' encoding = 'UTF-8'?>
<Relation class="oracle.dbtools.crest.model.design.logical.Relation" name="victima_detalles" directorySegmentName="seg_1" id="0BB5A3E2-388C-DE4B-63B0-89C9C43F1C53">
<createdBy>H3C4</createdBy>
<createdTime>2022-06-22 04:18:15 UTC</createdTime>
<ownerDesignName>dbITBOY</ownerDesignName>
<engineerTo>
<item key="BD738D14-369A-73E6-F8D7-1C0E8D2AD1AC" value="true"/>
</engineerTo>
<sourcePk>2A451D0C-5730-0EF1-3DE9-8A919ACCB497</sourcePk>
<identifying>false</identifying>
<optionalSource>true</optionalSource>
<optionalTarget>false</optionalTarget>
<sourceCardinality>1</sourceCardinality>
<sourceEntity>1556F4C6-C574-479C-C65F-9BD6800D4CA6</sourceEntity>
<targetCardinalityString>1</targetCardinalityString>
<targetEntity>4AD14DEB-35FD-7C03-9BF1-C7863D944028</targetEntity>
<transferable>true</transferable>
<deleteRule>NO ACTION</deleteRule>
</Relation>