<?xml version = '1.0' encoding = 'UTF-8'?>
<Relation class="oracle.dbtools.crest.model.design.logical.Relation" name="detalles_gravedad" directorySegmentName="seg_1" id="25770657-0D64-C784-71EE-5D8D933D167F">
<createdBy>H3C4</createdBy>
<createdTime>2022-06-22 04:18:32 UTC</createdTime>
<ownerDesignName>dbITBOY</ownerDesignName>
<engineerTo>
<item key="BD738D14-369A-73E6-F8D7-1C0E8D2AD1AC" value="true"/>
</engineerTo>
<sourcePk>C7B2296E-1B8B-B92E-8A8D-92742D02FC8E</sourcePk>
<targetPk>35BC5888-DFF6-8A9B-2727-8D01EBB50B75</targetPk>
<identifying>false</identifying>
<optionalSource>true</optionalSource>
<optionalTarget>false</optionalTarget>
<sourceCardinality>1</sourceCardinality>
<sourceEntity>4AD14DEB-35FD-7C03-9BF1-C7863D944028</sourceEntity>
<targetCardinalityString>1</targetCardinalityString>
<targetEntity>FEFFEFBC-C03E-9A79-DF82-264AA793F6C6</targetEntity>
<transferable>true</transferable>
<deleteRule>NO ACTION</deleteRule>
</Relation>