<?xml version = '1.0' encoding = 'UTF-8'?>
<Relation class="oracle.dbtools.crest.model.design.logical.Relation" name="detalles_condicion" directorySegmentName="seg_1" id="65AD8546-F3D7-1459-EB6A-5C34A983F8A2">
<createdBy>H3C4</createdBy>
<createdTime>2022-06-22 04:18:24 UTC</createdTime>
<ownerDesignName>dbITBOY</ownerDesignName>
<engineerTo>
<item key="BD738D14-369A-73E6-F8D7-1C0E8D2AD1AC" value="true"/>
</engineerTo>
<sourcePk>C7B2296E-1B8B-B92E-8A8D-92742D02FC8E</sourcePk>
<identifying>false</identifying>
<optionalSource>true</optionalSource>
<optionalTarget>false</optionalTarget>
<sourceCardinality>1</sourceCardinality>
<sourceEntity>4AD14DEB-35FD-7C03-9BF1-C7863D944028</sourceEntity>
<targetCardinalityString>1</targetCardinalityString>
<targetEntity>1880DA95-779F-4BBF-541A-51F0B020BE86</targetEntity>
<transferable>true</transferable>
<deleteRule>NO ACTION</deleteRule>
</Relation>