<?xml version = '1.0' encoding = 'UTF-8'?>
<Relation class="oracle.dbtools.crest.model.design.logical.Relation" name="ITBOY_Anexo1" directorySegmentName="seg_1" id="6957403C-A3DE-754D-B2A7-FE372B1F078A">
<createdBy>H3C4</createdBy>
<createdTime>2022-06-22 05:06:19 UTC</createdTime>
<ownerDesignName>dbITBOY</ownerDesignName>
<engineerTo>
<item key="BD738D14-369A-73E6-F8D7-1C0E8D2AD1AC" value="true"/>
</engineerTo>
<sourcePk>D3057B8B-279E-AF51-EA8D-25F7EA4EA902</sourcePk>
<identifying>true</identifying>
<optionalSource>true</optionalSource>
<optionalTarget>false</optionalTarget>
<sourceCardinality>1</sourceCardinality>
<sourceEntity>5B183D60-7960-A19B-2392-318E3DF7A6DF</sourceEntity>
<targetCardinalityString>*</targetCardinalityString>
<targetEntity>872F24FF-0ED0-13D6-03B3-8280C2311207</targetEntity>
<transferable>true</transferable>
<deleteRule>NO ACTION</deleteRule>
</Relation>