<?xml version = '1.0' encoding = 'UTF-8'?>
<Relation class="oracle.dbtools.crest.model.design.logical.Relation" name="ITBOY_Croquis" directorySegmentName="seg_1" id="74C578A7-CD45-B766-2763-BEB92221EAC7">
<createdBy>H3C4</createdBy>
<createdTime>2022-06-22 05:07:03 UTC</createdTime>
<ownerDesignName>dbITBOY</ownerDesignName>
<engineerTo>
<item key="BD738D14-369A-73E6-F8D7-1C0E8D2AD1AC" value="true"/>
</engineerTo>
<sourcePk>D3057B8B-279E-AF51-EA8D-25F7EA4EA902</sourcePk>
<identifying>true</identifying>
<optionalSource>true</optionalSource>
<optionalTarget>false</optionalTarget>
<sourceCardinality>1</sourceCardinality>
<sourceEntity>5B183D60-7960-A19B-2392-318E3DF7A6DF</sourceEntity>
<targetCardinalityString>*</targetCardinalityString>
<targetEntity>6CD2BFB7-68EA-1B0B-181A-8E62C20FB6B7</targetEntity>
<transferable>true</transferable>
<deleteRule>NO ACTION</deleteRule>
</Relation>