<?xml version = '1.0' encoding = 'UTF-8'?>
<Relation class="oracle.dbtools.crest.model.design.logical.Relation" name="croquis_logitusHuella" directorySegmentName="seg_1" id="795936C7-0C57-FF0F-916A-37D586EB89EB">
<createdBy>H3C4</createdBy>
<createdTime>2022-06-22 04:28:54 UTC</createdTime>
<ownerDesignName>dbITBOY</ownerDesignName>
<engineerTo>
<item key="BD738D14-369A-73E6-F8D7-1C0E8D2AD1AC" value="true"/>
</engineerTo>
<sourcePk>9BDAF85F-F496-58D6-C095-3614B18FCA41</sourcePk>
<identifying>false</identifying>
<optionalSource>true</optionalSource>
<optionalTarget>false</optionalTarget>
<sourceCardinality>1</sourceCardinality>
<sourceEntity>6CD2BFB7-68EA-1B0B-181A-8E62C20FB6B7</sourceEntity>
<targetCardinalityString>1</targetCardinalityString>
<targetEntity>F5B736D8-422A-F908-A634-B24E7AF8650F</targetEntity>
<transferable>true</transferable>
<deleteRule>NO ACTION</deleteRule>
</Relation>