<?xml version = '1.0' encoding = 'UTF-8'?>
<Relation class="oracle.dbtools.crest.model.design.logical.Relation" name="vehiculo_RevTecMecv2" directorySegmentName="seg_1" id="80C46826-116D-2BAC-B68B-E448C1D7BCF0">
<createdBy>H3C4</createdBy>
<createdTime>2022-06-22 03:28:55 UTC</createdTime>
<ownerDesignName>dbITBOY</ownerDesignName>
<engineerTo>
<item key="BD738D14-369A-73E6-F8D7-1C0E8D2AD1AC" value="true"/>
</engineerTo>
<identifying>false</identifying>
<optionalSource>true</optionalSource>
<optionalTarget>false</optionalTarget>
<sourceCardinality>1</sourceCardinality>
<sourceEntity>30228100-CDDC-9C1F-CBF9-E019DCA4C79D</sourceEntity>
<targetCardinalityString>1</targetCardinalityString>
<targetEntity>CEB9CCFB-D7D4-176B-C547-552E223A240C</targetEntity>
<transferable>true</transferable>
<deleteRule>NO ACTION</deleteRule>
</Relation>