<?xml version = '1.0' encoding = 'UTF-8'?>
<Relation class="oracle.dbtools.crest.model.design.logical.Relation" name="ITBOY_Anexo2" directorySegmentName="seg_1" id="B954508D-4909-9AC2-BBD4-BFF9DD7531D6">
<createdBy>H3C4</createdBy>
<createdTime>2022-06-22 05:06:53 UTC</createdTime>
<ownerDesignName>dbITBOY</ownerDesignName>
<engineerTo>
<item key="BD738D14-369A-73E6-F8D7-1C0E8D2AD1AC" value="true"/>
</engineerTo>
<sourcePk>D3057B8B-279E-AF51-EA8D-25F7EA4EA902</sourcePk>
<identifying>true</identifying>
<optionalSource>true</optionalSource>
<optionalTarget>false</optionalTarget>
<sourceCardinality>1</sourceCardinality>
<sourceEntity>5B183D60-7960-A19B-2392-318E3DF7A6DF</sourceEntity>
<targetCardinalityString>*</targetCardinalityString>
<targetEntity>BA284C53-6416-FF26-F64E-AFE1410D33D9</targetEntity>
<transferable>true</transferable>
<deleteRule>NO ACTION</deleteRule>
</Relation>