<?xml version = '1.0' encoding = 'UTF-8'?>
<Relation class="oracle.dbtools.crest.model.design.logical.Relation" name="conductor_embriaguezv2" directorySegmentName="seg_1" id="C5DAF4F4-9545-8556-0B91-0C0879CE9CFF">
<createdBy>H3C4</createdBy>
<createdTime>2022-06-22 03:28:55 UTC</createdTime>
<ownerDesignName>dbITBOY</ownerDesignName>
<engineerTo>
<item key="BD738D14-369A-73E6-F8D7-1C0E8D2AD1AC" value="true"/>
</engineerTo>
<sourcePk>D1EDB6A1-914C-71D1-9993-818CB46368B5</sourcePk>
<identifying>false</identifying>
<optionalSource>true</optionalSource>
<optionalTarget>false</optionalTarget>
<sourceCardinality>1</sourceCardinality>
<sourceEntity>5EFBF564-3082-D593-68C2-8DE33CF01A63</sourceEntity>
<targetCardinalityString>1</targetCardinalityString>
<targetEntity>1DA2803F-1F59-812F-F1D9-4B38D21D2BC4</targetEntity>
<transferable>true</transferable>
<deleteRule>NO ACTION</deleteRule>
</Relation>