<?xml version = '1.0' encoding = 'UTF-8'?>
<Relation class="oracle.dbtools.crest.model.design.logical.Relation" name="CVP_vehiculov2" directorySegmentName="seg_1" id="CBDB836E-A846-252B-85C9-600BF047CFB6">
<createdBy>H3C4</createdBy>
<createdTime>2022-06-22 03:28:55 UTC</createdTime>
<ownerDesignName>dbITBOY</ownerDesignName>
<engineerTo>
<item key="BD738D14-369A-73E6-F8D7-1C0E8D2AD1AC" value="true"/>
</engineerTo>
<sourcePk>BFA9E287-405D-19F4-D2EE-E31E5EF13D12</sourcePk>
<identifying>false</identifying>
<optionalSource>true</optionalSource>
<optionalTarget>false</optionalTarget>
<sourceCardinality>1</sourceCardinality>
<sourceEntity>CB9905E1-508C-1836-406C-93E67E596CAF</sourceEntity>
<targetCardinalityString>1</targetCardinalityString>
<targetEntity>30228100-CDDC-9C1F-CBF9-E019DCA4C79D</targetEntity>
<transferable>true</transferable>
<deleteRule>NO ACTION</deleteRule>
</Relation>