<?xml version = '1.0' encoding = 'UTF-8'?>
<Relation class="oracle.dbtools.crest.model.design.logical.Relation" name="conductor_SusPsicoactivasv2" directorySegmentName="seg_1" id="F6870EA8-98E2-650A-3D18-A7ED6F67CA56">
<createdBy>H3C4</createdBy>
<createdTime>2022-06-22 03:28:55 UTC</createdTime>
<ownerDesignName>dbITBOY</ownerDesignName>
<engineerTo>
<item key="BD738D14-369A-73E6-F8D7-1C0E8D2AD1AC" value="true"/>
</engineerTo>
<sourcePk>D1EDB6A1-914C-71D1-9993-818CB46368B5</sourcePk>
<identifying>false</identifying>
<optionalSource>true</optionalSource>
<optionalTarget>false</optionalTarget>
<sourceCardinality>1</sourceCardinality>
<sourceEntity>5EFBF564-3082-D593-68C2-8DE33CF01A63</sourceEntity>
<targetCardinalityString>1</targetCardinalityString>
<targetEntity>5BCDFAE2-B6D7-087F-D169-7FD652D8D3AE</targetEntity>
<transferable>true</transferable>
<deleteRule>NO ACTION</deleteRule>
</Relation>