<?xml version = '1.0' encoding = 'UTF-8'?>
<Table class="oracle.dbtools.crest.model.design.relational.Table" directorySegmentName="seg_1" id="00E1FAE8-194A-6FD7-91D2-A84619E27EAA" name="HipotesisiAccidente">
<createdBy>H3C4</createdBy>
<createdTime>2022-06-22 05:09:00 UTC</createdTime>
<generatorID>5CF1138F-B8ED-9B9F-595A-3B57B4515407</generatorID>
<ownerDesignName>dbITBOY</ownerDesignName>
<allowColumnReorder>false</allowColumnReorder>
<existDependencyGenerateInDDl>true</existDependencyGenerateInDDl>
<parsed>true</parsed>
<columns itemClass="oracle.dbtools.crest.model.design.relational.Column">
<Column name="id_hipotesisAccidente" id="D1DCC768-454B-5889-16A3-B225083B5D5B">
<createdBy>H3C4</createdBy>
<createdTime>2022-06-22 05:09:00 UTC</createdTime>
<generatorID>E6A44EB4-BF6E-04A9-A9A3-2A919D48CC78</generatorID>
<ownerDesignName>dbITBOY</ownerDesignName>
<useDomainConstraints>false</useDomainConstraints>
<use>1</use>
<logicalDatatype>LOGDT011</logicalDatatype>
<ownDataTypeParameters>,,</ownDataTypeParameters>
<autoIncrementCycle>false</autoIncrementCycle>
</Column>
<Column name="delConductor" id="483DBEEA-A27B-5AC4-60FF-A87FBAC33742">
<createdBy>H3C4</createdBy>
<createdTime>2022-06-22 05:09:00 UTC</createdTime>
<generatorID>13995EA7-84CE-131C-6C17-66B02A5C25D0</generatorID>
<ownerDesignName>dbITBOY</ownerDesignName>
<nullsAllowed>true</nullsAllowed>
<useDomainConstraints>false</useDomainConstraints>
<use>1</use>
<logicalDatatype>LOGDT024</logicalDatatype>
<dataTypeSize>255 CHAR</dataTypeSize>
<ownDataTypeParameters>255 CHAR,,</ownDataTypeParameters>
<autoIncrementCycle>false</autoIncrementCycle>
</Column>
<Column name="delVehiculo" id="D58AAD3B-F40F-A715-CE99-099BA926E039">
<createdBy>H3C4</createdBy>
<createdTime>2022-06-22 05:09:00 UTC</createdTime>
<generatorID>CFF4CF96-59AE-A018-64B1-53369C81AF8B</generatorID>
<ownerDesignName>dbITBOY</ownerDesignName>
<nullsAllowed>true</nullsAllowed>
<useDomainConstraints>false</useDomainConstraints>
<use>1</use>
<logicalDatatype>LOGDT024</logicalDatatype>
<dataTypeSize>255 CHAR</dataTypeSize>
<ownDataTypeParameters>255 CHAR,,</ownDataTypeParameters>
<autoIncrementCycle>false</autoIncrementCycle>
</Column>
<Column name="deVia" id="B9A23366-EEF2-53AA-3591-BA7E1BCB3116">
<createdBy>H3C4</createdBy>
<createdTime>2022-06-22 05:09:00 UTC</createdTime>
<generatorID>3A770FED-3B3D-87D3-18DC-9CDEE3B2A7E2</generatorID>
<ownerDesignName>dbITBOY</ownerDesignName>
<nullsAllowed>true</nullsAllowed>
<useDomainConstraints>false</useDomainConstraints>
<use>1</use>
<logicalDatatype>LOGDT024</logicalDatatype>
<dataTypeSize>255 CHAR</dataTypeSize>
<ownDataTypeParameters>255 CHAR,,</ownDataTypeParameters>
<autoIncrementCycle>false</autoIncrementCycle>
</Column>
<Column name="delPeaton" id="03D7D592-98D0-5128-319E-DC3AA1498310">
<createdBy>H3C4</createdBy>
<createdTime>2022-06-22 05:09:00 UTC</createdTime>
<generatorID>71EF63DA-CD53-D500-258A-79C5CD581E76</generatorID>
<ownerDesignName>dbITBOY</ownerDesignName>
<nullsAllowed>true</nullsAllowed>
<useDomainConstraints>false</useDomainConstraints>
<use>1</use>
<logicalDatatype>LOGDT024</logicalDatatype>
<dataTypeSize>255 CHAR</dataTypeSize>
<ownDataTypeParameters>255 CHAR,,</ownDataTypeParameters>
<autoIncrementCycle>false</autoIncrementCycle>
</Column>
<Column name="delPasajero" id="5DBDF196-4725-AA2C-597F-CF8BA7041FC2">
<createdBy>H3C4</createdBy>
<createdTime>2022-06-22 05:09:00 UTC</createdTime>
<generatorID>219BF86C-D51C-B460-DFC3-E84EB6499B70</generatorID>
<ownerDesignName>dbITBOY</ownerDesignName>
<nullsAllowed>true</nullsAllowed>
<useDomainConstraints>false</useDomainConstraints>
<use>1</use>
<logicalDatatype>LOGDT024</logicalDatatype>
<dataTypeSize>255 CHAR</dataTypeSize>
<ownDataTypeParameters>255 CHAR,,</ownDataTypeParameters>
<autoIncrementCycle>false</autoIncrementCycle>
</Column>
<Column name="otra" id="2707EA20-13E1-2A97-F755-BBD1BA5BEEBC">
<createdBy>H3C4</createdBy>
<createdTime>2022-06-22 05:09:00 UTC</createdTime>
<generatorID>29DEBA95-23E8-3B4D-22DB-9A5DD91A655C</generatorID>
<ownerDesignName>dbITBOY</ownerDesignName>
<nullsAllowed>true</nullsAllowed>
<useDomainConstraints>false</useDomainConstraints>
<use>1</use>
<logicalDatatype>LOGDT024</logicalDatatype>
<dataTypeSize>255 CHAR</dataTypeSize>
<ownDataTypeParameters>255 CHAR,,</ownDataTypeParameters>
<autoIncrementCycle>false</autoIncrementCycle>
</Column>
<Column name="anexo1_id_anexo1" id="CFB575AC-ECDD-F24C-7A8C-28E8C8CF049D">
<createdBy>H3C4</createdBy>
<createdTime>2022-06-22 05:09:00 UTC</createdTime>
<generatorID>027E84D1-4990-AE44-45C7-7A92543849E2</generatorID>
<ownerDesignName>dbITBOY</ownerDesignName>
<useDomainConstraints>false</useDomainConstraints>
<use>1</use>
<logicalDatatype>LOGDT011</logicalDatatype>
<ownDataTypeParameters>,,</ownDataTypeParameters>
<previousColumn>false</previousColumn>
<autoIncrementCycle>false</autoIncrementCycle>
<associations>
<colAssociation fkAssociation="0AC674D2-B8B7-4F52-7D78-6003F30A9D38" referredColumn="3EC8ABB7-0141-B8A9-EF08-626529E4A22D"/>
</associations>
</Column>
<Column name="anexo1_id_casoAccidente" id="D1EDF359-D5D9-3408-17B9-C64D7AAB44E5">
<createdBy>H3C4</createdBy>
<createdTime>2022-06-22 05:09:00 UTC</createdTime>
<generatorID>21257F93-C80B-2881-F666-7AC3EE44FF06</generatorID>
<ownerDesignName>dbITBOY</ownerDesignName>
<useDomainConstraints>false</useDomainConstraints>
<use>1</use>
<logicalDatatype>LOGDT019</logicalDatatype>
<ownDataTypeParameters>,,</ownDataTypeParameters>
<previousColumn>false</previousColumn>
<autoIncrementCycle>false</autoIncrementCycle>
<associations>
<colAssociation fkAssociation="0AC674D2-B8B7-4F52-7D78-6003F30A9D38" referredColumn="79D0171A-2EE0-E4DF-E97D-44EE66CA80FA"/>
</associations>
</Column>
</columns>
<indexes itemClass="oracle.dbtools.crest.model.design.relational.Index">
<ind_PK_UK id="F16401B7-2C8A-7084-AB5C-710A5CCBB359" name="HipotesisiAccidente_PK">
<createdBy>H3C4</createdBy>
<createdTime>2022-06-22 05:09:00 UTC</createdTime>
<generatorID>5D4D3BBC-7D73-BC4E-7FBA-E3C13E86EB2A</generatorID>
<ownerDesignName>dbITBOY</ownerDesignName>
<pk>true</pk>
<indexState>Primary Constraint</indexState>
<isSurrogateKey>false</isSurrogateKey>
<indexColumnUsage>
<colUsage columnID="D1DCC768-454B-5889-16A3-B225083B5D5B"/>
</indexColumnUsage>
</ind_PK_UK>
<ind_PK_UK id="0E552C89-04D1-D332-4666-A9764B6D598E" name="HipotesisiAccidente__IDX">
<createdBy>H3C4</createdBy>
<createdTime>2022-06-22 05:09:00 UTC</createdTime>
<ownerDesignName>dbITBOY</ownerDesignName>
<indexState>Unique Plain Index</indexState>
<isSurrogateKey>false</isSurrogateKey>
<relationGeneratorID>F1E91A80-E938-17E0-A708-AB2350C19461</relationGeneratorID>
<indexColumnUsage>
<colUsage columnID="CFB575AC-ECDD-F24C-7A8C-28E8C8CF049D"/>
<colUsage columnID="D1EDF359-D5D9-3408-17B9-C64D7AAB44E5"/>
</indexColumnUsage>
</ind_PK_UK>
<ind_PK_UK id="8167444E-B764-EA6E-9903-2B113B334AA8" name="HipotesisiAccidente_anexo1_FK">
<createdBy>H3C4</createdBy>
<createdTime>2022-06-22 05:09:00 UTC</createdTime>
<generatorID>F1E91A80-E938-17E0-A708-AB2350C19461</generatorID>
<ownerDesignName>dbITBOY</ownerDesignName>
<indexState>Foreign Key</indexState>
<isSurrogateKey>false</isSurrogateKey>
<indexColumnUsage>
<colUsage columnID="CFB575AC-ECDD-F24C-7A8C-28E8C8CF049D"/>
<colUsage columnID="D1EDF359-D5D9-3408-17B9-C64D7AAB44E5"/>
</indexColumnUsage>
</ind_PK_UK>
</indexes>
</Table>