<?xml version = '1.0' encoding = 'UTF-8'?>
<Table class="oracle.dbtools.crest.model.design.relational.Table" directorySegmentName="seg_1" id="0CC28E78-F1CD-4978-7D60-FA256FA7381C" name="correspondioCroquis">
<createdBy>H3C4</createdBy>
<createdTime>2022-06-22 05:09:00 UTC</createdTime>
<generatorID>19DE98B1-C39F-A1EC-5E23-887003D70EED</generatorID>
<ownerDesignName>dbITBOY</ownerDesignName>
<allowColumnReorder>false</allowColumnReorder>
<existDependencyGenerateInDDl>true</existDependencyGenerateInDDl>
<parsed>true</parsed>
<columns itemClass="oracle.dbtools.crest.model.design.relational.Column">
<Column name="id_correspondioAnexo2" id="5809915E-4408-F58A-1D88-792A86039D06">
<createdBy>H3C4</createdBy>
<createdTime>2022-06-22 05:09:00 UTC</createdTime>
<generatorID>EA6D84AB-6ACD-FF81-7C00-10FD34EE8880</generatorID>
<ownerDesignName>dbITBOY</ownerDesignName>
<useDomainConstraints>false</useDomainConstraints>
<use>1</use>
<logicalDatatype>LOGDT011</logicalDatatype>
<ownDataTypeParameters>,,</ownDataTypeParameters>
<autoIncrementCycle>false</autoIncrementCycle>
</Column>
<Column name="numeroInvestigacion" id="0D6DFB66-2DCB-3B63-B82F-7082942A5E3B">
<createdBy>H3C4</createdBy>
<createdTime>2022-06-22 05:09:00 UTC</createdTime>
<generatorID>6C4353D1-351D-7619-429D-CC40362E2C23</generatorID>
<ownerDesignName>dbITBOY</ownerDesignName>
<nullsAllowed>true</nullsAllowed>
<useDomainConstraints>false</useDomainConstraints>
<use>1</use>
<logicalDatatype>LOGDT011</logicalDatatype>
<ownDataTypeParameters>,,</ownDataTypeParameters>
<autoIncrementCycle>false</autoIncrementCycle>
</Column>
<Column name="croquis_id_croquis" id="87AFBCCF-3CDB-D1F2-94FF-399509928308">
<createdBy>H3C4</createdBy>
<createdTime>2022-06-22 05:09:00 UTC</createdTime>
<generatorID>FF77A236-46A3-FF6D-9BCE-8338845C382E</generatorID>
<ownerDesignName>dbITBOY</ownerDesignName>
<useDomainConstraints>false</useDomainConstraints>
<use>1</use>
<logicalDatatype>LOGDT011</logicalDatatype>
<ownDataTypeParameters>,,</ownDataTypeParameters>
<previousColumn>false</previousColumn>
<autoIncrementCycle>false</autoIncrementCycle>
<associations>
<colAssociation fkAssociation="419DFE33-3354-9313-A2EE-E691762CC8AB" referredColumn="B9D8BE57-6E4D-4B56-611C-4BA4E344666D"/>
</associations>
</Column>
<Column name="croquis_id_casoAccidente" id="A865B532-DA4D-005E-27BB-1A50AE087328">
<createdBy>H3C4</createdBy>
<createdTime>2022-06-22 05:09:00 UTC</createdTime>
<generatorID>623DE8B3-B9EE-7657-D3C3-796FF684C652</generatorID>
<ownerDesignName>dbITBOY</ownerDesignName>
<useDomainConstraints>false</useDomainConstraints>
<use>1</use>
<logicalDatatype>LOGDT019</logicalDatatype>
<ownDataTypeParameters>,,</ownDataTypeParameters>
<previousColumn>false</previousColumn>
<autoIncrementCycle>false</autoIncrementCycle>
<associations>
<colAssociation fkAssociation="419DFE33-3354-9313-A2EE-E691762CC8AB" referredColumn="FCF81A68-CB87-388D-ED4F-C5BE2DA5CB2C"/>
</associations>
</Column>
</columns>
<indexes itemClass="oracle.dbtools.crest.model.design.relational.Index">
<ind_PK_UK id="BC2D4257-0615-173C-129D-A48A6E067A8F" name="correspondioCroquis_PK">
<createdBy>H3C4</createdBy>
<createdTime>2022-06-22 05:09:00 UTC</createdTime>
<generatorID>BDD2ACDC-C78F-6D63-4C91-812601FD8658</generatorID>
<ownerDesignName>dbITBOY</ownerDesignName>
<pk>true</pk>
<indexState>Primary Constraint</indexState>
<isSurrogateKey>false</isSurrogateKey>
<indexColumnUsage>
<colUsage columnID="5809915E-4408-F58A-1D88-792A86039D06"/>
</indexColumnUsage>
</ind_PK_UK>
<ind_PK_UK id="750CA429-153F-CBB3-BFB6-5E63A5E4BDA2" name="correspondioCroquis__IDX">
<createdBy>H3C4</createdBy>
<createdTime>2022-06-22 05:09:00 UTC</createdTime>
<ownerDesignName>dbITBOY</ownerDesignName>
<indexState>Unique Plain Index</indexState>
<isSurrogateKey>false</isSurrogateKey>
<relationGeneratorID>A1C28798-7D98-1B14-7227-724E25934C70</relationGeneratorID>
<indexColumnUsage>
<colUsage columnID="87AFBCCF-3CDB-D1F2-94FF-399509928308"/>
<colUsage columnID="A865B532-DA4D-005E-27BB-1A50AE087328"/>
</indexColumnUsage>
</ind_PK_UK>
<ind_PK_UK id="38BF5F0E-9D83-A756-2089-52CA2B5F02BF" name="correspondioCroquis_croquis_FK">
<createdBy>H3C4</createdBy>
<createdTime>2022-06-22 05:09:00 UTC</createdTime>
<generatorID>A1C28798-7D98-1B14-7227-724E25934C70</generatorID>
<ownerDesignName>dbITBOY</ownerDesignName>
<indexState>Foreign Key</indexState>
<isSurrogateKey>false</isSurrogateKey>
<indexColumnUsage>
<colUsage columnID="87AFBCCF-3CDB-D1F2-94FF-399509928308"/>
<colUsage columnID="A865B532-DA4D-005E-27BB-1A50AE087328"/>
</indexColumnUsage>
</ind_PK_UK>
</indexes>
</Table>