<?xml version = '1.0' encoding = 'UTF-8'?>
<Table class="oracle.dbtools.crest.model.design.relational.Table" directorySegmentName="seg_1" id="14708B5C-C7CB-76D9-BAAB-C105366001E2" name="correspondioAnexo2">
<createdBy>H3C4</createdBy>
<createdTime>2022-06-22 05:09:00 UTC</createdTime>
<generatorID>CA5730F8-551E-9007-6D31-A92328AC0CA7</generatorID>
<ownerDesignName>dbITBOY</ownerDesignName>
<allowColumnReorder>false</allowColumnReorder>
<existDependencyGenerateInDDl>true</existDependencyGenerateInDDl>
<parsed>true</parsed>
<columns itemClass="oracle.dbtools.crest.model.design.relational.Column">
<Column name="id_correspondioAnexo2" id="BFA7246D-9603-23A6-937C-BB7C448A169C">
<createdBy>H3C4</createdBy>
<createdTime>2022-06-22 05:09:00 UTC</createdTime>
<generatorID>785D086C-34F8-0FCF-207C-360DD384E0B8</generatorID>
<ownerDesignName>dbITBOY</ownerDesignName>
<useDomainConstraints>false</useDomainConstraints>
<use>1</use>
<logicalDatatype>LOGDT011</logicalDatatype>
<ownDataTypeParameters>,,</ownDataTypeParameters>
<autoIncrementCycle>false</autoIncrementCycle>
</Column>
<Column name="numeroInvestigacion" id="858D2B08-048F-D28B-257F-EEBE141B3744">
<createdBy>H3C4</createdBy>
<createdTime>2022-06-22 05:09:00 UTC</createdTime>
<generatorID>D3F58480-2E2B-8019-0CE4-56E44E682731</generatorID>
<ownerDesignName>dbITBOY</ownerDesignName>
<nullsAllowed>true</nullsAllowed>
<useDomainConstraints>false</useDomainConstraints>
<use>1</use>
<logicalDatatype>LOGDT011</logicalDatatype>
<ownDataTypeParameters>,,</ownDataTypeParameters>
<autoIncrementCycle>false</autoIncrementCycle>
</Column>
<Column name="anexo2_id_anexo2" id="3FFE268F-64AD-DBA4-8961-CDF9577C373F">
<createdBy>H3C4</createdBy>
<createdTime>2022-06-22 05:09:00 UTC</createdTime>
<generatorID>9FE4FC63-E42D-C38C-9440-2FDBF39F5C17</generatorID>
<ownerDesignName>dbITBOY</ownerDesignName>
<useDomainConstraints>false</useDomainConstraints>
<use>1</use>
<logicalDatatype>LOGDT011</logicalDatatype>
<ownDataTypeParameters>,,</ownDataTypeParameters>
<previousColumn>false</previousColumn>
<autoIncrementCycle>false</autoIncrementCycle>
<associations>
<colAssociation fkAssociation="BDF1082C-712C-E811-5CD1-23E6BC902470" referredColumn="A2753F7F-0FA4-326F-2D51-08382257F357"/>
</associations>
</Column>
<Column name="anexo2_id_casoAccidente" id="73202725-5962-DB11-06A6-A0B3C0E75029">
<createdBy>H3C4</createdBy>
<createdTime>2022-06-22 05:09:00 UTC</createdTime>
<generatorID>212A2C0A-42BF-CACC-EA59-D1C973263731</generatorID>
<ownerDesignName>dbITBOY</ownerDesignName>
<useDomainConstraints>false</useDomainConstraints>
<use>1</use>
<logicalDatatype>LOGDT019</logicalDatatype>
<ownDataTypeParameters>,,</ownDataTypeParameters>
<previousColumn>false</previousColumn>
<autoIncrementCycle>false</autoIncrementCycle>
<associations>
<colAssociation fkAssociation="BDF1082C-712C-E811-5CD1-23E6BC902470" referredColumn="2835EF57-5E9E-5391-4DDB-202D14E3F97B"/>
</associations>
</Column>
</columns>
<indexes itemClass="oracle.dbtools.crest.model.design.relational.Index">
<ind_PK_UK id="F6BF5A81-0673-8AAE-A4B4-F6B5ED8D5FB6" name="correspondioAnexo2_PK">
<createdBy>H3C4</createdBy>
<createdTime>2022-06-22 05:09:00 UTC</createdTime>
<generatorID>9978CA51-81EC-C901-4837-FC6FFAA6EDCF</generatorID>
<ownerDesignName>dbITBOY</ownerDesignName>
<pk>true</pk>
<indexState>Primary Constraint</indexState>
<isSurrogateKey>false</isSurrogateKey>
<indexColumnUsage>
<colUsage columnID="BFA7246D-9603-23A6-937C-BB7C448A169C"/>
</indexColumnUsage>
</ind_PK_UK>
<ind_PK_UK id="C7ECBF9B-6094-E43B-E502-3CFF925FA9CA" name="correspondioAnexo2__IDX">
<createdBy>H3C4</createdBy>
<createdTime>2022-06-22 05:09:00 UTC</createdTime>
<ownerDesignName>dbITBOY</ownerDesignName>
<indexState>Unique Plain Index</indexState>
<isSurrogateKey>false</isSurrogateKey>
<relationGeneratorID>22319CEE-3B53-60BC-0E35-B328F1FEC98C</relationGeneratorID>
<indexColumnUsage>
<colUsage columnID="3FFE268F-64AD-DBA4-8961-CDF9577C373F"/>
<colUsage columnID="73202725-5962-DB11-06A6-A0B3C0E75029"/>
</indexColumnUsage>
</ind_PK_UK>
<ind_PK_UK id="EAB27C74-094A-C674-BC72-2E3799A25D8A" name="correspondioAnexo2_anexo2_FK">
<createdBy>H3C4</createdBy>
<createdTime>2022-06-22 05:09:00 UTC</createdTime>
<generatorID>22319CEE-3B53-60BC-0E35-B328F1FEC98C</generatorID>
<ownerDesignName>dbITBOY</ownerDesignName>
<indexState>Foreign Key</indexState>
<isSurrogateKey>false</isSurrogateKey>
<indexColumnUsage>
<colUsage columnID="3FFE268F-64AD-DBA4-8961-CDF9577C373F"/>
<colUsage columnID="73202725-5962-DB11-06A6-A0B3C0E75029"/>
</indexColumnUsage>
</ind_PK_UK>
</indexes>
</Table>