<?xml version = '1.0' encoding = 'UTF-8'?>
<Table class="oracle.dbtools.crest.model.design.relational.Table" directorySegmentName="seg_1" id="21AA84CA-2064-989A-963A-7F30957ACFA9" name="nacionalidad">
<createdBy>H3C4</createdBy>
<createdTime>2022-06-22 05:09:00 UTC</createdTime>
<generatorID>7DFC2332-81E2-9E85-4C26-9FC92A6ACC93</generatorID>
<ownerDesignName>dbITBOY</ownerDesignName>
<allowColumnReorder>false</allowColumnReorder>
<existDependencyGenerateInDDl>true</existDependencyGenerateInDDl>
<parsed>true</parsed>
<columns itemClass="oracle.dbtools.crest.model.design.relational.Column">
<Column name="id_vehiculoNacionalidad" id="068C0959-F050-B066-A803-C91BE5A2F0CF">
<createdBy>H3C4</createdBy>
<createdTime>2022-06-22 05:09:00 UTC</createdTime>
<generatorID>17736C12-4746-E7F8-633E-B3D2BAF59A2F</generatorID>
<ownerDesignName>dbITBOY</ownerDesignName>
<useDomainConstraints>false</useDomainConstraints>
<use>1</use>
<logicalDatatype>LOGDT011</logicalDatatype>
<ownDataTypeParameters>,,</ownDataTypeParameters>
<autoIncrementCycle>false</autoIncrementCycle>
</Column>
<Column name="colombiano" id="F2AEC911-6EFD-3FD9-D34C-208BE53B63A7">
<createdBy>H3C4</createdBy>
<createdTime>2022-06-22 05:09:00 UTC</createdTime>
<generatorID>C203D0A9-9912-8314-17A4-80967DA3D6BF</generatorID>
<ownerDesignName>dbITBOY</ownerDesignName>
<nullsAllowed>true</nullsAllowed>
<useDomainConstraints>false</useDomainConstraints>
<use>1</use>
<logicalDatatype>LOGDT006</logicalDatatype>
<dataTypeSize>1 CHAR</dataTypeSize>
<ownDataTypeParameters>1 CHAR,,</ownDataTypeParameters>
<autoIncrementCycle>false</autoIncrementCycle>
</Column>
<Column name="extranjero" id="A2F5A5A1-4779-CA43-F29D-CEEDDC17723A">
<createdBy>H3C4</createdBy>
<createdTime>2022-06-22 05:09:00 UTC</createdTime>
<generatorID>BB1F12B3-902D-5EDE-3880-5B250236DF23</generatorID>
<ownerDesignName>dbITBOY</ownerDesignName>
<nullsAllowed>true</nullsAllowed>
<useDomainConstraints>false</useDomainConstraints>
<use>1</use>
<logicalDatatype>LOGDT006</logicalDatatype>
<dataTypeSize>1 CHAR</dataTypeSize>
<ownDataTypeParameters>1 CHAR,,</ownDataTypeParameters>
<autoIncrementCycle>false</autoIncrementCycle>
</Column>
<Column name="Vehiculo_Vehiculo_ID" id="8911174C-49C1-136D-1EF5-C3881CB868FA">
<createdBy>H3C4</createdBy>
<createdTime>2022-06-22 05:09:00 UTC</createdTime>
<ownerDesignName>dbITBOY</ownerDesignName>
<useDomainConstraints>false</useDomainConstraints>
<use>1</use>
<logicalDatatype>LOGDT019</logicalDatatype>
<ownDataTypeParameters>,,</ownDataTypeParameters>
<previousColumn>false</previousColumn>
<autoIncrementCycle>false</autoIncrementCycle>
<associations>
<colAssociation fkAssociation="3C7B3DFC-6558-AC7B-1B6F-6471C308E756" referredColumn="FF4068A6-507F-5E18-5636-E6EE2A447ACA"/>
</associations>
</Column>
</columns>
<indexes itemClass="oracle.dbtools.crest.model.design.relational.Index">
<ind_PK_UK id="60B5FA24-5153-C89D-F841-7969637125C5" name="nacionalidad_PK">
<createdBy>H3C4</createdBy>
<createdTime>2022-06-22 05:09:00 UTC</createdTime>
<generatorID>F5898672-865B-E0FE-46DF-7494D6A20151</generatorID>
<ownerDesignName>dbITBOY</ownerDesignName>
<pk>true</pk>
<indexState>Primary Constraint</indexState>
<isSurrogateKey>false</isSurrogateKey>
<indexColumnUsage>
<colUsage columnID="068C0959-F050-B066-A803-C91BE5A2F0CF"/>
</indexColumnUsage>
</ind_PK_UK>
<ind_PK_UK id="DA64EDD9-2DB6-1B4C-4ED5-D0F0FC792C5A" name="nacionalidad__IDX">
<createdBy>H3C4</createdBy>
<createdTime>2022-06-22 05:09:00 UTC</createdTime>
<ownerDesignName>dbITBOY</ownerDesignName>
<indexState>Unique Plain Index</indexState>
<isSurrogateKey>false</isSurrogateKey>
<relationGeneratorID>15D7D069-6522-C412-A545-356717ECE629</relationGeneratorID>
<indexColumnUsage>
<colUsage columnID="8911174C-49C1-136D-1EF5-C3881CB868FA"/>
</indexColumnUsage>
</ind_PK_UK>
<ind_PK_UK id="07C0D90B-5EA9-4839-01BE-EDE1F310095B" name="nacionalidad_Vehiculo_FK">
<createdBy>H3C4</createdBy>
<createdTime>2022-06-22 05:09:00 UTC</createdTime>
<generatorID>15D7D069-6522-C412-A545-356717ECE629</generatorID>
<ownerDesignName>dbITBOY</ownerDesignName>
<indexState>Foreign Key</indexState>
<isSurrogateKey>false</isSurrogateKey>
<indexColumnUsage>
<colUsage columnID="8911174C-49C1-136D-1EF5-C3881CB868FA"/>
</indexColumnUsage>
</ind_PK_UK>
</indexes>
</Table>