<?xml version = '1.0' encoding = 'UTF-8'?>
<Table class="oracle.dbtools.crest.model.design.relational.Table" directorySegmentName="seg_1" id="3CD6B69C-1B70-A830-651B-BBD6E2B20F2F" name="examen">
<createdBy>H3C4</createdBy>
<createdTime>2022-06-22 05:09:00 UTC</createdTime>
<generatorID>A191EA07-750B-1BE9-EF03-F3E9CF0DB74F</generatorID>
<ownerDesignName>dbITBOY</ownerDesignName>
<allowColumnReorder>false</allowColumnReorder>
<existDependencyGenerateInDDl>true</existDependencyGenerateInDDl>
<parsed>true</parsed>
<columns itemClass="oracle.dbtools.crest.model.design.relational.Column">
<Column name="id_conductorExamen" id="501D3C3E-5606-51D0-D6B6-D2E9E4136894">
<createdBy>H3C4</createdBy>
<createdTime>2022-06-22 05:09:00 UTC</createdTime>
<generatorID>079A447C-07F9-D100-2C0C-247EA958191C</generatorID>
<ownerDesignName>dbITBOY</ownerDesignName>
<useDomainConstraints>false</useDomainConstraints>
<use>1</use>
<logicalDatatype>LOGDT011</logicalDatatype>
<ownDataTypeParameters>,,</ownDataTypeParameters>
<autoIncrementCycle>false</autoIncrementCycle>
</Column>
<Column name="si" id="0A1B437C-1345-49DE-82E4-5DE24A52487B">
<createdBy>H3C4</createdBy>
<createdTime>2022-06-22 05:09:00 UTC</createdTime>
<generatorID>D5DEE5CA-BC23-513F-4733-B646D69CD6BA</generatorID>
<ownerDesignName>dbITBOY</ownerDesignName>
<nullsAllowed>true</nullsAllowed>
<useDomainConstraints>false</useDomainConstraints>
<use>1</use>
<logicalDatatype>LOGDT006</logicalDatatype>
<dataTypeSize>1 CHAR</dataTypeSize>
<ownDataTypeParameters>1 CHAR,,</ownDataTypeParameters>
<autoIncrementCycle>false</autoIncrementCycle>
</Column>
<Column name="no" id="6C7C2AEA-8F39-1035-636E-1D2D07C75EF2">
<createdBy>H3C4</createdBy>
<createdTime>2022-06-22 05:09:00 UTC</createdTime>
<generatorID>F13DB623-A00E-E923-52CE-84CC63A3E983</generatorID>
<ownerDesignName>dbITBOY</ownerDesignName>
<nullsAllowed>true</nullsAllowed>
<useDomainConstraints>false</useDomainConstraints>
<use>1</use>
<logicalDatatype>LOGDT006</logicalDatatype>
<dataTypeSize>1 CHAR</dataTypeSize>
<ownDataTypeParameters>1 CHAR,,</ownDataTypeParameters>
<autoIncrementCycle>false</autoIncrementCycle>
</Column>
<Column name="conductor_id_conductor" id="631FA7E1-25C4-ADAE-5777-95EBF9426057">
<createdBy>H3C4</createdBy>
<createdTime>2022-06-22 05:09:00 UTC</createdTime>
<generatorID>1C203031-D478-42E4-5841-ADA3F1C647B2</generatorID>
<ownerDesignName>dbITBOY</ownerDesignName>
<useDomainConstraints>false</useDomainConstraints>
<use>1</use>
<logicalDatatype>LOGDT011</logicalDatatype>
<ownDataTypeParameters>,,</ownDataTypeParameters>
<previousColumn>false</previousColumn>
<autoIncrementCycle>false</autoIncrementCycle>
<associations>
<colAssociation fkAssociation="DB2E365A-5616-94BB-7AE7-395D6DCB2066" referredColumn="C3B9B45C-ACAF-D2F5-E30C-E3BED5ECE705"/>
</associations>
</Column>
</columns>
<indexes itemClass="oracle.dbtools.crest.model.design.relational.Index">
<ind_PK_UK id="B58EF3F9-A9DE-24A8-5CA6-DB9FBA5DE37A" name="examen_PK">
<createdBy>H3C4</createdBy>
<createdTime>2022-06-22 05:09:00 UTC</createdTime>
<generatorID>F9297B58-4BB4-084F-E87D-0CD6DF4359E6</generatorID>
<ownerDesignName>dbITBOY</ownerDesignName>
<pk>true</pk>
<indexState>Primary Constraint</indexState>
<isSurrogateKey>false</isSurrogateKey>
<indexColumnUsage>
<colUsage columnID="501D3C3E-5606-51D0-D6B6-D2E9E4136894"/>
</indexColumnUsage>
</ind_PK_UK>
<ind_PK_UK id="AE58C2E7-4CE7-FC3F-1010-15CD44F0F938" name="examen__IDX">
<createdBy>H3C4</createdBy>
<createdTime>2022-06-22 05:09:00 UTC</createdTime>
<ownerDesignName>dbITBOY</ownerDesignName>
<indexState>Unique Plain Index</indexState>
<isSurrogateKey>false</isSurrogateKey>
<relationGeneratorID>BAE17E69-8599-1916-CA4B-D6D3E30FA459</relationGeneratorID>
<indexColumnUsage>
<colUsage columnID="631FA7E1-25C4-ADAE-5777-95EBF9426057"/>
</indexColumnUsage>
</ind_PK_UK>
<ind_PK_UK id="7B0B98F9-B48D-B968-1656-D35DE8C691B8" name="examen_conductor_FK">
<createdBy>H3C4</createdBy>
<createdTime>2022-06-22 05:09:00 UTC</createdTime>
<generatorID>BAE17E69-8599-1916-CA4B-D6D3E30FA459</generatorID>
<ownerDesignName>dbITBOY</ownerDesignName>
<indexState>Foreign Key</indexState>
<isSurrogateKey>false</isSurrogateKey>
<indexColumnUsage>
<colUsage columnID="631FA7E1-25C4-ADAE-5777-95EBF9426057"/>
</indexColumnUsage>
</ind_PK_UK>
</indexes>
</Table>