<?xml version = '1.0' encoding = 'UTF-8'?>
<Table class="oracle.dbtools.crest.model.design.relational.Table" directorySegmentName="seg_1" id="3EC5176D-1B1C-69E5-EF34-B0AAAC627017" name="examenAnexo1">
<createdBy>H3C4</createdBy>
<createdTime>2022-06-22 05:09:00 UTC</createdTime>
<generatorID>7A92B951-AEC5-56FF-8166-A4DD35B475CA</generatorID>
<ownerDesignName>dbITBOY</ownerDesignName>
<allowColumnReorder>false</allowColumnReorder>
<existDependencyGenerateInDDl>true</existDependencyGenerateInDDl>
<parsed>true</parsed>
<columns itemClass="oracle.dbtools.crest.model.design.relational.Column">
<Column name="id_conductorExamen" id="9E1600C8-3DE4-A64B-35EA-DB475D79F4F5">
<createdBy>H3C4</createdBy>
<createdTime>2022-06-22 05:09:00 UTC</createdTime>
<generatorID>589FF466-E116-0194-5748-94BBE553CFD2</generatorID>
<ownerDesignName>dbITBOY</ownerDesignName>
<useDomainConstraints>false</useDomainConstraints>
<use>1</use>
<logicalDatatype>LOGDT011</logicalDatatype>
<ownDataTypeParameters>,,</ownDataTypeParameters>
<autoIncrementCycle>false</autoIncrementCycle>
</Column>
<Column name="si" id="C81A20D9-1B70-06FB-CA6C-FD9B7EB50A2F">
<createdBy>H3C4</createdBy>
<createdTime>2022-06-22 05:09:00 UTC</createdTime>
<generatorID>7E73921B-C133-5EE1-2BBB-8926F715BB78</generatorID>
<ownerDesignName>dbITBOY</ownerDesignName>
<nullsAllowed>true</nullsAllowed>
<useDomainConstraints>false</useDomainConstraints>
<use>1</use>
<logicalDatatype>LOGDT006</logicalDatatype>
<dataTypeSize>1 CHAR</dataTypeSize>
<ownDataTypeParameters>1 CHAR,,</ownDataTypeParameters>
<autoIncrementCycle>false</autoIncrementCycle>
</Column>
<Column name="no" id="9D75C7DE-E7C2-0AA2-F385-AEA0EC15106F">
<createdBy>H3C4</createdBy>
<createdTime>2022-06-22 05:09:00 UTC</createdTime>
<generatorID>D8C00BFE-A68E-2F93-6BAA-C3DF167F6948</generatorID>
<ownerDesignName>dbITBOY</ownerDesignName>
<nullsAllowed>true</nullsAllowed>
<useDomainConstraints>false</useDomainConstraints>
<use>1</use>
<logicalDatatype>LOGDT006</logicalDatatype>
<dataTypeSize>1 CHAR</dataTypeSize>
<ownDataTypeParameters>1 CHAR,,</ownDataTypeParameters>
<autoIncrementCycle>false</autoIncrementCycle>
</Column>
<Column name="conductorAnexo1_id_conductor" id="CDDCF9E7-EDE2-408B-6EA7-9D8ED5EB913D">
<createdBy>H3C4</createdBy>
<createdTime>2022-06-22 05:09:00 UTC</createdTime>
<generatorID>A01BB10A-1D41-2E47-C466-039669582410</generatorID>
<ownerDesignName>dbITBOY</ownerDesignName>
<useDomainConstraints>false</useDomainConstraints>
<use>1</use>
<logicalDatatype>LOGDT011</logicalDatatype>
<ownDataTypeParameters>,,</ownDataTypeParameters>
<previousColumn>false</previousColumn>
<autoIncrementCycle>false</autoIncrementCycle>
<associations>
<colAssociation fkAssociation="7D742744-CBE7-2106-2619-5664DABC8928" referredColumn="E8088289-880C-930F-5E02-18B9D3E3DBCA"/>
</associations>
</Column>
</columns>
<indexes itemClass="oracle.dbtools.crest.model.design.relational.Index">
<ind_PK_UK id="A7F56E13-0647-6D7F-C286-066D9E71C6DD" name="examenAnexo1_PK">
<createdBy>H3C4</createdBy>
<createdTime>2022-06-22 05:09:00 UTC</createdTime>
<generatorID>A53A71C5-6AAD-9E8D-A73A-B4A2D8F17EA3</generatorID>
<ownerDesignName>dbITBOY</ownerDesignName>
<pk>true</pk>
<indexState>Primary Constraint</indexState>
<isSurrogateKey>false</isSurrogateKey>
<indexColumnUsage>
<colUsage columnID="9E1600C8-3DE4-A64B-35EA-DB475D79F4F5"/>
</indexColumnUsage>
</ind_PK_UK>
<ind_PK_UK id="9287D6AD-1DAC-6CE7-5CA2-D70BDFA110BA" name="examenAnexo1__IDX">
<createdBy>H3C4</createdBy>
<createdTime>2022-06-22 05:09:00 UTC</createdTime>
<ownerDesignName>dbITBOY</ownerDesignName>
<indexState>Unique Plain Index</indexState>
<isSurrogateKey>false</isSurrogateKey>
<relationGeneratorID>ADDB444B-95C1-CE9C-B07D-AFA4D7977AE5</relationGeneratorID>
<indexColumnUsage>
<colUsage columnID="CDDCF9E7-EDE2-408B-6EA7-9D8ED5EB913D"/>
</indexColumnUsage>
</ind_PK_UK>
<ind_PK_UK id="71BD2BA0-3702-6A22-D18C-39221C4D43F4" name="examenAnexo1_conductorAnexo1_FK">
<createdBy>H3C4</createdBy>
<createdTime>2022-06-22 05:09:00 UTC</createdTime>
<generatorID>ADDB444B-95C1-CE9C-B07D-AFA4D7977AE5</generatorID>
<ownerDesignName>dbITBOY</ownerDesignName>
<indexState>Foreign Key</indexState>
<isSurrogateKey>false</isSurrogateKey>
<indexColumnUsage>
<colUsage columnID="CDDCF9E7-EDE2-408B-6EA7-9D8ED5EB913D"/>
</indexColumnUsage>
</ind_PK_UK>
</indexes>
</Table>