<?xml version = '1.0' encoding = 'UTF-8'?>
<Table class="oracle.dbtools.crest.model.design.relational.Table" directorySegmentName="seg_1" id="4ECE15CC-07B3-A824-6FE3-3DA88A82F304" name="ConductoresVehiculosPropietariosAnexo1">
<createdBy>H3C4</createdBy>
<createdTime>2022-06-22 05:09:00 UTC</createdTime>
<generatorID>CB9905E1-508C-1836-406C-93E67E596CAF</generatorID>
<ownerDesignName>dbITBOY</ownerDesignName>
<allowColumnReorder>false</allowColumnReorder>
<existDependencyGenerateInDDl>true</existDependencyGenerateInDDl>
<parsed>true</parsed>
<columns itemClass="oracle.dbtools.crest.model.design.relational.Column">
<Column name="id_ConductoresVehiculosPropietarios" id="07CAB5DE-188C-D633-2F23-973C74368260">
<createdBy>H3C4</createdBy>
<createdTime>2022-06-22 05:09:00 UTC</createdTime>
<generatorID>B1075B04-2146-B71B-2E28-B171857226D3</generatorID>
<ownerDesignName>dbITBOY</ownerDesignName>
<useDomainConstraints>false</useDomainConstraints>
<use>1</use>
<logicalDatatype>LOGDT011</logicalDatatype>
<ownDataTypeParameters>,,</ownDataTypeParameters>
<autoIncrementCycle>false</autoIncrementCycle>
</Column>
<Column name="anexo1_id_anexo1" id="689571B7-D9A2-7EFE-D84F-26458AC3228B">
<createdBy>H3C4</createdBy>
<createdTime>2022-06-22 05:09:00 UTC</createdTime>
<generatorID>97FB4734-0114-F1E6-A6D8-C74FB3246886</generatorID>
<ownerDesignName>dbITBOY</ownerDesignName>
<useDomainConstraints>false</useDomainConstraints>
<use>1</use>
<logicalDatatype>LOGDT011</logicalDatatype>
<ownDataTypeParameters>,,</ownDataTypeParameters>
<previousColumn>false</previousColumn>
<autoIncrementCycle>false</autoIncrementCycle>
<associations>
<colAssociation fkAssociation="D0A79B96-70C9-9E13-BE8F-D5BBD1BFA77B" referredColumn="3EC8ABB7-0141-B8A9-EF08-626529E4A22D"/>
</associations>
</Column>
<Column name="anexo1_id_casoAccidente" id="A8E1A7DD-14BE-AEF5-9714-2826BD0A9DFD">
<createdBy>H3C4</createdBy>
<createdTime>2022-06-22 05:09:00 UTC</createdTime>
<generatorID>AD3CADE8-B2B3-206C-F82A-223A1822660F</generatorID>
<ownerDesignName>dbITBOY</ownerDesignName>
<useDomainConstraints>false</useDomainConstraints>
<use>1</use>
<logicalDatatype>LOGDT019</logicalDatatype>
<ownDataTypeParameters>,,</ownDataTypeParameters>
<previousColumn>false</previousColumn>
<autoIncrementCycle>false</autoIncrementCycle>
<associations>
<colAssociation fkAssociation="D0A79B96-70C9-9E13-BE8F-D5BBD1BFA77B" referredColumn="79D0171A-2EE0-E4DF-E97D-44EE66CA80FA"/>
</associations>
</Column>
</columns>
<indexes itemClass="oracle.dbtools.crest.model.design.relational.Index">
<ind_PK_UK id="36EFA1D2-C93F-9E26-4A45-792C6F3710C9" name="ConductoresVehiculosPropietariosAnexo1_PK">
<createdBy>H3C4</createdBy>
<createdTime>2022-06-22 05:09:00 UTC</createdTime>
<generatorID>BFA9E287-405D-19F4-D2EE-E31E5EF13D12</generatorID>
<ownerDesignName>dbITBOY</ownerDesignName>
<pk>true</pk>
<indexState>Primary Constraint</indexState>
<isSurrogateKey>false</isSurrogateKey>
<indexColumnUsage>
<colUsage columnID="07CAB5DE-188C-D633-2F23-973C74368260"/>
</indexColumnUsage>
</ind_PK_UK>
<ind_PK_UK id="8744FE6D-C784-2199-D2CC-33AC6A12BBA6" name="ConductoresVehiculosPropietariosAnexo1__IDX">
<createdBy>H3C4</createdBy>
<createdTime>2022-06-22 05:09:00 UTC</createdTime>
<ownerDesignName>dbITBOY</ownerDesignName>
<indexState>Unique Plain Index</indexState>
<isSurrogateKey>false</isSurrogateKey>
<relationGeneratorID>7F92712C-E714-084C-F02A-1129A615486D</relationGeneratorID>
<indexColumnUsage>
<colUsage columnID="689571B7-D9A2-7EFE-D84F-26458AC3228B"/>
<colUsage columnID="A8E1A7DD-14BE-AEF5-9714-2826BD0A9DFD"/>
</indexColumnUsage>
</ind_PK_UK>
<ind_PK_UK id="A17ECB3C-C5CD-D185-CAC7-64A2958E956E" name="ConductoresVehiculosPropietariosAnexo1_anexo1_FK">
<createdBy>H3C4</createdBy>
<createdTime>2022-06-22 05:09:00 UTC</createdTime>
<generatorID>7F92712C-E714-084C-F02A-1129A615486D</generatorID>
<ownerDesignName>dbITBOY</ownerDesignName>
<indexState>Foreign Key</indexState>
<isSurrogateKey>false</isSurrogateKey>
<indexColumnUsage>
<colUsage columnID="689571B7-D9A2-7EFE-D84F-26458AC3228B"/>
<colUsage columnID="A8E1A7DD-14BE-AEF5-9714-2826BD0A9DFD"/>
</indexColumnUsage>
</ind_PK_UK>
</indexes>
</Table>