<?xml version = '1.0' encoding = 'UTF-8'?>
<Table class="oracle.dbtools.crest.model.design.relational.Table" directorySegmentName="seg_1" id="50C5E0ED-BD5A-80C7-D1CD-0D4DDEDA1571" name="carriles">
<createdBy>H3C4</createdBy>
<createdTime>2022-06-22 05:09:00 UTC</createdTime>
<generatorID>F904DAEB-3CA4-9CD9-D9DF-D855FABE8692</generatorID>
<ownerDesignName>dbITBOY</ownerDesignName>
<allowColumnReorder>false</allowColumnReorder>
<existDependencyGenerateInDDl>true</existDependencyGenerateInDDl>
<parsed>true</parsed>
<columns itemClass="oracle.dbtools.crest.model.design.relational.Column">
<Column name="id_carriles" id="B5125DE2-2F3C-7122-B3A9-7B68264D1158">
<createdBy>H3C4</createdBy>
<createdTime>2022-06-22 05:09:00 UTC</createdTime>
<generatorID>67F00D3C-A0D6-732D-DFD0-74DB52C4492D</generatorID>
<ownerDesignName>dbITBOY</ownerDesignName>
<useDomainConstraints>false</useDomainConstraints>
<use>1</use>
<logicalDatatype>LOGDT011</logicalDatatype>
<ownDataTypeParameters>,,</ownDataTypeParameters>
<autoIncrementCycle>false</autoIncrementCycle>
</Column>
<Column name="un" id="AC97518D-FD45-3044-1D51-FD3F30239451">
<createdBy>H3C4</createdBy>
<createdTime>2022-06-22 05:09:00 UTC</createdTime>
<generatorID>5394E1AF-2C39-EFAD-8648-3DC1692AA306</generatorID>
<ownerDesignName>dbITBOY</ownerDesignName>
<nullsAllowed>true</nullsAllowed>
<useDomainConstraints>false</useDomainConstraints>
<use>1</use>
<logicalDatatype>LOGDT006</logicalDatatype>
<dataTypeSize>1 CHAR</dataTypeSize>
<ownDataTypeParameters>1 CHAR,,</ownDataTypeParameters>
<autoIncrementCycle>false</autoIncrementCycle>
</Column>
<Column name="dos" id="98FC9669-0B0D-5704-4D31-99293F2017F3">
<createdBy>H3C4</createdBy>
<createdTime>2022-06-22 05:09:00 UTC</createdTime>
<generatorID>56FB032B-0CB7-B229-71CD-8D060A7ED84C</generatorID>
<ownerDesignName>dbITBOY</ownerDesignName>
<nullsAllowed>true</nullsAllowed>
<useDomainConstraints>false</useDomainConstraints>
<use>1</use>
<logicalDatatype>LOGDT006</logicalDatatype>
<dataTypeSize>1 CHAR</dataTypeSize>
<ownDataTypeParameters>1 CHAR,,</ownDataTypeParameters>
<autoIncrementCycle>false</autoIncrementCycle>
</Column>
<Column name="tresMas" id="F8759FCD-D113-DC75-E7C6-7648BBA87526">
<createdBy>H3C4</createdBy>
<createdTime>2022-06-22 05:09:00 UTC</createdTime>
<generatorID>1DEA051A-C966-9755-6910-591F9181EB75</generatorID>
<ownerDesignName>dbITBOY</ownerDesignName>
<nullsAllowed>true</nullsAllowed>
<useDomainConstraints>false</useDomainConstraints>
<use>1</use>
<logicalDatatype>LOGDT006</logicalDatatype>
<dataTypeSize>1 CHAR</dataTypeSize>
<ownDataTypeParameters>1 CHAR,,</ownDataTypeParameters>
<autoIncrementCycle>false</autoIncrementCycle>
</Column>
<Column name="variable" id="A3F55991-3D23-3BE4-66EB-90AA2273C91D">
<createdBy>H3C4</createdBy>
<createdTime>2022-06-22 05:09:00 UTC</createdTime>
<generatorID>D42ECA8A-6031-507B-CF60-12ED810B0D17</generatorID>
<ownerDesignName>dbITBOY</ownerDesignName>
<nullsAllowed>true</nullsAllowed>
<useDomainConstraints>false</useDomainConstraints>
<use>1</use>
<logicalDatatype>LOGDT006</logicalDatatype>
<dataTypeSize>1 CHAR</dataTypeSize>
<ownDataTypeParameters>1 CHAR,,</ownDataTypeParameters>
<autoIncrementCycle>false</autoIncrementCycle>
</Column>
<Column name="via1_id_caracVia1" id="0306B5A6-D817-5637-371F-2FD08523A63E">
<createdBy>H3C4</createdBy>
<createdTime>2022-06-22 05:09:00 UTC</createdTime>
<generatorID>A1077873-2F3F-D624-D808-6676FBE75052</generatorID>
<ownerDesignName>dbITBOY</ownerDesignName>
<use>0</use>
<ownDataTypeParameters>,,</ownDataTypeParameters>
<previousColumn>false</previousColumn>
<autoIncrementCycle>false</autoIncrementCycle>
<associations>
<colAssociation fkAssociation="8ABD713F-6773-2F58-D43A-F354CB9A4270" referredColumn="70239ED3-3EB6-4B06-199E-C3DF3FA9F02C"/>
</associations>
</Column>
<Column name="via2_id_caracVia2" id="40322EDB-DBAC-AF24-8868-ACD3479F4B52">
<createdBy>H3C4</createdBy>
<createdTime>2022-06-22 05:09:00 UTC</createdTime>
<generatorID>CF7CE572-A551-72D4-1309-4F677BAE2A39</generatorID>
<ownerDesignName>dbITBOY</ownerDesignName>
<useDomainConstraints>false</useDomainConstraints>
<use>1</use>
<logicalDatatype>LOGDT011</logicalDatatype>
<ownDataTypeParameters>,,</ownDataTypeParameters>
<previousColumn>false</previousColumn>
<autoIncrementCycle>false</autoIncrementCycle>
<associations>
<colAssociation fkAssociation="7E4EE806-7E2E-C784-254B-C4FE1824A075" referredColumn="760E4E4C-6519-2CF0-BBC1-92E3D3AD08FB"/>
</associations>
</Column>
</columns>
<indexes itemClass="oracle.dbtools.crest.model.design.relational.Index">
<ind_PK_UK id="F77989A1-3251-1A79-8249-3DB14ACD1C82" name="carriles_PK">
<createdBy>H3C4</createdBy>
<createdTime>2022-06-22 05:09:00 UTC</createdTime>
<generatorID>E854AFE0-0C0C-CC22-9F77-2A3F8B8CEEAA</generatorID>
<ownerDesignName>dbITBOY</ownerDesignName>
<pk>true</pk>
<indexState>Primary Constraint</indexState>
<isSurrogateKey>false</isSurrogateKey>
<indexColumnUsage>
<colUsage columnID="B5125DE2-2F3C-7122-B3A9-7B68264D1158"/>
</indexColumnUsage>
</ind_PK_UK>
<ind_PK_UK id="A8CA29FF-F73A-1176-B252-2C155AA2E7BB" name="carriles__IDX">
<createdBy>H3C4</createdBy>
<createdTime>2022-06-22 05:09:00 UTC</createdTime>
<ownerDesignName>dbITBOY</ownerDesignName>
<indexState>Unique Plain Index</indexState>
<isSurrogateKey>false</isSurrogateKey>
<relationGeneratorID>8BA9CBD6-CCB9-1BAC-0586-59A175EAC4B5</relationGeneratorID>
<indexColumnUsage>
<colUsage columnID="0306B5A6-D817-5637-371F-2FD08523A63E"/>
</indexColumnUsage>
</ind_PK_UK>
<ind_PK_UK id="5E8FB495-2FF5-DCB9-6D04-54CA16DF1510" name="carriles__IDXv1">
<createdBy>H3C4</createdBy>
<createdTime>2022-06-22 05:09:00 UTC</createdTime>
<ownerDesignName>dbITBOY</ownerDesignName>
<indexState>Unique Plain Index</indexState>
<isSurrogateKey>false</isSurrogateKey>
<relationGeneratorID>8C43CB8A-7E4B-D9EA-0E35-97CA5B3B188C</relationGeneratorID>
<indexColumnUsage>
<colUsage columnID="40322EDB-DBAC-AF24-8868-ACD3479F4B52"/>
</indexColumnUsage>
</ind_PK_UK>
<ind_PK_UK id="14D09821-EFF0-663F-F76D-7D260BFEFF7D" name="carriles_via1_FK">
<createdBy>H3C4</createdBy>
<createdTime>2022-06-22 05:09:00 UTC</createdTime>
<generatorID>8BA9CBD6-CCB9-1BAC-0586-59A175EAC4B5</generatorID>
<ownerDesignName>dbITBOY</ownerDesignName>
<indexState>Foreign Key</indexState>
<isSurrogateKey>false</isSurrogateKey>
<indexColumnUsage>
<colUsage columnID="0306B5A6-D817-5637-371F-2FD08523A63E"/>
</indexColumnUsage>
</ind_PK_UK>
<ind_PK_UK id="889819AB-2973-D13F-35DA-765B8C139AC8" name="carriles_via2_FK">
<createdBy>H3C4</createdBy>
<createdTime>2022-06-22 05:09:00 UTC</createdTime>
<generatorID>8C43CB8A-7E4B-D9EA-0E35-97CA5B3B188C</generatorID>
<ownerDesignName>dbITBOY</ownerDesignName>
<indexState>Foreign Key</indexState>
<isSurrogateKey>false</isSurrogateKey>
<indexColumnUsage>
<colUsage columnID="40322EDB-DBAC-AF24-8868-ACD3479F4B52"/>
</indexColumnUsage>
</ind_PK_UK>
</indexes>
</Table>