<?xml version = '1.0' encoding = 'UTF-8'?>
<Table class="oracle.dbtools.crest.model.design.relational.Table" directorySegmentName="seg_1" id="513BE12B-4EBA-FD02-BD20-753D812F31D0" name="anexo2">
<createdBy>H3C4</createdBy>
<createdTime>2022-06-22 05:09:00 UTC</createdTime>
<generatorID>BA284C53-6416-FF26-F64E-AFE1410D33D9</generatorID>
<ownerDesignName>dbITBOY</ownerDesignName>
<allowColumnReorder>false</allowColumnReorder>
<existDependencyGenerateInDDl>true</existDependencyGenerateInDDl>
<parsed>true</parsed>
<columns itemClass="oracle.dbtools.crest.model.design.relational.Column">
<Column name="id_anexo2" id="A2753F7F-0FA4-326F-2D51-08382257F357">
<createdBy>H3C4</createdBy>
<createdTime>2022-06-22 05:09:00 UTC</createdTime>
<generatorID>E69A7C93-19ED-C12A-56EC-33CCD81DAA64</generatorID>
<ownerDesignName>dbITBOY</ownerDesignName>
<useDomainConstraints>false</useDomainConstraints>
<use>1</use>
<logicalDatatype>LOGDT011</logicalDatatype>
<ownDataTypeParameters>,,</ownDataTypeParameters>
<autoIncrementCycle>false</autoIncrementCycle>
</Column>
<Column name="informeAccidente" id="C6C27E9F-B6EB-A800-D04D-FDB3C7353717">
<createdBy>H3C4</createdBy>
<createdTime>2022-06-22 05:09:00 UTC</createdTime>
<generatorID>4CF2861F-7987-455C-6212-D106E083F9DE</generatorID>
<ownerDesignName>dbITBOY</ownerDesignName>
<nullsAllowed>true</nullsAllowed>
<useDomainConstraints>false</useDomainConstraints>
<use>1</use>
<logicalDatatype>LOGDT011</logicalDatatype>
<ownDataTypeParameters>,,</ownDataTypeParameters>
<autoIncrementCycle>false</autoIncrementCycle>
</Column>
<Column name="ITBOY_id_casoAccidente" id="2835EF57-5E9E-5391-4DDB-202D14E3F97B">
<createdBy>H3C4</createdBy>
<createdTime>2022-06-22 05:09:00 UTC</createdTime>
<generatorID>57BB8D3A-748D-0BD6-8D03-8D5F7E32422F</generatorID>
<ownerDesignName>dbITBOY</ownerDesignName>
<useDomainConstraints>false</useDomainConstraints>
<use>1</use>
<logicalDatatype>LOGDT019</logicalDatatype>
<ownDataTypeParameters>,,</ownDataTypeParameters>
<previousColumn>false</previousColumn>
<autoIncrementCycle>false</autoIncrementCycle>
<associations>
<colAssociation fkAssociation="F472F3F2-99A3-2713-CCE5-B3E1E661E2CD" referredColumn="BBF05A64-6161-A87C-ACAC-4363270C97AB"/>
</associations>
</Column>
</columns>
<indexes itemClass="oracle.dbtools.crest.model.design.relational.Index">
<ind_PK_UK id="743963A5-BF4F-4F40-E43F-940ABD954E1F" name="anexo2_PK">
<createdBy>H3C4</createdBy>
<createdTime>2022-06-22 05:09:00 UTC</createdTime>
<generatorID>81015C91-9F1A-88CB-6AF8-8458BA2AC9D4</generatorID>
<ownerDesignName>dbITBOY</ownerDesignName>
<pk>true</pk>
<indexState>Primary Constraint</indexState>
<isSurrogateKey>false</isSurrogateKey>
<indexColumnUsage>
<colUsage columnID="A2753F7F-0FA4-326F-2D51-08382257F357"/>
<colUsage columnID="2835EF57-5E9E-5391-4DDB-202D14E3F97B"/>
</indexColumnUsage>
</ind_PK_UK>
<ind_PK_UK id="60BD1D7E-7283-83EB-12D2-03E7EB39C209" name="anexo2_ITBOY_FK">
<createdBy>H3C4</createdBy>
<createdTime>2022-06-22 05:09:00 UTC</createdTime>
<generatorID>B954508D-4909-9AC2-BBD4-BFF9DD7531D6</generatorID>
<ownerDesignName>dbITBOY</ownerDesignName>
<indexState>Foreign Key</indexState>
<isSurrogateKey>false</isSurrogateKey>
<indexColumnUsage>
<colUsage columnID="2835EF57-5E9E-5391-4DDB-202D14E3F97B"/>
</indexColumnUsage>
</ind_PK_UK>
</indexes>
</Table>