<?xml version = '1.0' encoding = 'UTF-8'?>
<Table class="oracle.dbtools.crest.model.design.relational.Table" directorySegmentName="seg_1" id="53018CAA-A5E7-B045-0923-D7D07B10D723" name="longHuellas">
<createdBy>H3C4</createdBy>
<createdTime>2022-06-22 05:09:00 UTC</createdTime>
<generatorID>F5B736D8-422A-F908-A634-B24E7AF8650F</generatorID>
<ownerDesignName>dbITBOY</ownerDesignName>
<allowColumnReorder>false</allowColumnReorder>
<existDependencyGenerateInDDl>true</existDependencyGenerateInDDl>
<parsed>true</parsed>
<columns itemClass="oracle.dbtools.crest.model.design.relational.Column">
<Column name="id_longHuellas" id="64ACE5AB-6C63-F6CB-12AF-8F0A333ABB85">
<createdBy>H3C4</createdBy>
<createdTime>2022-06-22 05:09:00 UTC</createdTime>
<generatorID>4618F866-5B9D-C653-07F8-50ED6D79F878</generatorID>
<ownerDesignName>dbITBOY</ownerDesignName>
<useDomainConstraints>false</useDomainConstraints>
<use>1</use>
<logicalDatatype>LOGDT011</logicalDatatype>
<ownDataTypeParameters>,,</ownDataTypeParameters>
<autoIncrementCycle>false</autoIncrementCycle>
</Column>
<Column name="numero" id="35F4C985-6B25-73EC-A4A9-767471AF22B9">
<createdBy>H3C4</createdBy>
<createdTime>2022-06-22 05:09:00 UTC</createdTime>
<generatorID>F79C03D6-FA46-9E3D-920C-ED19DBD45C8C</generatorID>
<ownerDesignName>dbITBOY</ownerDesignName>
<nullsAllowed>true</nullsAllowed>
<useDomainConstraints>false</useDomainConstraints>
<use>1</use>
<logicalDatatype>LOGDT011</logicalDatatype>
<ownDataTypeParameters>,,</ownDataTypeParameters>
<autoIncrementCycle>false</autoIncrementCycle>
</Column>
<Column name="metros" id="38002813-F25B-0EC4-8740-31F57C7FF9F5">
<createdBy>H3C4</createdBy>
<createdTime>2022-06-22 05:09:00 UTC</createdTime>
<generatorID>8F575599-889F-EFA1-B979-E2FBDA768C89</generatorID>
<ownerDesignName>dbITBOY</ownerDesignName>
<nullsAllowed>true</nullsAllowed>
<useDomainConstraints>false</useDomainConstraints>
<use>1</use>
<logicalDatatype>LOGDT020</logicalDatatype>
<ownDataTypeParameters>,,</ownDataTypeParameters>
<autoIncrementCycle>false</autoIncrementCycle>
</Column>
<Column name="cm" id="6FE77C60-5AFB-0169-A8A6-04B75DFF2FBB">
<createdBy>H3C4</createdBy>
<createdTime>2022-06-22 05:09:00 UTC</createdTime>
<generatorID>14D5901A-0DB7-907B-B337-366ED9A686D1</generatorID>
<ownerDesignName>dbITBOY</ownerDesignName>
<nullsAllowed>true</nullsAllowed>
<useDomainConstraints>false</useDomainConstraints>
<use>1</use>
<logicalDatatype>LOGDT020</logicalDatatype>
<ownDataTypeParameters>,,</ownDataTypeParameters>
<autoIncrementCycle>false</autoIncrementCycle>
</Column>
<Column name="tipoHuella" id="C8AF4159-603F-2002-E96F-9C24A7A8466A">
<createdBy>H3C4</createdBy>
<createdTime>2022-06-22 05:09:00 UTC</createdTime>
<generatorID>D37B5977-A615-34A9-AB80-1C726C0E1238</generatorID>
<ownerDesignName>dbITBOY</ownerDesignName>
<nullsAllowed>true</nullsAllowed>
<useDomainConstraints>false</useDomainConstraints>
<use>1</use>
<logicalDatatype>LOGDT024</logicalDatatype>
<dataTypeSize>255 CHAR</dataTypeSize>
<ownDataTypeParameters>255 CHAR,,</ownDataTypeParameters>
<autoIncrementCycle>false</autoIncrementCycle>
</Column>
<Column name="croquis_id_croquis" id="0CBEE9D3-E79B-4BB3-126C-25195EBD7E12">
<createdBy>H3C4</createdBy>
<createdTime>2022-06-22 05:09:00 UTC</createdTime>
<generatorID>AD433CB7-64E5-B1C5-93DD-A037CE113E1D</generatorID>
<ownerDesignName>dbITBOY</ownerDesignName>
<useDomainConstraints>false</useDomainConstraints>
<use>1</use>
<logicalDatatype>LOGDT011</logicalDatatype>
<ownDataTypeParameters>,,</ownDataTypeParameters>
<previousColumn>false</previousColumn>
<autoIncrementCycle>false</autoIncrementCycle>
<associations>
<colAssociation fkAssociation="C5CC989F-1B9F-8A66-D033-70A03B9F2B50" referredColumn="B9D8BE57-6E4D-4B56-611C-4BA4E344666D"/>
</associations>
</Column>
<Column name="croquis_id_casoAccidente" id="4C0BF1C5-358F-1A2A-A294-B50C587F2654">
<createdBy>H3C4</createdBy>
<createdTime>2022-06-22 05:09:00 UTC</createdTime>
<generatorID>9A7B091A-B08B-DECC-4B16-DA293A9D94BD</generatorID>
<ownerDesignName>dbITBOY</ownerDesignName>
<useDomainConstraints>false</useDomainConstraints>
<use>1</use>
<logicalDatatype>LOGDT019</logicalDatatype>
<ownDataTypeParameters>,,</ownDataTypeParameters>
<previousColumn>false</previousColumn>
<autoIncrementCycle>false</autoIncrementCycle>
<associations>
<colAssociation fkAssociation="C5CC989F-1B9F-8A66-D033-70A03B9F2B50" referredColumn="FCF81A68-CB87-388D-ED4F-C5BE2DA5CB2C"/>
</associations>
</Column>
</columns>
<indexes itemClass="oracle.dbtools.crest.model.design.relational.Index">
<ind_PK_UK id="BE23B95D-8BB1-0E11-14AF-51496DD98B77" name="longHuellas_PK">
<createdBy>H3C4</createdBy>
<createdTime>2022-06-22 05:09:00 UTC</createdTime>
<generatorID>05A02E6A-6E58-1378-561B-3C24A01D8FB5</generatorID>
<ownerDesignName>dbITBOY</ownerDesignName>
<pk>true</pk>
<indexState>Primary Constraint</indexState>
<isSurrogateKey>false</isSurrogateKey>
<indexColumnUsage>
<colUsage columnID="64ACE5AB-6C63-F6CB-12AF-8F0A333ABB85"/>
</indexColumnUsage>
</ind_PK_UK>
<ind_PK_UK id="23A0D6C5-4AE4-FC19-1610-C0E9CEFAA5C7" name="longHuellas__IDX">
<createdBy>H3C4</createdBy>
<createdTime>2022-06-22 05:09:00 UTC</createdTime>
<ownerDesignName>dbITBOY</ownerDesignName>
<indexState>Unique Plain Index</indexState>
<isSurrogateKey>false</isSurrogateKey>
<relationGeneratorID>795936C7-0C57-FF0F-916A-37D586EB89EB</relationGeneratorID>
<indexColumnUsage>
<colUsage columnID="0CBEE9D3-E79B-4BB3-126C-25195EBD7E12"/>
<colUsage columnID="4C0BF1C5-358F-1A2A-A294-B50C587F2654"/>
</indexColumnUsage>
</ind_PK_UK>
<ind_PK_UK id="DC480312-1C19-40C6-7D7D-3E701BA36377" name="longHuellas_croquis_FK">
<createdBy>H3C4</createdBy>
<createdTime>2022-06-22 05:09:00 UTC</createdTime>
<generatorID>795936C7-0C57-FF0F-916A-37D586EB89EB</generatorID>
<ownerDesignName>dbITBOY</ownerDesignName>
<indexState>Foreign Key</indexState>
<isSurrogateKey>false</isSurrogateKey>
<indexColumnUsage>
<colUsage columnID="0CBEE9D3-E79B-4BB3-126C-25195EBD7E12"/>
<colUsage columnID="4C0BF1C5-358F-1A2A-A294-B50C587F2654"/>
</indexColumnUsage>
</ind_PK_UK>
</indexes>
</Table>