<?xml version = '1.0' encoding = 'UTF-8'?>
<Table class="oracle.dbtools.crest.model.design.relational.Table" directorySegmentName="seg_1" id="6D92CEBC-AA1F-E199-7942-ECD93D6A5E01" name="controlesTransito">
<createdBy>H3C4</createdBy>
<createdTime>2022-06-22 05:09:00 UTC</createdTime>
<generatorID>8DE00B5C-7582-510E-2302-64F0F99241B4</generatorID>
<ownerDesignName>dbITBOY</ownerDesignName>
<allowColumnReorder>false</allowColumnReorder>
<existDependencyGenerateInDDl>true</existDependencyGenerateInDDl>
<parsed>true</parsed>
<columns itemClass="oracle.dbtools.crest.model.design.relational.Column">
<Column name="id_controlesTransito" id="BE078BD5-19F4-FA2A-C726-D4AC3E8C2F39">
<createdBy>H3C4</createdBy>
<createdTime>2022-06-22 05:09:00 UTC</createdTime>
<generatorID>7BD490DD-10F1-80F3-DA78-63B286CA1E7F</generatorID>
<ownerDesignName>dbITBOY</ownerDesignName>
<useDomainConstraints>false</useDomainConstraints>
<use>1</use>
<logicalDatatype>LOGDT011</logicalDatatype>
<ownDataTypeParameters>,,</ownDataTypeParameters>
<autoIncrementCycle>false</autoIncrementCycle>
</Column>
<Column name="via1_id_caracVia1" id="444BA16D-D570-F978-4155-950280DF34DC">
<createdBy>H3C4</createdBy>
<createdTime>2022-06-22 05:09:00 UTC</createdTime>
<generatorID>50CEE8CB-20F9-A69F-320E-03158D35D4C6</generatorID>
<ownerDesignName>dbITBOY</ownerDesignName>
<use>0</use>
<ownDataTypeParameters>,,</ownDataTypeParameters>
<previousColumn>false</previousColumn>
<autoIncrementCycle>false</autoIncrementCycle>
<associations>
<colAssociation fkAssociation="B1C88BFF-250B-E436-1D9B-2F2C1451D7F1" referredColumn="70239ED3-3EB6-4B06-199E-C3DF3FA9F02C"/>
</associations>
</Column>
<Column name="via2_id_caracVia2" id="2979E2B7-C98E-AAF7-43B9-6FAB661ED711">
<createdBy>H3C4</createdBy>
<createdTime>2022-06-22 05:09:00 UTC</createdTime>
<generatorID>EAC3B1DE-8911-FEFE-B12D-589A7D94ED86</generatorID>
<ownerDesignName>dbITBOY</ownerDesignName>
<useDomainConstraints>false</useDomainConstraints>
<use>1</use>
<logicalDatatype>LOGDT011</logicalDatatype>
<ownDataTypeParameters>,,</ownDataTypeParameters>
<previousColumn>false</previousColumn>
<autoIncrementCycle>false</autoIncrementCycle>
<associations>
<colAssociation fkAssociation="B86A781F-30E5-812C-D32A-A0341B419D16" referredColumn="760E4E4C-6519-2CF0-BBC1-92E3D3AD08FB"/>
</associations>
</Column>
</columns>
<indexes itemClass="oracle.dbtools.crest.model.design.relational.Index">
<ind_PK_UK id="D309FF48-F5B1-58EF-225D-09735CCC2D2B" name="controlesTransito_PK">
<createdBy>H3C4</createdBy>
<createdTime>2022-06-22 05:09:00 UTC</createdTime>
<generatorID>C547EE8B-1F31-973E-3633-F7550B200A1E</generatorID>
<ownerDesignName>dbITBOY</ownerDesignName>
<pk>true</pk>
<indexState>Primary Constraint</indexState>
<isSurrogateKey>false</isSurrogateKey>
<indexColumnUsage>
<colUsage columnID="BE078BD5-19F4-FA2A-C726-D4AC3E8C2F39"/>
</indexColumnUsage>
</ind_PK_UK>
<ind_PK_UK id="A349F8C5-D7BC-FC61-0481-DCD684623599" name="controlesTransito__IDX">
<createdBy>H3C4</createdBy>
<createdTime>2022-06-22 05:09:00 UTC</createdTime>
<ownerDesignName>dbITBOY</ownerDesignName>
<indexState>Unique Plain Index</indexState>
<isSurrogateKey>false</isSurrogateKey>
<relationGeneratorID>8D449D99-52E5-E0C5-7D5E-3A86E5D18D7C</relationGeneratorID>
<indexColumnUsage>
<colUsage columnID="444BA16D-D570-F978-4155-950280DF34DC"/>
</indexColumnUsage>
</ind_PK_UK>
<ind_PK_UK id="10929875-7800-0539-CE02-719226D36C7B" name="controlesTransito__IDXv1">
<createdBy>H3C4</createdBy>
<createdTime>2022-06-22 05:09:00 UTC</createdTime>
<ownerDesignName>dbITBOY</ownerDesignName>
<indexState>Unique Plain Index</indexState>
<isSurrogateKey>false</isSurrogateKey>
<relationGeneratorID>B4F56F91-A959-97A6-7ED2-8FA01C5CFF3A</relationGeneratorID>
<indexColumnUsage>
<colUsage columnID="2979E2B7-C98E-AAF7-43B9-6FAB661ED711"/>
</indexColumnUsage>
</ind_PK_UK>
<ind_PK_UK id="0036F5A7-7735-5C16-5E5E-88D1A2B58AEB" name="controlesTransito_via1_FK">
<createdBy>H3C4</createdBy>
<createdTime>2022-06-22 05:09:00 UTC</createdTime>
<generatorID>8D449D99-52E5-E0C5-7D5E-3A86E5D18D7C</generatorID>
<ownerDesignName>dbITBOY</ownerDesignName>
<indexState>Foreign Key</indexState>
<isSurrogateKey>false</isSurrogateKey>
<indexColumnUsage>
<colUsage columnID="444BA16D-D570-F978-4155-950280DF34DC"/>
</indexColumnUsage>
</ind_PK_UK>
<ind_PK_UK id="9C295933-04BF-69E2-FF9F-880BC74B71AC" name="controlesTransito_via2_FK">
<createdBy>H3C4</createdBy>
<createdTime>2022-06-22 05:09:00 UTC</createdTime>
<generatorID>B4F56F91-A959-97A6-7ED2-8FA01C5CFF3A</generatorID>
<ownerDesignName>dbITBOY</ownerDesignName>
<indexState>Foreign Key</indexState>
<isSurrogateKey>false</isSurrogateKey>
<indexColumnUsage>
<colUsage columnID="2979E2B7-C98E-AAF7-43B9-6FAB661ED711"/>
</indexColumnUsage>
</ind_PK_UK>
</indexes>
</Table>