<?xml version = '1.0' encoding = 'UTF-8'?>
<Table class="oracle.dbtools.crest.model.design.relational.Table" directorySegmentName="seg_1" id="76EB3FDD-6806-6238-052B-11931B704CBC" name="ConductoresVehiculosPropietarios">
<createdBy>H3C4</createdBy>
<createdTime>2022-06-22 05:09:00 UTC</createdTime>
<generatorID>796E71BA-75B0-5625-0057-6422D2F210DD</generatorID>
<ownerDesignName>dbITBOY</ownerDesignName>
<allowColumnReorder>false</allowColumnReorder>
<existDependencyGenerateInDDl>true</existDependencyGenerateInDDl>
<parsed>true</parsed>
<columns itemClass="oracle.dbtools.crest.model.design.relational.Column">
<Column name="id_ConductoresVehiculosPropietarios" id="71099396-DD0D-2975-5BBF-221D6DD78284">
<createdBy>H3C4</createdBy>
<createdTime>2022-06-22 05:09:00 UTC</createdTime>
<generatorID>4F0A0AB2-1FF7-2BEF-7914-62D5667022AB</generatorID>
<ownerDesignName>dbITBOY</ownerDesignName>
<useDomainConstraints>false</useDomainConstraints>
<use>1</use>
<logicalDatatype>LOGDT011</logicalDatatype>
<ownDataTypeParameters>,,</ownDataTypeParameters>
<autoIncrementCycle>false</autoIncrementCycle>
</Column>
<Column name="informePolicial_id_informe" id="EB239A28-E419-D709-102C-FF7B31CD1A99">
<createdBy>H3C4</createdBy>
<createdTime>2022-06-22 05:09:00 UTC</createdTime>
<generatorID>7A6596AC-BBA9-1D97-9D98-092FBBBA7448</generatorID>
<ownerDesignName>dbITBOY</ownerDesignName>
<useDomainConstraints>false</useDomainConstraints>
<use>1</use>
<logicalDatatype>LOGDT011</logicalDatatype>
<ownDataTypeParameters>,,</ownDataTypeParameters>
<previousColumn>false</previousColumn>
<autoIncrementCycle>false</autoIncrementCycle>
<associations>
<colAssociation fkAssociation="06098318-C3B8-623F-5BC7-A3EFDB628BAA" referredColumn="9EFEBADA-2792-6048-2D47-218668130EA0"/>
</associations>
</Column>
<Column name="informePolicial_id_casoAccidente" id="35218522-8B84-80A4-2708-736D7F4EC17B">
<createdBy>H3C4</createdBy>
<createdTime>2022-06-22 05:09:00 UTC</createdTime>
<generatorID>2A741DE2-0DCD-C5CA-62F3-2CBAA8A8BEAF</generatorID>
<ownerDesignName>dbITBOY</ownerDesignName>
<useDomainConstraints>false</useDomainConstraints>
<use>1</use>
<logicalDatatype>LOGDT019</logicalDatatype>
<ownDataTypeParameters>,,</ownDataTypeParameters>
<previousColumn>false</previousColumn>
<autoIncrementCycle>false</autoIncrementCycle>
<associations>
<colAssociation fkAssociation="06098318-C3B8-623F-5BC7-A3EFDB628BAA" referredColumn="EB3F6094-3B03-2C37-A02E-52207638B421"/>
</associations>
</Column>
</columns>
<indexes itemClass="oracle.dbtools.crest.model.design.relational.Index">
<ind_PK_UK id="C5F1E2CF-ABCC-F726-BF3B-2DB331916A76" name="ConductoresVehiculosPropietarios_PK">
<createdBy>H3C4</createdBy>
<createdTime>2022-06-22 05:09:00 UTC</createdTime>
<generatorID>284E3B69-F3DC-1417-C5F0-865E918D82D6</generatorID>
<ownerDesignName>dbITBOY</ownerDesignName>
<pk>true</pk>
<indexState>Primary Constraint</indexState>
<isSurrogateKey>false</isSurrogateKey>
<indexColumnUsage>
<colUsage columnID="71099396-DD0D-2975-5BBF-221D6DD78284"/>
</indexColumnUsage>
</ind_PK_UK>
<ind_PK_UK id="E987D3A3-88FA-5738-3EF2-319D7D0798F5" name="ConductoresVehiculosPropietarios__IDX">
<createdBy>H3C4</createdBy>
<createdTime>2022-06-22 05:09:00 UTC</createdTime>
<ownerDesignName>dbITBOY</ownerDesignName>
<indexState>Unique Plain Index</indexState>
<isSurrogateKey>false</isSurrogateKey>
<relationGeneratorID>C4A9AC0F-FF3D-BA95-046D-62121C811475</relationGeneratorID>
<indexColumnUsage>
<colUsage columnID="EB239A28-E419-D709-102C-FF7B31CD1A99"/>
<colUsage columnID="35218522-8B84-80A4-2708-736D7F4EC17B"/>
</indexColumnUsage>
</ind_PK_UK>
<ind_PK_UK id="AB77E30F-745D-A2D4-8D5C-4CADBE3F2694" name="ConductoresVehiculosPropietarios_informePolicial_FK">
<createdBy>H3C4</createdBy>
<createdTime>2022-06-22 05:09:00 UTC</createdTime>
<generatorID>C4A9AC0F-FF3D-BA95-046D-62121C811475</generatorID>
<ownerDesignName>dbITBOY</ownerDesignName>
<indexState>Foreign Key</indexState>
<isSurrogateKey>false</isSurrogateKey>
<indexColumnUsage>
<colUsage columnID="EB239A28-E419-D709-102C-FF7B31CD1A99"/>
<colUsage columnID="35218522-8B84-80A4-2708-736D7F4EC17B"/>
</indexColumnUsage>
</ind_PK_UK>
</indexes>
</Table>