<?xml version = '1.0' encoding = 'UTF-8'?>
<Table class="oracle.dbtools.crest.model.design.relational.Table" directorySegmentName="seg_1" id="8330B2BD-34D0-73CC-6F2F-F25975D1F506" name="caracteristicasVia">
<createdBy>H3C4</createdBy>
<createdTime>2022-06-22 05:09:00 UTC</createdTime>
<generatorID>63FA0573-5F4F-0FE4-F7FD-081853E16109</generatorID>
<ownerDesignName>dbITBOY</ownerDesignName>
<allowColumnReorder>false</allowColumnReorder>
<existDependencyGenerateInDDl>true</existDependencyGenerateInDDl>
<parsed>true</parsed>
<columns itemClass="oracle.dbtools.crest.model.design.relational.Column">
<Column name="id_caracVia" id="0ABE4661-235A-724E-A400-214DA3F15CCC">
<createdBy>H3C4</createdBy>
<createdTime>2022-06-22 05:09:00 UTC</createdTime>
<generatorID>C3B13519-C8C3-B1EC-DF10-B534305A780D</generatorID>
<ownerDesignName>dbITBOY</ownerDesignName>
<useDomainConstraints>false</useDomainConstraints>
<use>1</use>
<logicalDatatype>LOGDT011</logicalDatatype>
<ownDataTypeParameters>,,</ownDataTypeParameters>
<autoIncrementCycle>false</autoIncrementCycle>
</Column>
<Column name="informePolicial_id_informe" id="C0AEBC57-C82D-85BE-A564-443BC7EC4BF6">
<createdBy>H3C4</createdBy>
<createdTime>2022-06-22 05:09:00 UTC</createdTime>
<generatorID>C485260C-78AC-6671-233A-06992584E9FF</generatorID>
<ownerDesignName>dbITBOY</ownerDesignName>
<useDomainConstraints>false</useDomainConstraints>
<use>1</use>
<logicalDatatype>LOGDT011</logicalDatatype>
<ownDataTypeParameters>,,</ownDataTypeParameters>
<previousColumn>false</previousColumn>
<autoIncrementCycle>false</autoIncrementCycle>
<associations>
<colAssociation fkAssociation="DFAD219B-21A8-588A-4B30-5C506EFFFD20" referredColumn="9EFEBADA-2792-6048-2D47-218668130EA0"/>
</associations>
</Column>
<Column name="informePolicial_id_casoAccidente" id="D3B6C1C5-E788-DD96-509A-990014E8B7C8">
<createdBy>H3C4</createdBy>
<createdTime>2022-06-22 05:09:00 UTC</createdTime>
<generatorID>EA1AB6C8-ADDF-7FEB-5CE9-F68C875DA8D7</generatorID>
<ownerDesignName>dbITBOY</ownerDesignName>
<useDomainConstraints>false</useDomainConstraints>
<use>1</use>
<logicalDatatype>LOGDT019</logicalDatatype>
<ownDataTypeParameters>,,</ownDataTypeParameters>
<previousColumn>false</previousColumn>
<autoIncrementCycle>false</autoIncrementCycle>
<associations>
<colAssociation fkAssociation="DFAD219B-21A8-588A-4B30-5C506EFFFD20" referredColumn="EB3F6094-3B03-2C37-A02E-52207638B421"/>
</associations>
</Column>
</columns>
<indexes itemClass="oracle.dbtools.crest.model.design.relational.Index">
<ind_PK_UK id="0017F893-EE18-7C35-C3E0-AB01FA29D0A5" name="caracteristicasVia_PK">
<createdBy>H3C4</createdBy>
<createdTime>2022-06-22 05:09:00 UTC</createdTime>
<generatorID>F653CD1D-BB65-BA40-E515-742AD3B2582A</generatorID>
<ownerDesignName>dbITBOY</ownerDesignName>
<pk>true</pk>
<indexState>Primary Constraint</indexState>
<isSurrogateKey>false</isSurrogateKey>
<indexColumnUsage>
<colUsage columnID="0ABE4661-235A-724E-A400-214DA3F15CCC"/>
</indexColumnUsage>
</ind_PK_UK>
<ind_PK_UK id="1166D8BB-F204-4BFE-4DCB-EBA803F7A292" name="caracteristicasVia__IDX">
<createdBy>H3C4</createdBy>
<createdTime>2022-06-22 05:09:00 UTC</createdTime>
<ownerDesignName>dbITBOY</ownerDesignName>
<indexState>Unique Plain Index</indexState>
<isSurrogateKey>false</isSurrogateKey>
<relationGeneratorID>8EFD8879-E5F2-0D60-6E75-729D92977D1D</relationGeneratorID>
<indexColumnUsage>
<colUsage columnID="C0AEBC57-C82D-85BE-A564-443BC7EC4BF6"/>
<colUsage columnID="D3B6C1C5-E788-DD96-509A-990014E8B7C8"/>
</indexColumnUsage>
</ind_PK_UK>
<ind_PK_UK id="B35DE9BB-9695-938B-85DF-9676CBD837C1" name="caracteristicasVia_informePolicial_FK">
<createdBy>H3C4</createdBy>
<createdTime>2022-06-22 05:09:00 UTC</createdTime>
<generatorID>8EFD8879-E5F2-0D60-6E75-729D92977D1D</generatorID>
<ownerDesignName>dbITBOY</ownerDesignName>
<indexState>Foreign Key</indexState>
<isSurrogateKey>false</isSurrogateKey>
<indexColumnUsage>
<colUsage columnID="C0AEBC57-C82D-85BE-A564-443BC7EC4BF6"/>
<colUsage columnID="D3B6C1C5-E788-DD96-509A-990014E8B7C8"/>
</indexColumnUsage>
</ind_PK_UK>
</indexes>
</Table>