<?xml version = '1.0' encoding = 'UTF-8'?>
<Table class="oracle.dbtools.crest.model.design.relational.Table" directorySegmentName="seg_1" id="85BF2CC5-15A4-B326-3855-B5905DC728FC" name="iluminacionArtificial">
<createdBy>H3C4</createdBy>
<createdTime>2022-06-22 05:09:00 UTC</createdTime>
<generatorID>51CF1BCC-60E9-4505-1091-AB62BBAE4207</generatorID>
<ownerDesignName>dbITBOY</ownerDesignName>
<allowColumnReorder>false</allowColumnReorder>
<existDependencyGenerateInDDl>true</existDependencyGenerateInDDl>
<parsed>true</parsed>
<columns itemClass="oracle.dbtools.crest.model.design.relational.Column">
<Column name="id_iluminacionArtificial" id="3C3131FB-07BD-731D-9BD3-2460378885B8">
<createdBy>H3C4</createdBy>
<createdTime>2022-06-22 05:09:00 UTC</createdTime>
<generatorID>D21F2F63-B507-053D-8C2D-49D2279A21D7</generatorID>
<ownerDesignName>dbITBOY</ownerDesignName>
<useDomainConstraints>false</useDomainConstraints>
<use>1</use>
<logicalDatatype>LOGDT011</logicalDatatype>
<ownDataTypeParameters>,,</ownDataTypeParameters>
<autoIncrementCycle>false</autoIncrementCycle>
</Column>
<Column name="con" id="74191CA2-613E-F227-04FF-99203A0F78C3">
<createdBy>H3C4</createdBy>
<createdTime>2022-06-22 05:09:00 UTC</createdTime>
<generatorID>42FFBA00-EB73-6BAB-8B60-17CFF045A965</generatorID>
<ownerDesignName>dbITBOY</ownerDesignName>
<nullsAllowed>true</nullsAllowed>
<useDomainConstraints>false</useDomainConstraints>
<use>1</use>
<logicalDatatype>LOGDT006</logicalDatatype>
<dataTypeSize>1 CHAR</dataTypeSize>
<ownDataTypeParameters>1 CHAR,,</ownDataTypeParameters>
<autoIncrementCycle>false</autoIncrementCycle>
</Column>
<Column name="buena" id="762A5613-DCD0-3453-854B-CB6280BDAAFC">
<createdBy>H3C4</createdBy>
<createdTime>2022-06-22 05:09:00 UTC</createdTime>
<generatorID>B4978AED-1F99-50AA-9E23-55DA2EFFD05F</generatorID>
<ownerDesignName>dbITBOY</ownerDesignName>
<nullsAllowed>true</nullsAllowed>
<useDomainConstraints>false</useDomainConstraints>
<use>1</use>
<logicalDatatype>LOGDT006</logicalDatatype>
<dataTypeSize>1 CHAR</dataTypeSize>
<ownDataTypeParameters>1 CHAR,,</ownDataTypeParameters>
<autoIncrementCycle>false</autoIncrementCycle>
</Column>
<Column name="mala" id="4CC52143-0449-3005-7E6E-7B2A4ABDBA64">
<createdBy>H3C4</createdBy>
<createdTime>2022-06-22 05:09:00 UTC</createdTime>
<generatorID>88E70B7D-497C-C76E-EB94-7A3BF776F5D3</generatorID>
<ownerDesignName>dbITBOY</ownerDesignName>
<nullsAllowed>true</nullsAllowed>
<useDomainConstraints>false</useDomainConstraints>
<use>1</use>
<logicalDatatype>LOGDT006</logicalDatatype>
<dataTypeSize>1 CHAR</dataTypeSize>
<ownDataTypeParameters>1 CHAR,,</ownDataTypeParameters>
<autoIncrementCycle>false</autoIncrementCycle>
</Column>
<Column name="sin" id="23836F05-1CC5-A8E8-0356-C1407EFE79D7">
<createdBy>H3C4</createdBy>
<createdTime>2022-06-22 05:09:00 UTC</createdTime>
<generatorID>A5D58E03-43BB-5E6B-36C5-3D3E353DA2B4</generatorID>
<ownerDesignName>dbITBOY</ownerDesignName>
<nullsAllowed>true</nullsAllowed>
<useDomainConstraints>false</useDomainConstraints>
<use>1</use>
<logicalDatatype>LOGDT006</logicalDatatype>
<dataTypeSize>1 CHAR</dataTypeSize>
<ownDataTypeParameters>1 CHAR,,</ownDataTypeParameters>
<autoIncrementCycle>false</autoIncrementCycle>
</Column>
<Column name="via1_id_caracVia1" id="BEB284FD-E9F8-A39C-820C-5B5CEC6A6EE5">
<createdBy>H3C4</createdBy>
<createdTime>2022-06-22 05:09:00 UTC</createdTime>
<generatorID>A6D43BAA-6C27-E52C-51E6-C8F49DEC2660</generatorID>
<ownerDesignName>dbITBOY</ownerDesignName>
<use>0</use>
<ownDataTypeParameters>,,</ownDataTypeParameters>
<previousColumn>false</previousColumn>
<autoIncrementCycle>false</autoIncrementCycle>
<associations>
<colAssociation fkAssociation="66DFF141-BC42-40D2-55EA-7D50CF3B58B5" referredColumn="70239ED3-3EB6-4B06-199E-C3DF3FA9F02C"/>
</associations>
</Column>
<Column name="via2_id_caracVia2" id="9418378B-691F-8371-5D11-EE59F8C57FC2">
<createdBy>H3C4</createdBy>
<createdTime>2022-06-22 05:09:00 UTC</createdTime>
<generatorID>05953682-7FF7-1F5F-9A4E-0E37992503D5</generatorID>
<ownerDesignName>dbITBOY</ownerDesignName>
<useDomainConstraints>false</useDomainConstraints>
<use>1</use>
<logicalDatatype>LOGDT011</logicalDatatype>
<ownDataTypeParameters>,,</ownDataTypeParameters>
<previousColumn>false</previousColumn>
<autoIncrementCycle>false</autoIncrementCycle>
<associations>
<colAssociation fkAssociation="9423F9B0-798E-CFC6-FA26-840E94B1CFA6" referredColumn="760E4E4C-6519-2CF0-BBC1-92E3D3AD08FB"/>
</associations>
</Column>
</columns>
<indexes itemClass="oracle.dbtools.crest.model.design.relational.Index">
<ind_PK_UK id="8F28CE99-418A-E6C1-3B59-E731D5C9E2EB" name="iluminacionArtificial_PK">
<createdBy>H3C4</createdBy>
<createdTime>2022-06-22 05:09:00 UTC</createdTime>
<generatorID>AA551D79-DECF-D6A1-6945-4E57E2153B32</generatorID>
<ownerDesignName>dbITBOY</ownerDesignName>
<pk>true</pk>
<indexState>Primary Constraint</indexState>
<isSurrogateKey>false</isSurrogateKey>
<indexColumnUsage>
<colUsage columnID="3C3131FB-07BD-731D-9BD3-2460378885B8"/>
</indexColumnUsage>
</ind_PK_UK>
<ind_PK_UK id="205A0982-6C2F-EAD4-670C-E16F71822FDA" name="iluminacionArtificial__IDX">
<createdBy>H3C4</createdBy>
<createdTime>2022-06-22 05:09:00 UTC</createdTime>
<ownerDesignName>dbITBOY</ownerDesignName>
<indexState>Unique Plain Index</indexState>
<isSurrogateKey>false</isSurrogateKey>
<relationGeneratorID>8394B1CD-7F48-E8AD-FC45-23D8D696FADE</relationGeneratorID>
<indexColumnUsage>
<colUsage columnID="BEB284FD-E9F8-A39C-820C-5B5CEC6A6EE5"/>
</indexColumnUsage>
</ind_PK_UK>
<ind_PK_UK id="366BC63F-DA00-278A-919A-AE68EE574C39" name="iluminacionArtificial__IDXv1">
<createdBy>H3C4</createdBy>
<createdTime>2022-06-22 05:09:00 UTC</createdTime>
<ownerDesignName>dbITBOY</ownerDesignName>
<indexState>Unique Plain Index</indexState>
<isSurrogateKey>false</isSurrogateKey>
<relationGeneratorID>FEEB9A03-B771-FBDC-257B-4A169BFDB837</relationGeneratorID>
<indexColumnUsage>
<colUsage columnID="9418378B-691F-8371-5D11-EE59F8C57FC2"/>
</indexColumnUsage>
</ind_PK_UK>
<ind_PK_UK id="5A01F7C3-F765-25C5-4F89-6A76795A3A13" name="iluminacionArtificial_via1_FK">
<createdBy>H3C4</createdBy>
<createdTime>2022-06-22 05:09:00 UTC</createdTime>
<generatorID>8394B1CD-7F48-E8AD-FC45-23D8D696FADE</generatorID>
<ownerDesignName>dbITBOY</ownerDesignName>
<indexState>Foreign Key</indexState>
<isSurrogateKey>false</isSurrogateKey>
<indexColumnUsage>
<colUsage columnID="BEB284FD-E9F8-A39C-820C-5B5CEC6A6EE5"/>
</indexColumnUsage>
</ind_PK_UK>
<ind_PK_UK id="BBE5A8F7-9EA1-B2BD-CC2F-85337F903364" name="iluminacionArtificial_via2_FK">
<createdBy>H3C4</createdBy>
<createdTime>2022-06-22 05:09:00 UTC</createdTime>
<generatorID>FEEB9A03-B771-FBDC-257B-4A169BFDB837</generatorID>
<ownerDesignName>dbITBOY</ownerDesignName>
<indexState>Foreign Key</indexState>
<isSurrogateKey>false</isSurrogateKey>
<indexColumnUsage>
<colUsage columnID="9418378B-691F-8371-5D11-EE59F8C57FC2"/>
</indexColumnUsage>
</ind_PK_UK>
</indexes>
</Table>