<?xml version = '1.0' encoding = 'UTF-8'?>
<Table class="oracle.dbtools.crest.model.design.relational.Table" directorySegmentName="seg_1" id="8E55455B-AB8B-1649-37D1-2A96D6A99CD2" name="modalidadTrans">
<createdBy>H3C4</createdBy>
<createdTime>2022-06-22 05:09:00 UTC</createdTime>
<generatorID>FFE0DE29-DA2F-0772-C23B-B96EFE21114F</generatorID>
<ownerDesignName>dbITBOY</ownerDesignName>
<allowColumnReorder>false</allowColumnReorder>
<existDependencyGenerateInDDl>true</existDependencyGenerateInDDl>
<parsed>true</parsed>
<columns itemClass="oracle.dbtools.crest.model.design.relational.Column">
<Column name="id_modTrans" id="2A3D02CC-D768-2133-9050-6D2DF43E2CF5">
<createdBy>H3C4</createdBy>
<createdTime>2022-06-22 05:09:00 UTC</createdTime>
<generatorID>44B90D53-79EB-1E65-F7FF-784F7DEF75AD</generatorID>
<ownerDesignName>dbITBOY</ownerDesignName>
<useDomainConstraints>false</useDomainConstraints>
<use>1</use>
<logicalDatatype>LOGDT011</logicalDatatype>
<ownDataTypeParameters>,,</ownDataTypeParameters>
<autoIncrementCycle>false</autoIncrementCycle>
</Column>
<Column name="Mixto" id="AFCDFDAC-D90A-6D55-E5B4-26F1E471A8A0">
<createdBy>H3C4</createdBy>
<createdTime>2022-06-22 05:09:00 UTC</createdTime>
<generatorID>061991B6-0B43-6AE7-33A2-736BB73E309E</generatorID>
<ownerDesignName>dbITBOY</ownerDesignName>
<nullsAllowed>true</nullsAllowed>
<useDomainConstraints>false</useDomainConstraints>
<use>1</use>
<logicalDatatype>LOGDT006</logicalDatatype>
<dataTypeSize>1 CHAR</dataTypeSize>
<ownDataTypeParameters>1 CHAR,,</ownDataTypeParameters>
<autoIncrementCycle>false</autoIncrementCycle>
</Column>
<Column name="VehiculoPropietario_id_propietarioClaseVehiculo" id="F691D2CD-898F-F7C2-4B25-4059F3AD594F">
<createdBy>H3C4</createdBy>
<createdTime>2022-06-22 05:09:00 UTC</createdTime>
<generatorID>9063E06E-E830-217B-C29E-14EF112FF6D6</generatorID>
<ownerDesignName>dbITBOY</ownerDesignName>
<useDomainConstraints>false</useDomainConstraints>
<use>1</use>
<logicalDatatype>LOGDT011</logicalDatatype>
<ownDataTypeParameters>,,</ownDataTypeParameters>
<previousColumn>false</previousColumn>
<autoIncrementCycle>false</autoIncrementCycle>
<associations>
<colAssociation fkAssociation="7B7E1665-09B1-8066-CB5E-118EE39E6877" referredColumn="0B62441C-3BF5-3DAA-0CA2-7F2ECC8E297E"/>
</associations>
</Column>
</columns>
<indexes itemClass="oracle.dbtools.crest.model.design.relational.Index">
<ind_PK_UK id="68351820-F0B0-4276-B299-FA3D38260A61" name="modalidadTrans_PK">
<createdBy>H3C4</createdBy>
<createdTime>2022-06-22 05:09:00 UTC</createdTime>
<generatorID>44729EC3-1618-9102-E13C-9B16F9442097</generatorID>
<ownerDesignName>dbITBOY</ownerDesignName>
<pk>true</pk>
<indexState>Primary Constraint</indexState>
<isSurrogateKey>false</isSurrogateKey>
<indexColumnUsage>
<colUsage columnID="2A3D02CC-D768-2133-9050-6D2DF43E2CF5"/>
</indexColumnUsage>
</ind_PK_UK>
<ind_PK_UK id="C105FA75-ED68-560C-B403-86B6C5D4D40D" name="modalidadTrans__IDX">
<createdBy>H3C4</createdBy>
<createdTime>2022-06-22 05:09:00 UTC</createdTime>
<ownerDesignName>dbITBOY</ownerDesignName>
<indexState>Unique Plain Index</indexState>
<isSurrogateKey>false</isSurrogateKey>
<relationGeneratorID>6E17EAF5-416F-7F1B-5FE5-01FD55140AA8</relationGeneratorID>
<indexColumnUsage>
<colUsage columnID="F691D2CD-898F-F7C2-4B25-4059F3AD594F"/>
</indexColumnUsage>
</ind_PK_UK>
<ind_PK_UK id="D7934EA8-4251-01E4-41BE-D3DFF19CCE81" name="modalidadTrans_VehiculoPropietario_FK">
<createdBy>H3C4</createdBy>
<createdTime>2022-06-22 05:09:00 UTC</createdTime>
<generatorID>6E17EAF5-416F-7F1B-5FE5-01FD55140AA8</generatorID>
<ownerDesignName>dbITBOY</ownerDesignName>
<indexState>Foreign Key</indexState>
<isSurrogateKey>false</isSurrogateKey>
<indexColumnUsage>
<colUsage columnID="F691D2CD-898F-F7C2-4B25-4059F3AD594F"/>
</indexColumnUsage>
</ind_PK_UK>
</indexes>
</Table>