<?xml version = '1.0' encoding = 'UTF-8'?>
<Table class="oracle.dbtools.crest.model.design.relational.Table" directorySegmentName="seg_1" id="8E6BD906-C899-8F55-0D6F-A5F85293FB1E" name="caracteristicasLugar">
<createdBy>H3C4</createdBy>
<createdTime>2022-06-22 05:09:00 UTC</createdTime>
<generatorID>0DC293B9-CD0A-130A-309C-89BB632F211F</generatorID>
<ownerDesignName>dbITBOY</ownerDesignName>
<allowColumnReorder>false</allowColumnReorder>
<existDependencyGenerateInDDl>true</existDependencyGenerateInDDl>
<parsed>true</parsed>
<columns itemClass="oracle.dbtools.crest.model.design.relational.Column">
<Column name="id_caracLugar" id="62C44BCB-8549-04AC-6C1C-368AE52F1E38">
<createdBy>H3C4</createdBy>
<createdTime>2022-06-22 05:09:00 UTC</createdTime>
<generatorID>507D1854-BB8E-CDE3-965D-4E6F9797DA66</generatorID>
<ownerDesignName>dbITBOY</ownerDesignName>
<useDomainConstraints>false</useDomainConstraints>
<use>1</use>
<logicalDatatype>LOGDT011</logicalDatatype>
<ownDataTypeParameters>,,</ownDataTypeParameters>
<autoIncrementCycle>false</autoIncrementCycle>
</Column>
<Column name="informePolicial_id_informe" id="F59A2F97-8CDF-6D38-B923-377C37E31BE0">
<createdBy>H3C4</createdBy>
<createdTime>2022-06-22 05:09:00 UTC</createdTime>
<generatorID>346D135C-CC8A-9A15-3444-DB48EF5BB22F</generatorID>
<ownerDesignName>dbITBOY</ownerDesignName>
<useDomainConstraints>false</useDomainConstraints>
<use>1</use>
<logicalDatatype>LOGDT011</logicalDatatype>
<ownDataTypeParameters>,,</ownDataTypeParameters>
<previousColumn>false</previousColumn>
<autoIncrementCycle>false</autoIncrementCycle>
<associations>
<colAssociation fkAssociation="31FD21C2-60F5-3431-D61F-EFCD68418A19" referredColumn="9EFEBADA-2792-6048-2D47-218668130EA0"/>
</associations>
</Column>
<Column name="informePolicial_id_casoAccidente" id="845EA9E5-4F97-500A-AB89-C41E7C161C96">
<createdBy>H3C4</createdBy>
<createdTime>2022-06-22 05:09:00 UTC</createdTime>
<generatorID>8D6780C7-0237-3B86-4C34-7ABE1ECDCCA5</generatorID>
<ownerDesignName>dbITBOY</ownerDesignName>
<useDomainConstraints>false</useDomainConstraints>
<use>1</use>
<logicalDatatype>LOGDT019</logicalDatatype>
<ownDataTypeParameters>,,</ownDataTypeParameters>
<previousColumn>false</previousColumn>
<autoIncrementCycle>false</autoIncrementCycle>
<associations>
<colAssociation fkAssociation="31FD21C2-60F5-3431-D61F-EFCD68418A19" referredColumn="EB3F6094-3B03-2C37-A02E-52207638B421"/>
</associations>
</Column>
</columns>
<indexes itemClass="oracle.dbtools.crest.model.design.relational.Index">
<ind_PK_UK id="FF6BFEDF-004E-6DB6-5628-7F058BE6C9D9" name="caracteristicasLugar_PK">
<createdBy>H3C4</createdBy>
<createdTime>2022-06-22 05:09:00 UTC</createdTime>
<generatorID>69CD4780-4593-394C-D4F2-DD63FD4662BE</generatorID>
<ownerDesignName>dbITBOY</ownerDesignName>
<pk>true</pk>
<indexState>Primary Constraint</indexState>
<isSurrogateKey>false</isSurrogateKey>
<indexColumnUsage>
<colUsage columnID="62C44BCB-8549-04AC-6C1C-368AE52F1E38"/>
</indexColumnUsage>
</ind_PK_UK>
<ind_PK_UK id="C88DE859-820E-4DD5-4F90-D00036F9AE91" name="caracteristicasLugar__IDX">
<createdBy>H3C4</createdBy>
<createdTime>2022-06-22 05:09:00 UTC</createdTime>
<ownerDesignName>dbITBOY</ownerDesignName>
<indexState>Unique Plain Index</indexState>
<isSurrogateKey>false</isSurrogateKey>
<relationGeneratorID>DC4D0581-32F7-29CD-A30F-0294CE7C6D56</relationGeneratorID>
<indexColumnUsage>
<colUsage columnID="F59A2F97-8CDF-6D38-B923-377C37E31BE0"/>
<colUsage columnID="845EA9E5-4F97-500A-AB89-C41E7C161C96"/>
</indexColumnUsage>
</ind_PK_UK>
<ind_PK_UK id="0A4CF330-A968-2C80-40F7-0D70AB3C6B22" name="caracteristicasLugar_informePolicial_FK">
<createdBy>H3C4</createdBy>
<createdTime>2022-06-22 05:09:00 UTC</createdTime>
<generatorID>DC4D0581-32F7-29CD-A30F-0294CE7C6D56</generatorID>
<ownerDesignName>dbITBOY</ownerDesignName>
<indexState>Foreign Key</indexState>
<isSurrogateKey>false</isSurrogateKey>
<indexColumnUsage>
<colUsage columnID="F59A2F97-8CDF-6D38-B923-377C37E31BE0"/>
<colUsage columnID="845EA9E5-4F97-500A-AB89-C41E7C161C96"/>
</indexColumnUsage>
</ind_PK_UK>
</indexes>
</Table>