<?xml version = '1.0' encoding = 'UTF-8'?>
<Table class="oracle.dbtools.crest.model.design.relational.Table" directorySegmentName="seg_1" id="9D0D07BA-93B8-4A54-878C-56849D0B404F" name="agenteTransito">
<createdBy>H3C4</createdBy>
<createdTime>2022-06-22 05:09:00 UTC</createdTime>
<generatorID>F81804E9-2B5B-54E1-3CD9-0B429253614B</generatorID>
<ownerDesignName>dbITBOY</ownerDesignName>
<allowColumnReorder>false</allowColumnReorder>
<existDependencyGenerateInDDl>true</existDependencyGenerateInDDl>
<parsed>true</parsed>
<columns itemClass="oracle.dbtools.crest.model.design.relational.Column">
<Column name="id_agenteTransito" id="3102CB94-E020-36DD-A47C-4D92688AAC4D">
<createdBy>H3C4</createdBy>
<createdTime>2022-06-22 05:09:00 UTC</createdTime>
<generatorID>526E1EB3-FFE0-AF3F-D828-EF48952B2A0A</generatorID>
<ownerDesignName>dbITBOY</ownerDesignName>
<useDomainConstraints>false</useDomainConstraints>
<use>1</use>
<logicalDatatype>LOGDT011</logicalDatatype>
<ownDataTypeParameters>,,</ownDataTypeParameters>
<autoIncrementCycle>false</autoIncrementCycle>
</Column>
<Column name="agenteTransito" id="B5DBF939-00D6-B17A-DDC6-6C940C5977FB">
<createdBy>H3C4</createdBy>
<createdTime>2022-06-22 05:09:00 UTC</createdTime>
<generatorID>D23AD8E5-6B45-5D06-E577-BCFCE788BC0A</generatorID>
<ownerDesignName>dbITBOY</ownerDesignName>
<nullsAllowed>true</nullsAllowed>
<useDomainConstraints>false</useDomainConstraints>
<use>1</use>
<logicalDatatype>LOGDT006</logicalDatatype>
<dataTypeSize>1 CHAR</dataTypeSize>
<ownDataTypeParameters>1 CHAR,,</ownDataTypeParameters>
<autoIncrementCycle>false</autoIncrementCycle>
</Column>
<Column name="controlesTransito_id_controlesTransito" id="1FD7511F-9EDF-D6B9-7150-451F106546EB">
<createdBy>H3C4</createdBy>
<createdTime>2022-06-22 05:09:00 UTC</createdTime>
<generatorID>F6952FFF-A353-667B-5985-17B785C85A93</generatorID>
<ownerDesignName>dbITBOY</ownerDesignName>
<useDomainConstraints>false</useDomainConstraints>
<use>1</use>
<logicalDatatype>LOGDT011</logicalDatatype>
<ownDataTypeParameters>,,</ownDataTypeParameters>
<previousColumn>false</previousColumn>
<autoIncrementCycle>false</autoIncrementCycle>
<associations>
<colAssociation fkAssociation="00A04B3F-B7D7-8DB4-30A6-5F398DE7694A" referredColumn="BE078BD5-19F4-FA2A-C726-D4AC3E8C2F39"/>
</associations>
</Column>
</columns>
<indexes itemClass="oracle.dbtools.crest.model.design.relational.Index">
<ind_PK_UK id="D9F56296-FB02-4CBE-0968-EDE2CC7F7CB4" name="agenteTransito_PK">
<createdBy>H3C4</createdBy>
<createdTime>2022-06-22 05:09:00 UTC</createdTime>
<generatorID>D3A4411F-4468-B61B-C70A-F2B1F0D600F1</generatorID>
<ownerDesignName>dbITBOY</ownerDesignName>
<pk>true</pk>
<indexState>Primary Constraint</indexState>
<isSurrogateKey>false</isSurrogateKey>
<indexColumnUsage>
<colUsage columnID="3102CB94-E020-36DD-A47C-4D92688AAC4D"/>
</indexColumnUsage>
</ind_PK_UK>
<ind_PK_UK id="660B7996-5B48-DDAA-B567-0F2F9EB7FA45" name="agenteTransito__IDX">
<createdBy>H3C4</createdBy>
<createdTime>2022-06-22 05:09:00 UTC</createdTime>
<ownerDesignName>dbITBOY</ownerDesignName>
<indexState>Unique Plain Index</indexState>
<isSurrogateKey>false</isSurrogateKey>
<relationGeneratorID>30751E2E-C0A9-F5E2-7C9E-B3F7D11FE98F</relationGeneratorID>
<indexColumnUsage>
<colUsage columnID="1FD7511F-9EDF-D6B9-7150-451F106546EB"/>
</indexColumnUsage>
</ind_PK_UK>
<ind_PK_UK id="5BAFFB18-230D-1796-5562-8D6571836183" name="agenteTransito_controlesTransito_FK">
<createdBy>H3C4</createdBy>
<createdTime>2022-06-22 05:09:00 UTC</createdTime>
<generatorID>30751E2E-C0A9-F5E2-7C9E-B3F7D11FE98F</generatorID>
<ownerDesignName>dbITBOY</ownerDesignName>
<indexState>Foreign Key</indexState>
<isSurrogateKey>false</isSurrogateKey>
<indexColumnUsage>
<colUsage columnID="1FD7511F-9EDF-D6B9-7150-451F106546EB"/>
</indexColumnUsage>
</ind_PK_UK>
</indexes>
</Table>