<?xml version = '1.0' encoding = 'UTF-8'?>
<Table class="oracle.dbtools.crest.model.design.relational.Table" directorySegmentName="seg_1" id="9D8F2D22-6FB7-3AA4-2EEB-D0E1A824E511" name="geometricas">
<createdBy>H3C4</createdBy>
<createdTime>2022-06-22 05:09:00 UTC</createdTime>
<generatorID>84115928-F73F-AB3C-782C-D4C6B7DFA59D</generatorID>
<ownerDesignName>dbITBOY</ownerDesignName>
<allowColumnReorder>false</allowColumnReorder>
<existDependencyGenerateInDDl>true</existDependencyGenerateInDDl>
<parsed>true</parsed>
<columns itemClass="oracle.dbtools.crest.model.design.relational.Column">
<Column name="id_geometricas" id="FF3D76C6-B58B-23AE-5B95-AB6E3A419C9D">
<createdBy>H3C4</createdBy>
<createdTime>2022-06-22 05:09:00 UTC</createdTime>
<generatorID>4BCBC2B3-8D66-18DE-D43D-F42F75565917</generatorID>
<ownerDesignName>dbITBOY</ownerDesignName>
<useDomainConstraints>false</useDomainConstraints>
<use>1</use>
<logicalDatatype>LOGDT011</logicalDatatype>
<ownDataTypeParameters>,,</ownDataTypeParameters>
<autoIncrementCycle>false</autoIncrementCycle>
</Column>
<Column name="recta" id="F053DDC2-4796-5388-C4AD-7554BC7A7EE9">
<createdBy>H3C4</createdBy>
<createdTime>2022-06-22 05:09:00 UTC</createdTime>
<generatorID>A4ADF262-D155-F5EE-D88F-B53055F3BCDD</generatorID>
<ownerDesignName>dbITBOY</ownerDesignName>
<nullsAllowed>true</nullsAllowed>
<useDomainConstraints>false</useDomainConstraints>
<use>1</use>
<logicalDatatype>LOGDT006</logicalDatatype>
<dataTypeSize>1 CHAR</dataTypeSize>
<ownDataTypeParameters>1 CHAR,,</ownDataTypeParameters>
<autoIncrementCycle>false</autoIncrementCycle>
</Column>
<Column name="cruba" id="CD1F2141-C1ED-15F8-F2D0-6C4F2AC7911C">
<createdBy>H3C4</createdBy>
<createdTime>2022-06-22 05:09:00 UTC</createdTime>
<generatorID>C99CAA44-B126-52C8-097C-CECD70B6A209</generatorID>
<ownerDesignName>dbITBOY</ownerDesignName>
<nullsAllowed>true</nullsAllowed>
<useDomainConstraints>false</useDomainConstraints>
<use>1</use>
<logicalDatatype>LOGDT006</logicalDatatype>
<dataTypeSize>1 CHAR</dataTypeSize>
<ownDataTypeParameters>1 CHAR,,</ownDataTypeParameters>
<autoIncrementCycle>false</autoIncrementCycle>
</Column>
<Column name="plano" id="CD407D3B-D505-8BE1-97BE-90D78864ADCE">
<createdBy>H3C4</createdBy>
<createdTime>2022-06-22 05:09:00 UTC</createdTime>
<generatorID>FBE02529-3599-E8BA-3D15-701BE39E5A8E</generatorID>
<ownerDesignName>dbITBOY</ownerDesignName>
<nullsAllowed>true</nullsAllowed>
<useDomainConstraints>false</useDomainConstraints>
<use>1</use>
<logicalDatatype>LOGDT006</logicalDatatype>
<dataTypeSize>1 CHAR</dataTypeSize>
<ownDataTypeParameters>1 CHAR,,</ownDataTypeParameters>
<autoIncrementCycle>false</autoIncrementCycle>
</Column>
<Column name="pendiente" id="1BAFE604-4B14-A31B-7A23-71159FFFD78A">
<createdBy>H3C4</createdBy>
<createdTime>2022-06-22 05:09:00 UTC</createdTime>
<generatorID>07438EB9-AB6E-33AD-125E-B2C5219E483C</generatorID>
<ownerDesignName>dbITBOY</ownerDesignName>
<nullsAllowed>true</nullsAllowed>
<useDomainConstraints>false</useDomainConstraints>
<use>1</use>
<logicalDatatype>LOGDT006</logicalDatatype>
<dataTypeSize>1 CHAR</dataTypeSize>
<ownDataTypeParameters>1 CHAR,,</ownDataTypeParameters>
<autoIncrementCycle>false</autoIncrementCycle>
</Column>
<Column name="bahiaEst" id="81D02B4D-916E-3A57-81FE-4523F65F7110">
<createdBy>H3C4</createdBy>
<createdTime>2022-06-22 05:09:00 UTC</createdTime>
<generatorID>B466D7AA-4548-883E-5290-26189D90D314</generatorID>
<ownerDesignName>dbITBOY</ownerDesignName>
<nullsAllowed>true</nullsAllowed>
<useDomainConstraints>false</useDomainConstraints>
<use>1</use>
<logicalDatatype>LOGDT006</logicalDatatype>
<dataTypeSize>1 CHAR</dataTypeSize>
<ownDataTypeParameters>1 CHAR,,</ownDataTypeParameters>
<autoIncrementCycle>false</autoIncrementCycle>
</Column>
<Column name="bahiaAnden" id="85D7CB48-D91F-74A1-6550-B4F950463C8D">
<createdBy>H3C4</createdBy>
<createdTime>2022-06-22 05:09:00 UTC</createdTime>
<generatorID>406AFC49-1A37-0D1B-942E-D3EAEF303016</generatorID>
<ownerDesignName>dbITBOY</ownerDesignName>
<nullsAllowed>true</nullsAllowed>
<useDomainConstraints>false</useDomainConstraints>
<use>1</use>
<logicalDatatype>LOGDT006</logicalDatatype>
<dataTypeSize>1 CHAR</dataTypeSize>
<ownDataTypeParameters>1 CHAR,,</ownDataTypeParameters>
<autoIncrementCycle>false</autoIncrementCycle>
</Column>
<Column name="bahiaBerma" id="79404EC8-3471-7438-6C8D-3B15F89FDCCE">
<createdBy>H3C4</createdBy>
<createdTime>2022-06-22 05:09:00 UTC</createdTime>
<generatorID>0F20FA8A-DFDA-B1EB-CDAF-682F95A9CC4F</generatorID>
<ownerDesignName>dbITBOY</ownerDesignName>
<nullsAllowed>true</nullsAllowed>
<useDomainConstraints>false</useDomainConstraints>
<use>1</use>
<logicalDatatype>LOGDT006</logicalDatatype>
<dataTypeSize>1 CHAR</dataTypeSize>
<ownDataTypeParameters>1 CHAR,,</ownDataTypeParameters>
<autoIncrementCycle>false</autoIncrementCycle>
</Column>
<Column name="via1_id_caracVia1" id="42C2EAE9-B53A-56D1-25CB-23C8B4E02C2C">
<createdBy>H3C4</createdBy>
<createdTime>2022-06-22 05:09:00 UTC</createdTime>
<generatorID>FFA2EDD1-521C-8A72-F284-FEF1C7BFACF3</generatorID>
<ownerDesignName>dbITBOY</ownerDesignName>
<use>0</use>
<ownDataTypeParameters>,,</ownDataTypeParameters>
<previousColumn>false</previousColumn>
<autoIncrementCycle>false</autoIncrementCycle>
<associations>
<colAssociation fkAssociation="7113C854-5703-4B77-4495-85BDDAEDB7B8" referredColumn="70239ED3-3EB6-4B06-199E-C3DF3FA9F02C"/>
</associations>
</Column>
<Column name="via2_id_caracVia2" id="8A38BAB8-FD7F-64AD-C7AF-2ED8AB1B37C4">
<createdBy>H3C4</createdBy>
<createdTime>2022-06-22 05:09:00 UTC</createdTime>
<generatorID>B8D297AF-CCC9-D4FF-4E3C-99A04092BC0B</generatorID>
<ownerDesignName>dbITBOY</ownerDesignName>
<useDomainConstraints>false</useDomainConstraints>
<use>1</use>
<logicalDatatype>LOGDT011</logicalDatatype>
<ownDataTypeParameters>,,</ownDataTypeParameters>
<previousColumn>false</previousColumn>
<autoIncrementCycle>false</autoIncrementCycle>
<associations>
<colAssociation fkAssociation="89B2F7C8-1F41-85EB-C205-052BAB98203F" referredColumn="760E4E4C-6519-2CF0-BBC1-92E3D3AD08FB"/>
</associations>
</Column>
</columns>
<indexes itemClass="oracle.dbtools.crest.model.design.relational.Index">
<ind_PK_UK id="D47FE66F-C94E-5F58-5F4A-BA1B6F3E904C" name="geometricas_PK">
<createdBy>H3C4</createdBy>
<createdTime>2022-06-22 05:09:00 UTC</createdTime>
<generatorID>B0482886-646E-6560-6ABB-23518BB622D5</generatorID>
<ownerDesignName>dbITBOY</ownerDesignName>
<pk>true</pk>
<indexState>Primary Constraint</indexState>
<isSurrogateKey>false</isSurrogateKey>
<indexColumnUsage>
<colUsage columnID="FF3D76C6-B58B-23AE-5B95-AB6E3A419C9D"/>
</indexColumnUsage>
</ind_PK_UK>
<ind_PK_UK id="819FF250-E927-9859-26E2-F45E27EE66EF" name="geometricas__IDX">
<createdBy>H3C4</createdBy>
<createdTime>2022-06-22 05:09:00 UTC</createdTime>
<ownerDesignName>dbITBOY</ownerDesignName>
<indexState>Unique Plain Index</indexState>
<isSurrogateKey>false</isSurrogateKey>
<relationGeneratorID>A82C0C9B-739E-8F0E-599E-D61B3AAE1707</relationGeneratorID>
<indexColumnUsage>
<colUsage columnID="42C2EAE9-B53A-56D1-25CB-23C8B4E02C2C"/>
</indexColumnUsage>
</ind_PK_UK>
<ind_PK_UK id="3BA87708-74B4-E35E-A3F3-E0A89DD7BC5E" name="geometricas__IDXv1">
<createdBy>H3C4</createdBy>
<createdTime>2022-06-22 05:09:00 UTC</createdTime>
<ownerDesignName>dbITBOY</ownerDesignName>
<indexState>Unique Plain Index</indexState>
<isSurrogateKey>false</isSurrogateKey>
<relationGeneratorID>E75DCA72-9F57-3C78-C5AF-672D5C5C73EE</relationGeneratorID>
<indexColumnUsage>
<colUsage columnID="8A38BAB8-FD7F-64AD-C7AF-2ED8AB1B37C4"/>
</indexColumnUsage>
</ind_PK_UK>
<ind_PK_UK id="02DD469E-C01A-670F-4B6F-91FA414D175B" name="geometricas_via1_FK">
<createdBy>H3C4</createdBy>
<createdTime>2022-06-22 05:09:00 UTC</createdTime>
<generatorID>A82C0C9B-739E-8F0E-599E-D61B3AAE1707</generatorID>
<ownerDesignName>dbITBOY</ownerDesignName>
<indexState>Foreign Key</indexState>
<isSurrogateKey>false</isSurrogateKey>
<indexColumnUsage>
<colUsage columnID="42C2EAE9-B53A-56D1-25CB-23C8B4E02C2C"/>
</indexColumnUsage>
</ind_PK_UK>
<ind_PK_UK id="C67088A3-A73E-BB39-0E29-25B4367345E6" name="geometricas_via2_FK">
<createdBy>H3C4</createdBy>
<createdTime>2022-06-22 05:09:00 UTC</createdTime>
<generatorID>E75DCA72-9F57-3C78-C5AF-672D5C5C73EE</generatorID>
<ownerDesignName>dbITBOY</ownerDesignName>
<indexState>Foreign Key</indexState>
<isSurrogateKey>false</isSurrogateKey>
<indexColumnUsage>
<colUsage columnID="8A38BAB8-FD7F-64AD-C7AF-2ED8AB1B37C4"/>
</indexColumnUsage>
</ind_PK_UK>
</indexes>
</Table>