<?xml version = '1.0' encoding = 'UTF-8'?>
<Table class="oracle.dbtools.crest.model.design.relational.Table" directorySegmentName="seg_1" id="A0AECE08-50DB-D504-6BB9-02E17A73DB35" name="anexo1">
<createdBy>H3C4</createdBy>
<createdTime>2022-06-22 05:09:00 UTC</createdTime>
<generatorID>872F24FF-0ED0-13D6-03B3-8280C2311207</generatorID>
<ownerDesignName>dbITBOY</ownerDesignName>
<allowColumnReorder>false</allowColumnReorder>
<existDependencyGenerateInDDl>true</existDependencyGenerateInDDl>
<parsed>true</parsed>
<columns itemClass="oracle.dbtools.crest.model.design.relational.Column">
<Column name="id_anexo1" id="3EC8ABB7-0141-B8A9-EF08-626529E4A22D">
<createdBy>H3C4</createdBy>
<createdTime>2022-06-22 05:09:00 UTC</createdTime>
<generatorID>C7B20FC7-6330-82EC-F2D2-8D9D9C855602</generatorID>
<ownerDesignName>dbITBOY</ownerDesignName>
<useDomainConstraints>false</useDomainConstraints>
<use>1</use>
<logicalDatatype>LOGDT011</logicalDatatype>
<ownDataTypeParameters>,,</ownDataTypeParameters>
<autoIncrementCycle>false</autoIncrementCycle>
</Column>
<Column name="pertenecienteInformeAccidente" id="FB391ED4-7AA1-A429-D10E-5752D472B0C4">
<createdBy>H3C4</createdBy>
<createdTime>2022-06-22 05:09:00 UTC</createdTime>
<generatorID>FEF17116-59B2-EFF7-5078-E7E61B11F18B</generatorID>
<ownerDesignName>dbITBOY</ownerDesignName>
<nullsAllowed>true</nullsAllowed>
<useDomainConstraints>false</useDomainConstraints>
<use>1</use>
<logicalDatatype>LOGDT024</logicalDatatype>
<dataTypeSize>10 CHAR</dataTypeSize>
<ownDataTypeParameters>10 CHAR,,</ownDataTypeParameters>
<autoIncrementCycle>false</autoIncrementCycle>
</Column>
<Column name="ITBOY_id_casoAccidente" id="79D0171A-2EE0-E4DF-E97D-44EE66CA80FA">
<createdBy>H3C4</createdBy>
<createdTime>2022-06-22 05:09:00 UTC</createdTime>
<generatorID>E77B9F9B-2FBC-45E2-9D2B-B9008199D61E</generatorID>
<ownerDesignName>dbITBOY</ownerDesignName>
<useDomainConstraints>false</useDomainConstraints>
<use>1</use>
<logicalDatatype>LOGDT019</logicalDatatype>
<ownDataTypeParameters>,,</ownDataTypeParameters>
<previousColumn>false</previousColumn>
<autoIncrementCycle>false</autoIncrementCycle>
<associations>
<colAssociation fkAssociation="6556906A-1B1B-B904-8C23-651FEC2B943E" referredColumn="BBF05A64-6161-A87C-ACAC-4363270C97AB"/>
</associations>
</Column>
</columns>
<indexes itemClass="oracle.dbtools.crest.model.design.relational.Index">
<ind_PK_UK id="C4C42657-F330-B015-BE33-0C5425C11961" name="anexo1_PK">
<createdBy>H3C4</createdBy>
<createdTime>2022-06-22 05:09:00 UTC</createdTime>
<generatorID>50E4D462-39A3-1BEC-F0F8-656AA9C5E1E3</generatorID>
<ownerDesignName>dbITBOY</ownerDesignName>
<pk>true</pk>
<indexState>Primary Constraint</indexState>
<isSurrogateKey>false</isSurrogateKey>
<indexColumnUsage>
<colUsage columnID="3EC8ABB7-0141-B8A9-EF08-626529E4A22D"/>
<colUsage columnID="79D0171A-2EE0-E4DF-E97D-44EE66CA80FA"/>
</indexColumnUsage>
</ind_PK_UK>
<ind_PK_UK id="ED5B8286-1484-84E6-9EC8-F0FA6D9E7CA7" name="anexo1_ITBOY_FK">
<createdBy>H3C4</createdBy>
<createdTime>2022-06-22 05:09:00 UTC</createdTime>
<generatorID>6957403C-A3DE-754D-B2A7-FE372B1F078A</generatorID>
<ownerDesignName>dbITBOY</ownerDesignName>
<indexState>Foreign Key</indexState>
<isSurrogateKey>false</isSurrogateKey>
<indexColumnUsage>
<colUsage columnID="79D0171A-2EE0-E4DF-E97D-44EE66CA80FA"/>
</indexColumnUsage>
</ind_PK_UK>
</indexes>
</Table>