<?xml version = '1.0' encoding = 'UTF-8'?>
<Table class="oracle.dbtools.crest.model.design.relational.Table" directorySegmentName="seg_1" id="ACFA9461-C7D5-0AEC-F872-2345E27AEB0C" name="correspondio">
<createdBy>H3C4</createdBy>
<createdTime>2022-06-22 05:09:00 UTC</createdTime>
<generatorID>A66439B2-13BB-F853-7227-3EE00D819569</generatorID>
<ownerDesignName>dbITBOY</ownerDesignName>
<allowColumnReorder>false</allowColumnReorder>
<existDependencyGenerateInDDl>true</existDependencyGenerateInDDl>
<parsed>true</parsed>
<columns itemClass="oracle.dbtools.crest.model.design.relational.Column">
<Column name="id_correspondioAnexo1" id="C24B10C0-1F11-9577-2811-74F5DCEF8D84">
<createdBy>H3C4</createdBy>
<createdTime>2022-06-22 05:09:00 UTC</createdTime>
<generatorID>6020B946-F930-19DC-2F15-BE3A4524FFFF</generatorID>
<ownerDesignName>dbITBOY</ownerDesignName>
<useDomainConstraints>false</useDomainConstraints>
<use>1</use>
<logicalDatatype>LOGDT011</logicalDatatype>
<ownDataTypeParameters>,,</ownDataTypeParameters>
<autoIncrementCycle>false</autoIncrementCycle>
</Column>
<Column name="numeroInvestigacion" id="25FA3228-C10B-2FC1-1533-5183FF5492DE">
<createdBy>H3C4</createdBy>
<createdTime>2022-06-22 05:09:00 UTC</createdTime>
<generatorID>CC21096B-2CE8-7444-A9F6-DA8FF59006C2</generatorID>
<ownerDesignName>dbITBOY</ownerDesignName>
<nullsAllowed>true</nullsAllowed>
<useDomainConstraints>false</useDomainConstraints>
<use>1</use>
<logicalDatatype>LOGDT011</logicalDatatype>
<ownDataTypeParameters>,,</ownDataTypeParameters>
<autoIncrementCycle>false</autoIncrementCycle>
</Column>
<Column name="anexo1_id_anexo1" id="0A6420F7-D446-6723-AE9C-0DAD9A96A468">
<createdBy>H3C4</createdBy>
<createdTime>2022-06-22 05:09:00 UTC</createdTime>
<generatorID>BB7EFBC9-527F-B401-9AEC-0DE6EE30308A</generatorID>
<ownerDesignName>dbITBOY</ownerDesignName>
<useDomainConstraints>false</useDomainConstraints>
<use>1</use>
<logicalDatatype>LOGDT011</logicalDatatype>
<ownDataTypeParameters>,,</ownDataTypeParameters>
<previousColumn>false</previousColumn>
<autoIncrementCycle>false</autoIncrementCycle>
<associations>
<colAssociation fkAssociation="1D095ED4-7988-F875-BD12-8EB86699E6E8" referredColumn="3EC8ABB7-0141-B8A9-EF08-626529E4A22D"/>
</associations>
</Column>
<Column name="anexo1_id_casoAccidente" id="CE37EFFA-A8F9-4869-EA5C-E3A76DEF95C7">
<createdBy>H3C4</createdBy>
<createdTime>2022-06-22 05:09:00 UTC</createdTime>
<generatorID>59C803CE-5310-31E6-FD88-C584DBACE57F</generatorID>
<ownerDesignName>dbITBOY</ownerDesignName>
<useDomainConstraints>false</useDomainConstraints>
<use>1</use>
<logicalDatatype>LOGDT019</logicalDatatype>
<ownDataTypeParameters>,,</ownDataTypeParameters>
<previousColumn>false</previousColumn>
<autoIncrementCycle>false</autoIncrementCycle>
<associations>
<colAssociation fkAssociation="1D095ED4-7988-F875-BD12-8EB86699E6E8" referredColumn="79D0171A-2EE0-E4DF-E97D-44EE66CA80FA"/>
</associations>
</Column>
</columns>
<indexes itemClass="oracle.dbtools.crest.model.design.relational.Index">
<ind_PK_UK id="FB548134-57EC-FE9F-3A0E-4FF4ED5A7532" name="correspondio_PK">
<createdBy>H3C4</createdBy>
<createdTime>2022-06-22 05:09:00 UTC</createdTime>
<generatorID>F0B66BCD-BF07-9917-F3C7-216C396A1CD7</generatorID>
<ownerDesignName>dbITBOY</ownerDesignName>
<pk>true</pk>
<indexState>Primary Constraint</indexState>
<isSurrogateKey>false</isSurrogateKey>
<indexColumnUsage>
<colUsage columnID="C24B10C0-1F11-9577-2811-74F5DCEF8D84"/>
</indexColumnUsage>
</ind_PK_UK>
<ind_PK_UK id="8D2ED62F-7ED3-7BCF-B732-AC78286A57C3" name="correspondio__IDX">
<createdBy>H3C4</createdBy>
<createdTime>2022-06-22 05:09:00 UTC</createdTime>
<ownerDesignName>dbITBOY</ownerDesignName>
<indexState>Unique Plain Index</indexState>
<isSurrogateKey>false</isSurrogateKey>
<relationGeneratorID>9920BC2A-0AED-CE10-1760-CD70EDE82D20</relationGeneratorID>
<indexColumnUsage>
<colUsage columnID="0A6420F7-D446-6723-AE9C-0DAD9A96A468"/>
<colUsage columnID="CE37EFFA-A8F9-4869-EA5C-E3A76DEF95C7"/>
</indexColumnUsage>
</ind_PK_UK>
<ind_PK_UK id="C34F6AA6-47C4-BF53-FDAA-2F317F4FA28A" name="correspondio_anexo1_FK">
<createdBy>H3C4</createdBy>
<createdTime>2022-06-22 05:09:00 UTC</createdTime>
<generatorID>9920BC2A-0AED-CE10-1760-CD70EDE82D20</generatorID>
<ownerDesignName>dbITBOY</ownerDesignName>
<indexState>Foreign Key</indexState>
<isSurrogateKey>false</isSurrogateKey>
<indexColumnUsage>
<colUsage columnID="0A6420F7-D446-6723-AE9C-0DAD9A96A468"/>
<colUsage columnID="CE37EFFA-A8F9-4869-EA5C-E3A76DEF95C7"/>
</indexColumnUsage>
</ind_PK_UK>
</indexes>
</Table>