<?xml version = '1.0' encoding = 'UTF-8'?>
<Table class="oracle.dbtools.crest.model.design.relational.Table" directorySegmentName="seg_1" id="B049E6D3-DBB5-A786-685C-15E68F14501C" name="nacionalidadAnexo1">
<createdBy>H3C4</createdBy>
<createdTime>2022-06-22 05:09:00 UTC</createdTime>
<generatorID>800C71DE-B21B-2671-DDCD-54D24B973377</generatorID>
<ownerDesignName>dbITBOY</ownerDesignName>
<allowColumnReorder>false</allowColumnReorder>
<existDependencyGenerateInDDl>true</existDependencyGenerateInDDl>
<parsed>true</parsed>
<columns itemClass="oracle.dbtools.crest.model.design.relational.Column">
<Column name="id_vehiculoNacionalidad" id="368F931E-FD22-46FE-D923-EF17F8B64ADB">
<createdBy>H3C4</createdBy>
<createdTime>2022-06-22 05:09:00 UTC</createdTime>
<generatorID>B9FC14CE-4BC6-5B53-190C-DB44BC2C1FC6</generatorID>
<ownerDesignName>dbITBOY</ownerDesignName>
<useDomainConstraints>false</useDomainConstraints>
<use>1</use>
<logicalDatatype>LOGDT011</logicalDatatype>
<ownDataTypeParameters>,,</ownDataTypeParameters>
<autoIncrementCycle>false</autoIncrementCycle>
</Column>
<Column name="colombiano" id="BC862CB4-02E3-5387-80D6-F536ED897715">
<createdBy>H3C4</createdBy>
<createdTime>2022-06-22 05:09:00 UTC</createdTime>
<generatorID>47A4F3F9-56D9-685A-3687-968B88DB59FF</generatorID>
<ownerDesignName>dbITBOY</ownerDesignName>
<nullsAllowed>true</nullsAllowed>
<useDomainConstraints>false</useDomainConstraints>
<use>1</use>
<logicalDatatype>LOGDT006</logicalDatatype>
<dataTypeSize>1 CHAR</dataTypeSize>
<ownDataTypeParameters>1 CHAR,,</ownDataTypeParameters>
<autoIncrementCycle>false</autoIncrementCycle>
</Column>
<Column name="extranjero" id="B16347D0-3A90-3651-4D0F-FD7591BED7ED">
<createdBy>H3C4</createdBy>
<createdTime>2022-06-22 05:09:00 UTC</createdTime>
<generatorID>1EFD9D72-3293-7632-07C8-A396C0E6B62F</generatorID>
<ownerDesignName>dbITBOY</ownerDesignName>
<nullsAllowed>true</nullsAllowed>
<useDomainConstraints>false</useDomainConstraints>
<use>1</use>
<logicalDatatype>LOGDT006</logicalDatatype>
<dataTypeSize>1 CHAR</dataTypeSize>
<ownDataTypeParameters>1 CHAR,,</ownDataTypeParameters>
<autoIncrementCycle>false</autoIncrementCycle>
</Column>
<Column name="VehiculoAnexo1_VehiculoAnexo1_ID" id="2AE374E2-BF43-6334-8C85-0CE4EA68BCEE">
<createdBy>H3C4</createdBy>
<createdTime>2022-06-22 05:09:00 UTC</createdTime>
<ownerDesignName>dbITBOY</ownerDesignName>
<useDomainConstraints>false</useDomainConstraints>
<use>1</use>
<logicalDatatype>LOGDT019</logicalDatatype>
<ownDataTypeParameters>,,</ownDataTypeParameters>
<previousColumn>false</previousColumn>
<autoIncrementCycle>false</autoIncrementCycle>
<associations>
<colAssociation fkAssociation="3A8F7CCD-6066-C629-9667-4E306FA99CD5" referredColumn="A1F878B8-BEBC-402F-DF16-8BE249F22FED"/>
</associations>
</Column>
</columns>
<indexes itemClass="oracle.dbtools.crest.model.design.relational.Index">
<ind_PK_UK id="0D5A6F41-2181-7517-198B-DA8597254B95" name="nacionalidadAnexo1_PK">
<createdBy>H3C4</createdBy>
<createdTime>2022-06-22 05:09:00 UTC</createdTime>
<generatorID>B7F293F4-5D3C-C2AE-7B92-19FBB009CE21</generatorID>
<ownerDesignName>dbITBOY</ownerDesignName>
<pk>true</pk>
<indexState>Primary Constraint</indexState>
<isSurrogateKey>false</isSurrogateKey>
<indexColumnUsage>
<colUsage columnID="368F931E-FD22-46FE-D923-EF17F8B64ADB"/>
</indexColumnUsage>
</ind_PK_UK>
<ind_PK_UK id="FA29C637-5D6B-6630-13F8-E84EB6D739EB" name="nacionalidadAnexo1__IDX">
<createdBy>H3C4</createdBy>
<createdTime>2022-06-22 05:09:00 UTC</createdTime>
<ownerDesignName>dbITBOY</ownerDesignName>
<indexState>Unique Plain Index</indexState>
<isSurrogateKey>false</isSurrogateKey>
<relationGeneratorID>39E9CE63-9B85-6F7D-CE4B-CF3BAF4D9517</relationGeneratorID>
<indexColumnUsage>
<colUsage columnID="2AE374E2-BF43-6334-8C85-0CE4EA68BCEE"/>
</indexColumnUsage>
</ind_PK_UK>
<ind_PK_UK id="AF07CD0B-40FC-0285-06A9-C9D69CA850A8" name="nacionalidadAnexo1_VehiculoAnexo1_FK">
<createdBy>H3C4</createdBy>
<createdTime>2022-06-22 05:09:00 UTC</createdTime>
<generatorID>39E9CE63-9B85-6F7D-CE4B-CF3BAF4D9517</generatorID>
<ownerDesignName>dbITBOY</ownerDesignName>
<indexState>Foreign Key</indexState>
<isSurrogateKey>false</isSurrogateKey>
<indexColumnUsage>
<colUsage columnID="2AE374E2-BF43-6334-8C85-0CE4EA68BCEE"/>
</indexColumnUsage>
</ind_PK_UK>
</indexes>
</Table>