<?xml version = '1.0' encoding = 'UTF-8'?>
<Table class="oracle.dbtools.crest.model.design.relational.Table" directorySegmentName="seg_1" id="CB140B3C-20D7-CB75-91FD-69FA74B0D652" name="gravedad">
<createdBy>H3C4</createdBy>
<createdTime>2022-06-22 05:09:00 UTC</createdTime>
<generatorID>FEFFEFBC-C03E-9A79-DF82-264AA793F6C6</generatorID>
<ownerDesignName>dbITBOY</ownerDesignName>
<allowColumnReorder>false</allowColumnReorder>
<existDependencyGenerateInDDl>true</existDependencyGenerateInDDl>
<parsed>true</parsed>
<columns itemClass="oracle.dbtools.crest.model.design.relational.Column">
<Column name="id_gravedad" id="8DE5BD7D-E6DC-3406-DA92-67AB8F7E7824">
<createdBy>H3C4</createdBy>
<createdTime>2022-06-22 05:09:00 UTC</createdTime>
<generatorID>3BDF4816-EAFB-83D3-4483-0A5E2B4776A6</generatorID>
<ownerDesignName>dbITBOY</ownerDesignName>
<useDomainConstraints>false</useDomainConstraints>
<use>1</use>
<logicalDatatype>LOGDT011</logicalDatatype>
<ownDataTypeParameters>,,</ownDataTypeParameters>
<autoIncrementCycle>false</autoIncrementCycle>
</Column>
<Column name="muerto" id="ABBEF1DA-52A7-A289-B8E3-F9131D18F6B9">
<createdBy>H3C4</createdBy>
<createdTime>2022-06-22 05:09:00 UTC</createdTime>
<generatorID>A37D4920-4AC7-6584-EAC9-6B3755A5F6C2</generatorID>
<ownerDesignName>dbITBOY</ownerDesignName>
<nullsAllowed>true</nullsAllowed>
<useDomainConstraints>false</useDomainConstraints>
<use>1</use>
<logicalDatatype>LOGDT006</logicalDatatype>
<dataTypeSize>1 CHAR</dataTypeSize>
<ownDataTypeParameters>1 CHAR,,</ownDataTypeParameters>
<autoIncrementCycle>false</autoIncrementCycle>
</Column>
<Column name="herido" id="F6D4EF0C-FA1E-CB10-4ACE-77F3D59B80FF">
<createdBy>H3C4</createdBy>
<createdTime>2022-06-22 05:09:00 UTC</createdTime>
<generatorID>0AC7EFEE-3B65-E623-18A2-13373C346A5F</generatorID>
<ownerDesignName>dbITBOY</ownerDesignName>
<nullsAllowed>true</nullsAllowed>
<useDomainConstraints>false</useDomainConstraints>
<use>1</use>
<logicalDatatype>LOGDT006</logicalDatatype>
<dataTypeSize>1 CHAR</dataTypeSize>
<ownDataTypeParameters>1 CHAR,,</ownDataTypeParameters>
<autoIncrementCycle>false</autoIncrementCycle>
</Column>
<Column name="detallesVictima_id_victimaDetalles" id="3A6C4C88-3F05-CF93-F69F-DCCA4BFD261F">
<createdBy>H3C4</createdBy>
<createdTime>2022-06-22 05:09:00 UTC</createdTime>
<generatorID>0CFB861D-1F06-4BEF-EE3F-5460905E9D78</generatorID>
<ownerDesignName>dbITBOY</ownerDesignName>
<useDomainConstraints>false</useDomainConstraints>
<use>1</use>
<logicalDatatype>LOGDT011</logicalDatatype>
<ownDataTypeParameters>,,</ownDataTypeParameters>
<previousColumn>false</previousColumn>
<autoIncrementCycle>false</autoIncrementCycle>
<associations>
<colAssociation fkAssociation="0B350EFC-BA64-1F39-FB38-CA8B4B66E555" referredColumn="B1F9E795-E9AA-D3D8-47FD-F4789644F42D"/>
</associations>
</Column>
</columns>
<indexes itemClass="oracle.dbtools.crest.model.design.relational.Index">
<ind_PK_UK id="B760EE1D-2282-15C4-BB34-B063F255FE1B" name="gravedad_PK">
<createdBy>H3C4</createdBy>
<createdTime>2022-06-22 05:09:00 UTC</createdTime>
<generatorID>35BC5888-DFF6-8A9B-2727-8D01EBB50B75</generatorID>
<ownerDesignName>dbITBOY</ownerDesignName>
<pk>true</pk>
<indexState>Primary Constraint</indexState>
<isSurrogateKey>false</isSurrogateKey>
<indexColumnUsage>
<colUsage columnID="8DE5BD7D-E6DC-3406-DA92-67AB8F7E7824"/>
</indexColumnUsage>
</ind_PK_UK>
<ind_PK_UK id="A802A9E2-8060-EEC5-09DC-0FAAC0E4C0F1" name="gravedad__IDX">
<createdBy>H3C4</createdBy>
<createdTime>2022-06-22 05:09:00 UTC</createdTime>
<ownerDesignName>dbITBOY</ownerDesignName>
<indexState>Unique Plain Index</indexState>
<isSurrogateKey>false</isSurrogateKey>
<relationGeneratorID>25770657-0D64-C784-71EE-5D8D933D167F</relationGeneratorID>
<indexColumnUsage>
<colUsage columnID="3A6C4C88-3F05-CF93-F69F-DCCA4BFD261F"/>
</indexColumnUsage>
</ind_PK_UK>
<ind_PK_UK id="3EBDA023-1E43-4FF3-2370-788ACAFD1911" name="gravedad_detallesVictima_FK">
<createdBy>H3C4</createdBy>
<createdTime>2022-06-22 05:09:00 UTC</createdTime>
<generatorID>25770657-0D64-C784-71EE-5D8D933D167F</generatorID>
<ownerDesignName>dbITBOY</ownerDesignName>
<indexState>Foreign Key</indexState>
<isSurrogateKey>false</isSurrogateKey>
<indexColumnUsage>
<colUsage columnID="3A6C4C88-3F05-CF93-F69F-DCCA4BFD261F"/>
</indexColumnUsage>
</ind_PK_UK>
</indexes>
</Table>