<?xml version = '1.0' encoding = 'UTF-8'?>
<Table class="oracle.dbtools.crest.model.design.relational.Table" directorySegmentName="seg_1" id="D359B2EB-C4AD-27CE-94DF-5B53D7DD8054" name="observaciones">
<createdBy>H3C4</createdBy>
<createdTime>2022-06-22 05:09:00 UTC</createdTime>
<generatorID>5778DF13-904D-6A88-83A2-C7234E0DDF95</generatorID>
<ownerDesignName>dbITBOY</ownerDesignName>
<allowColumnReorder>false</allowColumnReorder>
<existDependencyGenerateInDDl>true</existDependencyGenerateInDDl>
<parsed>true</parsed>
<columns itemClass="oracle.dbtools.crest.model.design.relational.Column">
<Column name="id_observaciones" id="5BDC1BA0-3066-01FA-F64F-6277123018F8">
<createdBy>H3C4</createdBy>
<createdTime>2022-06-22 05:09:00 UTC</createdTime>
<generatorID>5C0C4D4B-CFC6-12F4-D83D-04DA03516EE2</generatorID>
<ownerDesignName>dbITBOY</ownerDesignName>
<nullsAllowed>true</nullsAllowed>
<useDomainConstraints>false</useDomainConstraints>
<use>1</use>
<logicalDatatype>LOGDT011</logicalDatatype>
<ownDataTypeParameters>,,</ownDataTypeParameters>
<autoIncrementCycle>false</autoIncrementCycle>
</Column>
<Column name="observaciones" id="42808AAD-55EE-2038-4226-77B41E0FB8F6">
<createdBy>H3C4</createdBy>
<createdTime>2022-06-22 05:09:00 UTC</createdTime>
<generatorID>AE7535C6-9A0D-2F46-F620-853C8BF2C4F0</generatorID>
<ownerDesignName>dbITBOY</ownerDesignName>
<nullsAllowed>true</nullsAllowed>
<useDomainConstraints>false</useDomainConstraints>
<use>1</use>
<logicalDatatype>LOGDT024</logicalDatatype>
<dataTypeSize>255 CHAR</dataTypeSize>
<ownDataTypeParameters>255 CHAR,,</ownDataTypeParameters>
<autoIncrementCycle>false</autoIncrementCycle>
</Column>
<Column name="anexo2_id_anexo2" id="B84E8C24-A1FE-4D46-502C-FD529BF76F43">
<createdBy>H3C4</createdBy>
<createdTime>2022-06-22 05:09:00 UTC</createdTime>
<generatorID>63897E5B-7765-C3B0-6131-3AEA41017D43</generatorID>
<ownerDesignName>dbITBOY</ownerDesignName>
<useDomainConstraints>false</useDomainConstraints>
<use>1</use>
<logicalDatatype>LOGDT011</logicalDatatype>
<ownDataTypeParameters>,,</ownDataTypeParameters>
<previousColumn>false</previousColumn>
<autoIncrementCycle>false</autoIncrementCycle>
<associations>
<colAssociation fkAssociation="B523E92E-C48E-33D1-BD81-7B52B5965A53" referredColumn="A2753F7F-0FA4-326F-2D51-08382257F357"/>
</associations>
</Column>
<Column name="anexo2_id_casoAccidente" id="1CD2A659-6D66-42B8-D60C-597249E15B86">
<createdBy>H3C4</createdBy>
<createdTime>2022-06-22 05:09:00 UTC</createdTime>
<generatorID>3F8AD481-C8D8-925E-7F37-090DBF677EF1</generatorID>
<ownerDesignName>dbITBOY</ownerDesignName>
<useDomainConstraints>false</useDomainConstraints>
<use>1</use>
<logicalDatatype>LOGDT019</logicalDatatype>
<ownDataTypeParameters>,,</ownDataTypeParameters>
<previousColumn>false</previousColumn>
<autoIncrementCycle>false</autoIncrementCycle>
<associations>
<colAssociation fkAssociation="B523E92E-C48E-33D1-BD81-7B52B5965A53" referredColumn="2835EF57-5E9E-5391-4DDB-202D14E3F97B"/>
</associations>
</Column>
</columns>
<indexes itemClass="oracle.dbtools.crest.model.design.relational.Index">
<ind_PK_UK id="0251F6AF-14A8-70CA-0B1B-7E0AEC46A172" name="observaciones__IDX">
<createdBy>H3C4</createdBy>
<createdTime>2022-06-22 05:09:00 UTC</createdTime>
<ownerDesignName>dbITBOY</ownerDesignName>
<indexState>Unique Plain Index</indexState>
<isSurrogateKey>false</isSurrogateKey>
<relationGeneratorID>EEF56DC9-4FF9-2DF4-6904-528594D68ED0</relationGeneratorID>
<indexColumnUsage>
<colUsage columnID="B84E8C24-A1FE-4D46-502C-FD529BF76F43"/>
<colUsage columnID="1CD2A659-6D66-42B8-D60C-597249E15B86"/>
</indexColumnUsage>
</ind_PK_UK>
<ind_PK_UK id="0416EA5D-F5BB-6B7B-E1CE-29354FB3CE82" name="observaciones_anexo2_FK">
<createdBy>H3C4</createdBy>
<createdTime>2022-06-22 05:09:00 UTC</createdTime>
<generatorID>EEF56DC9-4FF9-2DF4-6904-528594D68ED0</generatorID>
<ownerDesignName>dbITBOY</ownerDesignName>
<indexState>Foreign Key</indexState>
<isSurrogateKey>false</isSurrogateKey>
<indexColumnUsage>
<colUsage columnID="B84E8C24-A1FE-4D46-502C-FD529BF76F43"/>
<colUsage columnID="1CD2A659-6D66-42B8-D60C-597249E15B86"/>
</indexColumnUsage>
</ind_PK_UK>
</indexes>
</Table>