<?xml version = '1.0' encoding = 'UTF-8'?>
<Table class="oracle.dbtools.crest.model.design.relational.Table" directorySegmentName="seg_1" id="E1536E5A-A823-6C9C-60BB-D6223925D256" name="embriaguezAnexo1">
<createdBy>H3C4</createdBy>
<createdTime>2022-06-22 05:09:00 UTC</createdTime>
<generatorID>1DA2803F-1F59-812F-F1D9-4B38D21D2BC4</generatorID>
<ownerDesignName>dbITBOY</ownerDesignName>
<allowColumnReorder>false</allowColumnReorder>
<existDependencyGenerateInDDl>true</existDependencyGenerateInDDl>
<parsed>true</parsed>
<columns itemClass="oracle.dbtools.crest.model.design.relational.Column">
<Column name="id_conductorEmbriaguez" id="D9CB1E9C-048E-2D8E-DC2E-5904B09B90BA">
<createdBy>H3C4</createdBy>
<createdTime>2022-06-22 05:09:00 UTC</createdTime>
<generatorID>931D73C6-402E-67A5-C991-6C5AA8937745</generatorID>
<ownerDesignName>dbITBOY</ownerDesignName>
<useDomainConstraints>false</useDomainConstraints>
<use>1</use>
<logicalDatatype>LOGDT011</logicalDatatype>
<ownDataTypeParameters>,,</ownDataTypeParameters>
<autoIncrementCycle>false</autoIncrementCycle>
</Column>
<Column name="positivo" id="527A2798-A757-FA5C-EFD7-E5CEF9043FDE">
<createdBy>H3C4</createdBy>
<createdTime>2022-06-22 05:09:00 UTC</createdTime>
<generatorID>6F4EFBF3-8446-13F3-C1B4-E761C2D1DA2E</generatorID>
<ownerDesignName>dbITBOY</ownerDesignName>
<nullsAllowed>true</nullsAllowed>
<useDomainConstraints>false</useDomainConstraints>
<use>1</use>
<logicalDatatype>LOGDT006</logicalDatatype>
<dataTypeSize>1 CHAR</dataTypeSize>
<ownDataTypeParameters>1 CHAR,,</ownDataTypeParameters>
<autoIncrementCycle>false</autoIncrementCycle>
</Column>
<Column name="negativo" id="9CD85B96-667B-9F84-43D7-D1D80F41F906">
<createdBy>H3C4</createdBy>
<createdTime>2022-06-22 05:09:00 UTC</createdTime>
<generatorID>DB94816E-CC7E-C45B-A299-36394440E384</generatorID>
<ownerDesignName>dbITBOY</ownerDesignName>
<nullsAllowed>true</nullsAllowed>
<useDomainConstraints>false</useDomainConstraints>
<use>1</use>
<logicalDatatype>LOGDT006</logicalDatatype>
<dataTypeSize>1 CHAR</dataTypeSize>
<ownDataTypeParameters>1 CHAR,,</ownDataTypeParameters>
<autoIncrementCycle>false</autoIncrementCycle>
</Column>
<Column name="grado" id="861266AE-30F0-750B-EE44-F5A4B09F6A80">
<createdBy>H3C4</createdBy>
<createdTime>2022-06-22 05:09:00 UTC</createdTime>
<generatorID>70034401-50C7-784F-7E4B-3E51F0F3EB72</generatorID>
<ownerDesignName>dbITBOY</ownerDesignName>
<nullsAllowed>true</nullsAllowed>
<useDomainConstraints>false</useDomainConstraints>
<use>1</use>
<logicalDatatype>LOGDT011</logicalDatatype>
<ownDataTypeParameters>,,</ownDataTypeParameters>
<autoIncrementCycle>false</autoIncrementCycle>
</Column>
<Column name="conductorAnexo1_id_conductor" id="42FEE32E-90B4-AAB7-FA2D-45AEC540E55E">
<createdBy>H3C4</createdBy>
<createdTime>2022-06-22 05:09:00 UTC</createdTime>
<generatorID>70A4A48D-454C-204B-3EAD-CF4C25FC2806</generatorID>
<ownerDesignName>dbITBOY</ownerDesignName>
<useDomainConstraints>false</useDomainConstraints>
<use>1</use>
<logicalDatatype>LOGDT011</logicalDatatype>
<ownDataTypeParameters>,,</ownDataTypeParameters>
<previousColumn>false</previousColumn>
<autoIncrementCycle>false</autoIncrementCycle>
<associations>
<colAssociation fkAssociation="3ACB46B8-C10E-C05A-4A4C-1EA21D45BEFC" referredColumn="E8088289-880C-930F-5E02-18B9D3E3DBCA"/>
</associations>
</Column>
</columns>
<indexes itemClass="oracle.dbtools.crest.model.design.relational.Index">
<ind_PK_UK id="5D34AAA2-F80E-60C4-B779-9E9DDBC3EE66" name="embriaguezAnexo1_PK">
<createdBy>H3C4</createdBy>
<createdTime>2022-06-22 05:09:00 UTC</createdTime>
<generatorID>97F66C7E-01B8-7C39-D087-8275F9B3B935</generatorID>
<ownerDesignName>dbITBOY</ownerDesignName>
<pk>true</pk>
<indexState>Primary Constraint</indexState>
<isSurrogateKey>false</isSurrogateKey>
<indexColumnUsage>
<colUsage columnID="D9CB1E9C-048E-2D8E-DC2E-5904B09B90BA"/>
</indexColumnUsage>
</ind_PK_UK>
<ind_PK_UK id="E25183BC-B78D-03DC-F33A-FF207A81A762" name="embriaguezAnexo1__IDX">
<createdBy>H3C4</createdBy>
<createdTime>2022-06-22 05:09:00 UTC</createdTime>
<ownerDesignName>dbITBOY</ownerDesignName>
<indexState>Unique Plain Index</indexState>
<isSurrogateKey>false</isSurrogateKey>
<relationGeneratorID>C5DAF4F4-9545-8556-0B91-0C0879CE9CFF</relationGeneratorID>
<indexColumnUsage>
<colUsage columnID="42FEE32E-90B4-AAB7-FA2D-45AEC540E55E"/>
</indexColumnUsage>
</ind_PK_UK>
<ind_PK_UK id="BCB6BE9B-9FC5-E1D1-E8C2-C2BF28FE475E" name="embriaguezAnexo1_conductorAnexo1_FK">
<createdBy>H3C4</createdBy>
<createdTime>2022-06-22 05:09:00 UTC</createdTime>
<generatorID>C5DAF4F4-9545-8556-0B91-0C0879CE9CFF</generatorID>
<ownerDesignName>dbITBOY</ownerDesignName>
<indexState>Foreign Key</indexState>
<isSurrogateKey>false</isSurrogateKey>
<indexColumnUsage>
<colUsage columnID="42FEE32E-90B4-AAB7-FA2D-45AEC540E55E"/>
</indexColumnUsage>
</ind_PK_UK>
</indexes>
</Table>