<?xml version = '1.0' encoding = 'UTF-8'?>
<Table class="oracle.dbtools.crest.model.design.relational.Table" directorySegmentName="seg_1" id="E4F24E0C-3C7B-388F-A2AB-4AB8F5205AB3" name="ChoqueObjeto">
<createdBy>H3C4</createdBy>
<createdTime>2022-06-22 05:09:00 UTC</createdTime>
<generatorID>C3E8042B-3410-6FF2-6089-3CE43EAE67B7</generatorID>
<ownerDesignName>dbITBOY</ownerDesignName>
<allowColumnReorder>false</allowColumnReorder>
<existDependencyGenerateInDDl>true</existDependencyGenerateInDDl>
<parsed>true</parsed>
<columns itemClass="oracle.dbtools.crest.model.design.relational.Column">
<Column name="id_choqueObjeto" id="C5D7FF41-FE6E-C60E-F330-CC30C34E15E0">
<createdBy>H3C4</createdBy>
<createdTime>2022-06-22 05:09:00 UTC</createdTime>
<generatorID>7273233F-64EA-8803-F9D0-4C1541266715</generatorID>
<ownerDesignName>dbITBOY</ownerDesignName>
<useDomainConstraints>false</useDomainConstraints>
<use>1</use>
<logicalDatatype>LOGDT011</logicalDatatype>
<ownDataTypeParameters>,,</ownDataTypeParameters>
<autoIncrementCycle>false</autoIncrementCycle>
</Column>
<Column name="vehiculo" id="2F9DE133-611B-9439-955E-9AA315E10E2B">
<createdBy>H3C4</createdBy>
<createdTime>2022-06-22 05:09:00 UTC</createdTime>
<generatorID>6EFE5CE7-7CC2-DBA8-AE73-FB9501A6973E</generatorID>
<ownerDesignName>dbITBOY</ownerDesignName>
<nullsAllowed>true</nullsAllowed>
<useDomainConstraints>false</useDomainConstraints>
<use>1</use>
<logicalDatatype>LOGDT006</logicalDatatype>
<dataTypeSize>1</dataTypeSize>
<ownDataTypeParameters>1,,</ownDataTypeParameters>
<autoIncrementCycle>false</autoIncrementCycle>
</Column>
<Column name="tren" id="27E7744A-6E9B-B4D4-BC93-9BA6B9764746">
<createdBy>H3C4</createdBy>
<createdTime>2022-06-22 05:09:00 UTC</createdTime>
<generatorID>F03E6D85-E8F4-6C25-D47B-7FCFAD2D8376</generatorID>
<ownerDesignName>dbITBOY</ownerDesignName>
<nullsAllowed>true</nullsAllowed>
<useDomainConstraints>false</useDomainConstraints>
<use>1</use>
<logicalDatatype>LOGDT006</logicalDatatype>
<dataTypeSize>1 CHAR</dataTypeSize>
<ownDataTypeParameters>1 CHAR,,</ownDataTypeParameters>
<autoIncrementCycle>false</autoIncrementCycle>
</Column>
<Column name="semoviente" id="794C8E90-2B1D-8C01-D8FF-4A2E956D5ED1">
<createdBy>H3C4</createdBy>
<createdTime>2022-06-22 05:09:00 UTC</createdTime>
<generatorID>927A5ECB-572A-1A47-1B12-B7828F49429B</generatorID>
<ownerDesignName>dbITBOY</ownerDesignName>
<nullsAllowed>true</nullsAllowed>
<useDomainConstraints>false</useDomainConstraints>
<use>1</use>
<logicalDatatype>LOGDT006</logicalDatatype>
<dataTypeSize>1 CHAR</dataTypeSize>
<ownDataTypeParameters>1 CHAR,,</ownDataTypeParameters>
<autoIncrementCycle>false</autoIncrementCycle>
</Column>
<Column name="claseAccidente_id_claseAccidente" id="EF3732DE-ED5B-CA4A-F9E9-B9F8DC123141">
<createdBy>H3C4</createdBy>
<createdTime>2022-06-22 05:09:00 UTC</createdTime>
<generatorID>475006AA-0966-F825-EB39-0CF64CC81941</generatorID>
<ownerDesignName>dbITBOY</ownerDesignName>
<useDomainConstraints>false</useDomainConstraints>
<use>1</use>
<logicalDatatype>LOGDT011</logicalDatatype>
<ownDataTypeParameters>,,</ownDataTypeParameters>
<previousColumn>false</previousColumn>
<autoIncrementCycle>false</autoIncrementCycle>
<associations>
<colAssociation fkAssociation="F5192CF3-2115-160A-AE1A-80CACDFAB3D0" referredColumn="FBE3F747-26CA-F853-BDC9-AE1D4C75F7D4"/>
</associations>
</Column>
<Column name="claseAccidente_id_informe" id="B3819C01-B923-29E6-1029-99C9233E7F9B">
<createdBy>H3C4</createdBy>
<createdTime>2022-06-22 05:09:00 UTC</createdTime>
<generatorID>E6E8A741-522E-9231-C6F2-7D0FCDFDC998</generatorID>
<ownerDesignName>dbITBOY</ownerDesignName>
<useDomainConstraints>false</useDomainConstraints>
<use>1</use>
<logicalDatatype>LOGDT011</logicalDatatype>
<ownDataTypeParameters>,,</ownDataTypeParameters>
<previousColumn>false</previousColumn>
<autoIncrementCycle>false</autoIncrementCycle>
<associations>
<colAssociation fkAssociation="F5192CF3-2115-160A-AE1A-80CACDFAB3D0" referredColumn="4EBABA97-0219-7DB5-A376-35AADAB8F255"/>
</associations>
</Column>
<Column name="claseAccidente_id_casoAccidente" id="AED3D17C-4618-8D27-6435-9B2F6BB0E423">
<createdBy>H3C4</createdBy>
<createdTime>2022-06-22 05:09:00 UTC</createdTime>
<generatorID>10EA9EAE-B850-AD65-E6B7-3FC3E77CF897</generatorID>
<ownerDesignName>dbITBOY</ownerDesignName>
<useDomainConstraints>false</useDomainConstraints>
<use>1</use>
<logicalDatatype>LOGDT019</logicalDatatype>
<ownDataTypeParameters>,,</ownDataTypeParameters>
<previousColumn>false</previousColumn>
<autoIncrementCycle>false</autoIncrementCycle>
<associations>
<colAssociation fkAssociation="F5192CF3-2115-160A-AE1A-80CACDFAB3D0" referredColumn="74C037A3-CDE9-9F25-BE17-A6CD87385244"/>
</associations>
</Column>
</columns>
<indexes itemClass="oracle.dbtools.crest.model.design.relational.Index">
<ind_PK_UK id="E7567787-3A8A-0DA9-26FB-333C4F596A33" name="ChoqueObjeto_PK">
<createdBy>H3C4</createdBy>
<createdTime>2022-06-22 05:09:00 UTC</createdTime>
<generatorID>9F57C346-6070-D360-002E-A31596BB4FF4</generatorID>
<ownerDesignName>dbITBOY</ownerDesignName>
<pk>true</pk>
<indexState>Primary Constraint</indexState>
<isSurrogateKey>false</isSurrogateKey>
<indexColumnUsage>
<colUsage columnID="C5D7FF41-FE6E-C60E-F330-CC30C34E15E0"/>
</indexColumnUsage>
</ind_PK_UK>
<ind_PK_UK id="97281495-C670-F868-CD74-6E5DEEF15B6E" name="ChoqueObjeto_claseAccidente_FK">
<createdBy>H3C4</createdBy>
<createdTime>2022-06-22 05:09:00 UTC</createdTime>
<generatorID>1D0C99FC-7B8C-70DD-D5A3-D1188825BF17</generatorID>
<ownerDesignName>dbITBOY</ownerDesignName>
<indexState>Foreign Key</indexState>
<isSurrogateKey>false</isSurrogateKey>
<indexColumnUsage>
<colUsage columnID="EF3732DE-ED5B-CA4A-F9E9-B9F8DC123141"/>
<colUsage columnID="B3819C01-B923-29E6-1029-99C9233E7F9B"/>
<colUsage columnID="AED3D17C-4618-8D27-6435-9B2F6BB0E423"/>
</indexColumnUsage>
</ind_PK_UK>
</indexes>
</Table>