<?xml version = '1.0' encoding = 'UTF-8'?>
<Table class="oracle.dbtools.crest.model.design.relational.Table" directorySegmentName="seg_1" id="EDD157A4-5734-4282-F289-EB31769B2F2B" name="mixto">
<createdBy>H3C4</createdBy>
<createdTime>2022-06-22 05:09:00 UTC</createdTime>
<generatorID>EF8C7D9C-E47D-9F8C-A508-6A9C1D435899</generatorID>
<ownerDesignName>dbITBOY</ownerDesignName>
<allowColumnReorder>false</allowColumnReorder>
<existDependencyGenerateInDDl>true</existDependencyGenerateInDDl>
<parsed>true</parsed>
<columns itemClass="oracle.dbtools.crest.model.design.relational.Column">
<Column name="id_mixto" id="939EA0C2-B583-6F33-8803-E2EA7A2469C7">
<createdBy>H3C4</createdBy>
<createdTime>2022-06-22 05:09:00 UTC</createdTime>
<generatorID>DEB97161-412B-FD00-CBB9-C62A150F27FB</generatorID>
<ownerDesignName>dbITBOY</ownerDesignName>
<useDomainConstraints>false</useDomainConstraints>
<use>1</use>
<logicalDatatype>LOGDT011</logicalDatatype>
<ownDataTypeParameters>,,</ownDataTypeParameters>
<autoIncrementCycle>false</autoIncrementCycle>
</Column>
<Column name="mixto" id="9DBC1BBE-6D3F-5AA8-4443-2879CA6B6523">
<createdBy>H3C4</createdBy>
<createdTime>2022-06-22 05:09:00 UTC</createdTime>
<generatorID>296D560A-F4B2-2E13-3B9E-71129047CBC8</generatorID>
<ownerDesignName>dbITBOY</ownerDesignName>
<nullsAllowed>true</nullsAllowed>
<useDomainConstraints>false</useDomainConstraints>
<use>1</use>
<logicalDatatype>LOGDT006</logicalDatatype>
<dataTypeSize>1 CHAR</dataTypeSize>
<ownDataTypeParameters>1 CHAR,,</ownDataTypeParameters>
<autoIncrementCycle>false</autoIncrementCycle>
</Column>
<Column name="modalidadTrans_id_modTrans" id="FEED9376-AE09-9030-72A7-B344BF64A6BC">
<createdBy>H3C4</createdBy>
<createdTime>2022-06-22 05:09:00 UTC</createdTime>
<generatorID>71BBFEF6-C63D-05FB-5770-D5E97C835895</generatorID>
<ownerDesignName>dbITBOY</ownerDesignName>
<useDomainConstraints>false</useDomainConstraints>
<use>1</use>
<logicalDatatype>LOGDT011</logicalDatatype>
<ownDataTypeParameters>,,</ownDataTypeParameters>
<previousColumn>false</previousColumn>
<autoIncrementCycle>false</autoIncrementCycle>
<associations>
<colAssociation fkAssociation="7EB2B57C-5F2B-888A-F719-0FAEF7563F33" referredColumn="2A3D02CC-D768-2133-9050-6D2DF43E2CF5"/>
</associations>
</Column>
</columns>
<indexes itemClass="oracle.dbtools.crest.model.design.relational.Index">
<ind_PK_UK id="14038910-465D-A86B-13A8-2A93121C5501" name="mixto_PK">
<createdBy>H3C4</createdBy>
<createdTime>2022-06-22 05:09:00 UTC</createdTime>
<generatorID>A5F91310-FA42-A5FC-57ED-017C1C3518A0</generatorID>
<ownerDesignName>dbITBOY</ownerDesignName>
<pk>true</pk>
<indexState>Primary Constraint</indexState>
<isSurrogateKey>false</isSurrogateKey>
<indexColumnUsage>
<colUsage columnID="939EA0C2-B583-6F33-8803-E2EA7A2469C7"/>
</indexColumnUsage>
</ind_PK_UK>
<ind_PK_UK id="EFEC6CDF-0D7C-652B-5B5D-66318885EA6D" name="mixto__IDX">
<createdBy>H3C4</createdBy>
<createdTime>2022-06-22 05:09:00 UTC</createdTime>
<ownerDesignName>dbITBOY</ownerDesignName>
<indexState>Unique Plain Index</indexState>
<isSurrogateKey>false</isSurrogateKey>
<relationGeneratorID>A83A5131-ABB0-653A-63E7-1E61C7BFB8FB</relationGeneratorID>
<indexColumnUsage>
<colUsage columnID="FEED9376-AE09-9030-72A7-B344BF64A6BC"/>
</indexColumnUsage>
</ind_PK_UK>
<ind_PK_UK id="5822A12F-59BB-6980-9785-FC1DD403FF18" name="mixto_modalidadTrans_FK">
<createdBy>H3C4</createdBy>
<createdTime>2022-06-22 05:09:00 UTC</createdTime>
<generatorID>A83A5131-ABB0-653A-63E7-1E61C7BFB8FB</generatorID>
<ownerDesignName>dbITBOY</ownerDesignName>
<indexState>Foreign Key</indexState>
<isSurrogateKey>false</isSurrogateKey>
<indexColumnUsage>
<colUsage columnID="FEED9376-AE09-9030-72A7-B344BF64A6BC"/>
</indexColumnUsage>
</ind_PK_UK>
</indexes>
</Table>