<?xml version = '1.0' encoding = 'UTF-8'?>
<Diagram class="oracle.dbtools.crest.swingui.relational.DPVRelational" name="Relational_1" id="15D14CEC-F2F4-3270-34DB-1653C440DEBD">
<createdBy>H3C4</createdBy>
<modifiedBy>H3C4</modifiedBy>
<createdTime>2022-06-22 02:43:51 UTC</createdTime>
<autoRoute>false</autoRoute>
<boxInbox>true</boxInbox>
<showLegend>false</showLegend>
<showLabels>false</showLabels>
<showRelAttributes>false</showRelAttributes>
<gridEnabled>false</gridEnabled>
<showGrid>false</showGrid>
<diagramColor>-1</diagramColor>
<display>false</display>
<notation>1</notation>
<objectViews>
<OView class="oracle.dbtools.crest.swingui.relational.TVTable" oid="00E1FAE8-194A-6FD7-91D2-A84619E27EAA" otype="Table" vid="B58877A4-FF08-8BA1-7835-BF7EA92E2640">
<hideElementsInCurrentOnly>false</hideElementsInCurrentOnly>
<bounds x="3980" y="4108" width="255" height="131"/>
</OView>
<OView class="oracle.dbtools.crest.swingui.relational.TVTable" oid="0204C941-8BFC-00E1-7C96-B3443EDF178B" otype="Table" vid="C122892C-F1D1-E690-BDC5-F096CD4DA294">
<hideElementsInCurrentOnly>false</hideElementsInCurrentOnly>
<bounds x="4731" y="3071" width="184" height="116"/>
</OView>
<OView class="oracle.dbtools.crest.swingui.relational.TVTable" oid="076486A8-40D3-243D-16A0-BEBE19A82754" otype="Table" vid="50BACA22-FB60-7EE7-EC46-195A3F652FB0">
<hideElementsInCurrentOnly>false</hideElementsInCurrentOnly>
<bounds x="4335" y="6196" width="101" height="77"/>
</OView>
<OView class="oracle.dbtools.crest.swingui.relational.TVTable" oid="07741511-3E6E-1AFC-2DCF-57862E24EC06" otype="Table" vid="DD99A1C1-4264-4B19-0B20-44F94577E742">
<hideElementsInCurrentOnly>false</hideElementsInCurrentOnly>
<bounds x="5840" y="1290" width="297" height="119"/>
</OView>
<OView class="oracle.dbtools.crest.swingui.relational.TVTable" oid="08B61A8D-1C21-F7B1-4252-07597814DBE7" otype="Table" vid="7634907C-C16D-B83E-A52C-ACA946265758">
<hideElementsInCurrentOnly>false</hideElementsInCurrentOnly>
<bounds x="4883" y="1499" width="110" height="101"/>
</OView>
<OView class="oracle.dbtools.crest.swingui.relational.TVTable" oid="08C3D434-E804-865C-D546-37DBDD7CCB9C" otype="Table" vid="908B4A5F-39E0-77B8-93AD-45B5A2DFCD52">
<hideElementsInCurrentOnly>false</hideElementsInCurrentOnly>
<bounds x="5066" y="4123" width="240" height="120"/>
</OView>
<OView class="oracle.dbtools.crest.swingui.relational.TVTable" oid="0ACF2CA7-A3AA-1C02-9742-0F7028D0B6C3" otype="Table" vid="5F8151F2-D92B-EA43-60F2-ABE12A0AB630">
<hideElementsInCurrentOnly>false</hideElementsInCurrentOnly>
<bounds x="5095" y="1185" width="171" height="137"/>
</OView>
<OView class="oracle.dbtools.crest.swingui.relational.TVTable" oid="0C1905DA-8B3E-661D-044D-D053BE111A5D" otype="Table" vid="FECCAAEC-C181-17F3-7BCD-861EFB5DF3E6">
<hideElementsInCurrentOnly>false</hideElementsInCurrentOnly>
<bounds x="5429" y="2887" width="169" height="149"/>
</OView>
<OView class="oracle.dbtools.crest.swingui.relational.TVTable" oid="0CC28E78-F1CD-4978-7D60-FA256FA7381C" otype="Table" vid="1DD5EA73-3958-53B9-2C60-79BA5E42900C">
<hideElementsInCurrentOnly>false</hideElementsInCurrentOnly>
<bounds x="4357" y="6338" width="230" height="100"/>
</OView>
<OView class="oracle.dbtools.crest.swingui.relational.TVTable" oid="0CFC342E-A8A4-3F38-E5D1-8136D046435D" otype="Table" vid="05BD6C21-BF14-DE4B-CEA6-CDA2044E1B2F">
<hideElementsInCurrentOnly>false</hideElementsInCurrentOnly>
<bounds x="5210" y="1788" width="154" height="91"/>
</OView>
<OView class="oracle.dbtools.crest.swingui.relational.TVTable" oid="0DDF7BD4-66DF-6C03-FF1F-F3636B787C2C" otype="Table" vid="F28B6EEE-EDD2-27D6-EFFD-419B2338826F">
<hideElementsInCurrentOnly>false</hideElementsInCurrentOnly>
<bounds x="5048" y="1914" width="153" height="256"/>
</OView>
<OView class="oracle.dbtools.crest.swingui.relational.TVTable" oid="0EA30473-4275-1ACE-30A9-8A5321B8278F" otype="Table" vid="DA67E89A-3A96-4665-79BE-E21E3720AE03">
<hideElementsInCurrentOnly>false</hideElementsInCurrentOnly>
<bounds x="4633" y="3738" width="153" height="261"/>
</OView>
<OView class="oracle.dbtools.crest.swingui.relational.TVTable" oid="110BA952-E231-5230-9EEC-13FEA77F0F89" otype="Table" vid="9E7799FC-0F88-92DB-DB44-F348A1FC06FE">
<hideElementsInCurrentOnly>false</hideElementsInCurrentOnly>
<bounds x="4646" y="1429" width="100" height="63"/>
</OView>
<OView class="oracle.dbtools.crest.swingui.relational.TVTable" oid="1252F5FD-6F12-2B8E-8E83-2446664779B7" otype="Table" vid="46A76D9A-02C7-69B2-9315-9ECCD8FA2A33">
<hideElementsInCurrentOnly>false</hideElementsInCurrentOnly>
<bounds x="4792" y="1809" width="168" height="258"/>
</OView>
<OView class="oracle.dbtools.crest.swingui.relational.TVTable" oid="127858AC-E47B-A1A1-B61C-6BFB3147CBF9" otype="Table" vid="662A128E-3CB1-B449-62A9-4D2BF0AA4681">
<hideElementsInCurrentOnly>false</hideElementsInCurrentOnly>
<bounds x="4678" y="4976" width="158" height="213"/>
</OView>
<OView class="oracle.dbtools.crest.swingui.relational.TVTable" oid="14708B5C-C7CB-76D9-BAAB-C105366001E2" otype="Table" vid="E7120165-67B6-9EE9-8D21-E557CEDB4C85">
<hideElementsInCurrentOnly>false</hideElementsInCurrentOnly>
<bounds x="4631" y="5586" width="230" height="99"/>
</OView>
<OView class="oracle.dbtools.crest.swingui.relational.TVTable" oid="15D9946F-E45F-61BD-AD7C-055FA1821BBA" otype="Table" vid="68E1F6FA-10D9-B6EA-A7C6-DBC242D7196A">
<hideElementsInCurrentOnly>false</hideElementsInCurrentOnly>
<bounds x="4439" y="428" width="176" height="126"/>
</OView>
<OView class="oracle.dbtools.crest.swingui.relational.TVTable" oid="161C556B-D84F-19E6-6CFE-66A5D55BB1B1" otype="Table" vid="8F91EA66-A37D-42DE-3D6C-830F624B2E6E">
<hideElementsInCurrentOnly>false</hideElementsInCurrentOnly>
<bounds x="5038" y="2592" width="131" height="79"/>
</OView>
<OView class="oracle.dbtools.crest.swingui.relational.TVTable" oid="1705A066-BF67-F2A2-BCFC-C62E0A48BFED" otype="Table" vid="F759772D-FD4E-45CF-F802-9090B03CA08C">
<hideElementsInCurrentOnly>false</hideElementsInCurrentOnly>
<bounds x="4633" y="5331" width="307" height="153"/>
</OView>
<OView class="oracle.dbtools.crest.swingui.relational.TVTable" oid="183CAA55-3AB2-1369-002A-DA2330E733D4" otype="Table" vid="D0C5BD43-9B64-90E7-C65D-194F93351A4F">
<hideElementsInCurrentOnly>false</hideElementsInCurrentOnly>
<bounds x="5076" y="2959" width="89" height="73"/>
</OView>
<OView class="oracle.dbtools.crest.swingui.relational.TVTable" oid="1D3CF7D5-D2B1-91AB-FF99-D1028E422371" otype="Table" vid="327B0296-EC19-CD3E-AFB0-1157988B8F98">
<hideElementsInCurrentOnly>false</hideElementsInCurrentOnly>
<bounds x="4812" y="732" width="163" height="125"/>
</OView>
<OView class="oracle.dbtools.crest.swingui.relational.TVTable" oid="21AA84CA-2064-989A-963A-7F30957ACFA9" otype="Table" vid="D0110BC2-747F-454C-E3BD-DCBA6F1815E3">
<hideElementsInCurrentOnly>false</hideElementsInCurrentOnly>
<bounds x="5060" y="2183" width="134" height="65"/>
</OView>
<OView class="oracle.dbtools.crest.swingui.relational.TVTable" oid="221B6692-C144-F1C5-7579-D73024299182" otype="Table" vid="D58F7271-9F58-0CE6-BDE0-16F7D8B23263">
<hideElementsInCurrentOnly>false</hideElementsInCurrentOnly>
<bounds x="4847" y="4189" width="233" height="125"/>
</OView>
<OView class="oracle.dbtools.crest.swingui.relational.TVTable" oid="33B45173-6FCC-4FD9-DD2F-02C56D8F2C27" otype="Table" vid="EB7EA4FB-50C4-0EB8-4C7F-FD4D7E44D01C">
<hideElementsInCurrentOnly>false</hideElementsInCurrentOnly>
<bounds x="4649" y="4214" width="158" height="93"/>
</OView>
<OView class="oracle.dbtools.crest.swingui.relational.TVTable" oid="37B69FA3-08D0-E544-2ED9-BF1AF53DB0AF" otype="Table" vid="1AB69A8D-6EF3-AE7C-59D4-E5942CEE3C07">
<hideElementsInCurrentOnly>false</hideElementsInCurrentOnly>
<bounds x="5481" y="2299" width="209" height="115"/>
</OView>
<OView class="oracle.dbtools.crest.swingui.relational.TVTable" oid="3CD6B69C-1B70-A830-651B-BBD6E2B20F2F" otype="Table" vid="86DF16BA-8C4D-69B4-F2C8-D7EBD6C044EF">
<hideElementsInCurrentOnly>false</hideElementsInCurrentOnly>
<bounds x="5056" y="1780" width="139" height="92"/>
</OView>
<OView class="oracle.dbtools.crest.swingui.relational.TVTable" oid="3EC5176D-1B1C-69E5-EF34-B0AAAC627017" otype="Table" vid="1FD551CE-6D20-2D9E-DF41-B21603DDCB6F">
<hideElementsInCurrentOnly>false</hideElementsInCurrentOnly>
<bounds x="4641" y="3604" width="139" height="97"/>
</OView>
<OView class="oracle.dbtools.crest.swingui.relational.TVTable" oid="3ED5AC97-3038-FC6E-1189-870D19081CBE" otype="Table" vid="39FA5E8E-AD47-BD6D-0AF8-8159C6C8F160">
<hideElementsInCurrentOnly>false</hideElementsInCurrentOnly>
<bounds x="5191" y="4993" width="154" height="90"/>
</OView>
<OView class="oracle.dbtools.crest.swingui.relational.TVTable" oid="43A38411-B104-4DC2-28AA-A5636EC7B233" otype="Table" vid="9A9B9EFA-1CDD-BD7A-AA88-393C65D6B78D">
<hideElementsInCurrentOnly>false</hideElementsInCurrentOnly>
<bounds x="5432" y="2747" width="147" height="106"/>
</OView>
<OView class="oracle.dbtools.crest.swingui.relational.TVTable" oid="448DF92B-0062-A845-C95D-3B411C694B44" otype="Table" vid="1C3D30AC-D32A-CDC5-5EA7-82CE25E8F72D">
<hideElementsInCurrentOnly>false</hideElementsInCurrentOnly>
<bounds x="5065" y="2265" width="139" height="88"/>
</OView>
<OView class="oracle.dbtools.crest.swingui.relational.TVTable" oid="44FDE408-6B14-E2C5-07F7-CF07897B696F" otype="Table" vid="4740DAFD-7274-C1D5-5709-E8C6911C1959">
<hideElementsInCurrentOnly>false</hideElementsInCurrentOnly>
<bounds x="5235" y="2194" width="170" height="112"/>
</OView>
<OView class="oracle.dbtools.crest.swingui.relational.TVTable" oid="477CCF10-3996-FAD6-52A2-71D5B397517A" otype="Table" vid="BB2B247F-68A8-5C94-926A-3A61898014C8">
<hideElementsInCurrentOnly>false</hideElementsInCurrentOnly>
<bounds x="4247" y="6580" width="307" height="153"/>
</OView>
<OView class="oracle.dbtools.crest.swingui.relational.TVTable" oid="4872FCEE-ADBF-2DB4-CD80-2AB18C78F496" otype="Table" vid="8DAA2A56-4584-D3E0-BA0F-C5AEA8DE2606">
<hideElementsInCurrentOnly>false</hideElementsInCurrentOnly>
<bounds x="5024" y="785" width="137" height="226"/>
</OView>
<OView class="oracle.dbtools.crest.swingui.relational.TVTable" oid="4ECE15CC-07B3-A824-6FE3-3DA88A82F304" otype="Table" vid="94E8C117-6833-C327-D37B-B64E49CB6796">
<hideElementsInCurrentOnly>false</hideElementsInCurrentOnly>
<bounds x="3988" y="3858" width="236" height="105"/>
</OView>
<OView class="oracle.dbtools.crest.swingui.relational.TVTable" oid="50C5E0ED-BD5A-80C7-D1CD-0D4DDEDA1571" otype="Table" vid="0DF313D2-1FCC-DB3F-EF1B-E0083075630E">
<hideElementsInCurrentOnly>false</hideElementsInCurrentOnly>
<bounds x="4910" y="1627" width="108" height="97"/>
</OView>
<OView class="oracle.dbtools.crest.swingui.relational.TVTable" oid="5119F1D8-C015-071E-C35C-551FA6A709D6" otype="Table" vid="A22839F1-333E-E324-7E22-BFDAB48BB189">
<hideElementsInCurrentOnly>false</hideElementsInCurrentOnly>
<bounds x="806" y="3649" width="234" height="223"/>
</OView>
<OView class="oracle.dbtools.crest.swingui.relational.TVTable" oid="513BE12B-4EBA-FD02-BD20-753D812F31D0" otype="Table" vid="82C2C15F-F45C-B916-2A66-7DA4C0B90B8A">
<hideElementsInCurrentOnly>false</hideElementsInCurrentOnly>
<bounds x="4330" y="5110" width="220" height="182"/>
</OView>
<OView class="oracle.dbtools.crest.swingui.relational.TVTable" oid="53018CAA-A5E7-B045-0923-D7D07B10D723" otype="Table" vid="2F8495AD-DFF6-11C8-A0CC-5EEDA899B40D">
<hideElementsInCurrentOnly>false</hideElementsInCurrentOnly>
<bounds x="4264" y="5971" width="116" height="89"/>
</OView>
<OView class="oracle.dbtools.crest.swingui.relational.TVTable" oid="5655B463-963B-B245-CED4-6BFADA8D1447" otype="Table" vid="2557773D-9131-B59C-9FB9-4AC8C3923FC5">
<hideElementsInCurrentOnly>false</hideElementsInCurrentOnly>
<bounds x="4750" y="2539" width="136" height="148"/>
</OView>
<OView class="oracle.dbtools.crest.swingui.relational.TVTable" oid="5A261392-9335-2C0D-1F1D-FA9A53EF1265" otype="Table" vid="5DB3F46A-942B-DE0D-7F6C-BB2E9981D023">
<hideElementsInCurrentOnly>false</hideElementsInCurrentOnly>
<bounds x="4778" y="2196" width="207" height="260"/>
</OView>
<OView class="oracle.dbtools.crest.swingui.relational.TVTable" oid="68BEABF2-4D9F-510F-1391-35AF4431E9C0" otype="Table" vid="86AAEC46-8D86-19CD-11EF-6B565D7D085A">
<hideElementsInCurrentOnly>false</hideElementsInCurrentOnly>
<bounds x="4488" y="3036" width="146" height="156"/>
</OView>
<OView class="oracle.dbtools.crest.swingui.relational.TVTable" oid="6C1B11CF-803F-96ED-2ACB-0C24AF1AD22D" otype="Table" vid="4FAFA76D-2B70-2920-37BF-35E89121C29B">
<hideElementsInCurrentOnly>false</hideElementsInCurrentOnly>
<bounds x="5289" y="2353" width="152" height="121"/>
</OView>
<OView class="oracle.dbtools.crest.swingui.relational.TVTable" oid="6D92CEBC-AA1F-E199-7942-ECD93D6A5E01" otype="Table" vid="246A93D0-849B-975F-3DA0-56F52B592AD6">
<hideElementsInCurrentOnly>false</hideElementsInCurrentOnly>
<bounds x="5355" y="1408" width="169" height="73"/>
</OView>
<OView class="oracle.dbtools.crest.swingui.relational.TVTable" oid="72E47C5B-4E82-5C17-8E85-19323E56172F" otype="Table" vid="CD8273BE-3A65-714E-05FD-6F4EBF3DD056">
<hideElementsInCurrentOnly>false</hideElementsInCurrentOnly>
<bounds x="5640" y="1368" width="164" height="192"/>
</OView>
<OView class="oracle.dbtools.crest.swingui.relational.TVTable" oid="742A4196-62E8-1915-DDE9-99D58195885B" otype="Table" vid="53F08949-3BE9-8A18-C4F0-C864E8D6F578">
<hideElementsInCurrentOnly>false</hideElementsInCurrentOnly>
<bounds x="4339" y="2592" width="220" height="65"/>
</OView>
<OView class="oracle.dbtools.crest.swingui.relational.TVTable" oid="76EB3FDD-6806-6238-052B-11931B704CBC" otype="Table" vid="A92FC72C-88A8-9CD5-515F-831B17B1DEAF">
<hideElementsInCurrentOnly>false</hideElementsInCurrentOnly>
<bounds x="4403" y="2034" width="236" height="100"/>
</OView>
<OView class="oracle.dbtools.crest.swingui.relational.TVTable" oid="8330B2BD-34D0-73CC-6F2F-F25975D1F506" otype="Table" vid="C87E3B71-67BC-C38A-895C-9AC5BAED6160">
<hideElementsInCurrentOnly>false</hideElementsInCurrentOnly>
<bounds x="4340" y="1319" width="177" height="72"/>
</OView>
<OView class="oracle.dbtools.crest.swingui.relational.TVTable" oid="85BF2CC5-15A4-B326-3855-B5905DC728FC" otype="Table" vid="0FA5AB7A-5BA4-BECD-9163-112F3F582658">
<hideElementsInCurrentOnly>false</hideElementsInCurrentOnly>
<bounds x="5320" y="1191" width="172" height="100"/>
</OView>
<OView class="oracle.dbtools.crest.swingui.relational.TVTable" oid="8884D15E-CDD7-F336-7D44-4B5B8983C705" otype="Table" vid="93E70C40-0280-98BA-C5F3-2CF3EC891BA4">
<hideElementsInCurrentOnly>false</hideElementsInCurrentOnly>
<bounds x="5069" y="2375" width="158" height="88"/>
</OView>
<OView class="oracle.dbtools.crest.swingui.relational.TVTable" oid="8A0BF9DC-19AB-FC86-E122-F09B59EDCDE9" otype="Table" vid="008213A6-020F-8A29-95B1-16130FDD0271">
<hideElementsInCurrentOnly>false</hideElementsInCurrentOnly>
<bounds x="4616" y="706" width="107" height="110"/>
</OView>
<OView class="oracle.dbtools.crest.swingui.relational.TVTable" oid="8E55455B-AB8B-1649-37D1-2A96D6A99CD2" otype="Table" vid="442A9DD5-2157-3B49-0624-A22D32CB5FD7">
<hideElementsInCurrentOnly>false</hideElementsInCurrentOnly>
<bounds x="5045" y="2800" width="118" height="74"/>
</OView>
<OView class="oracle.dbtools.crest.swingui.relational.TVTable" oid="8E6BD906-C899-8F55-0D6F-A5F85293FB1E" otype="Table" vid="3FFF99A4-065D-04BE-2A97-1131A2DB3200">
<hideElementsInCurrentOnly>false</hideElementsInCurrentOnly>
<bounds x="4472" y="821" width="141" height="85"/>
</OView>
<OView class="oracle.dbtools.crest.swingui.relational.TVTable" oid="8F1AEFED-15E1-CD37-E534-25D997CC4E89" otype="Table" vid="3F12C277-3D86-1BB2-C885-12950ADA75F6">
<hideElementsInCurrentOnly>false</hideElementsInCurrentOnly>
<bounds x="4914" y="5140" width="116" height="90"/>
</OView>
<OView class="oracle.dbtools.crest.swingui.relational.TVTable" oid="91A25071-E4A0-CFFB-F791-243F96C2865F" otype="Table" vid="FA326654-A2FC-D42B-9D3F-12D2367391A0">
<hideElementsInCurrentOnly>false</hideElementsInCurrentOnly>
<bounds x="5081" y="1344" width="182" height="168"/>
</OView>
<OView class="oracle.dbtools.crest.swingui.relational.TVTable" oid="969FECBF-AC8F-A6D9-60BA-52A507B28427" otype="Table" vid="A30D07FD-0E7E-D371-F860-08E2708D7806">
<hideElementsInCurrentOnly>false</hideElementsInCurrentOnly>
<bounds x="5624" y="1576" width="205" height="210"/>
</OView>
<OView class="oracle.dbtools.crest.swingui.relational.TVTable" oid="9B0F828C-F3FC-B8E7-20FE-C640B4F36EC1" otype="Table" vid="8C55DF36-8224-6F8F-19DC-316A824F8201">
<hideElementsInCurrentOnly>false</hideElementsInCurrentOnly>
<bounds x="4795" y="3612" width="154" height="96"/>
</OView>
<OView class="oracle.dbtools.crest.swingui.relational.TVTable" oid="9D0D07BA-93B8-4A54-878C-56849D0B404F" otype="Table" vid="631980F1-C84A-7EEE-FDEA-7DF809FEFBD8">
<hideElementsInCurrentOnly>false</hideElementsInCurrentOnly>
<bounds x="5619" y="1132" width="188" height="70"/>
</OView>
<OView class="oracle.dbtools.crest.swingui.relational.TVTable" oid="9D8F2D22-6FB7-3AA4-2EEB-D0E1A824E511" otype="Table" vid="E040419E-0EEB-A689-B346-A49464A0C5E1">
<hideElementsInCurrentOnly>false</hideElementsInCurrentOnly>
<bounds x="4909" y="1075" width="116" height="139"/>
</OView>
<OView class="oracle.dbtools.crest.swingui.relational.TVTable" oid="9E486FD5-A678-930F-0CAE-5B413B0B59EB" otype="Table" vid="1F2C9220-A0B2-AB0A-D4E5-2531B51A4A83">
<hideElementsInCurrentOnly>false</hideElementsInCurrentOnly>
<bounds x="4377" y="3633" width="168" height="263"/>
</OView>
<OView class="oracle.dbtools.crest.swingui.relational.TVTable" oid="9EEFF8BA-B5C6-14D2-D062-1D6F153A7DE4" otype="Table" vid="DCFFAF3C-3174-7228-78E8-5F1EF685391E">
<hideElementsInCurrentOnly>false</hideElementsInCurrentOnly>
<bounds x="5063" y="1570" width="158" height="157"/>
</OView>
<OView class="oracle.dbtools.crest.swingui.relational.TVTable" oid="A0AECE08-50DB-D504-6BB9-02E17A73DB35" otype="Table" vid="F74CAF29-98E4-E655-7741-5FAFB4153D20">
<hideElementsInCurrentOnly>false</hideElementsInCurrentOnly>
<bounds x="3487" y="3873" width="254" height="80"/>
</OView>
<OView class="oracle.dbtools.crest.swingui.relational.TVTable" oid="A4538B5B-A960-B99F-07B5-D1F55D0153C7" otype="Table" vid="B479B09E-229C-73B8-9E50-E296F38F756B">
<hideElementsInCurrentOnly>false</hideElementsInCurrentOnly>
<bounds x="4635" y="1172" width="104" height="68"/>
</OView>
<OView class="oracle.dbtools.crest.swingui.relational.TVTable" oid="A6C10D40-9D31-B1C9-8F89-D9D1E4015290" otype="Table" vid="0ABDF820-2BE3-EE79-D28B-F3AE88E4CC34">
<hideElementsInCurrentOnly>false</hideElementsInCurrentOnly>
<bounds x="4325" y="6111" width="101" height="77"/>
</OView>
<OView class="oracle.dbtools.crest.swingui.relational.TVTable" oid="A6D6006F-2307-D8F0-A825-997F0A1560C0" otype="Table" vid="96F4B71E-D48E-83B3-F19D-23A893B7AF37">
<hideElementsInCurrentOnly>false</hideElementsInCurrentOnly>
<bounds x="4865" y="929" width="103" height="95"/>
</OView>
<OView class="oracle.dbtools.crest.swingui.relational.TVTable" oid="ACFA9461-C7D5-0AEC-F872-2345E27AEB0C" otype="Table" vid="13F21209-5482-F81B-C1AA-6FE9808BE98C">
<hideElementsInCurrentOnly>false</hideElementsInCurrentOnly>
<bounds x="3903" y="4506" width="230" height="99"/>
</OView>
<OView class="oracle.dbtools.crest.swingui.relational.TVTable" oid="AF2CE047-E6F1-7546-6454-346F4CE1F82F" otype="Table" vid="BAE3C7F7-1109-FD49-54F0-443FC1ADFCA7">
<hideElementsInCurrentOnly>false</hideElementsInCurrentOnly>
<bounds x="4798" y="496" width="181" height="206"/>
</OView>
<OView class="oracle.dbtools.crest.swingui.relational.TVTable" oid="B049E6D3-DBB5-A786-685C-15E68F14501C" otype="Table" vid="1282042B-3374-020A-5A17-8CBA3B94B974">
<hideElementsInCurrentOnly>false</hideElementsInCurrentOnly>
<bounds x="4645" y="4007" width="134" height="70"/>
</OView>
<OView class="oracle.dbtools.crest.swingui.relational.TVTable" oid="B4CCF1B7-87A1-2C05-4721-0558AC26C385" otype="Table" vid="8E023B02-8E53-74AE-1DBF-6F29F7CF82B8">
<hideElementsInCurrentOnly>false</hideElementsInCurrentOnly>
<bounds x="3941" y="4271" width="307" height="153"/>
</OView>
<OView class="oracle.dbtools.crest.swingui.relational.TVTable" oid="BAE86210-5A9C-6609-08BE-174EAE9971CF" otype="Table" vid="A80E66FE-BA80-99C5-0CEF-4501212DB720">
<hideElementsInCurrentOnly>false</hideElementsInCurrentOnly>
<bounds x="5306" y="1547" width="231" height="191"/>
</OView>
<OView class="oracle.dbtools.crest.swingui.relational.TVTable" oid="C140EEE3-21D2-447F-24A2-8E754098450D" otype="Table" vid="42FF1523-5651-642B-3119-1EF8B71FFF30">
<hideElementsInCurrentOnly>false</hideElementsInCurrentOnly>
<bounds x="4928" y="4966" width="132" height="141"/>
</OView>
<OView class="oracle.dbtools.crest.swingui.relational.TVTable" oid="CB140B3C-20D7-CB75-91FD-69FA74B0D652" otype="Table" vid="5FDE088C-CC88-E1FC-CCF0-269EA46B5FA3">
<hideElementsInCurrentOnly>false</hideElementsInCurrentOnly>
<bounds x="5060" y="5142" width="115" height="77"/>
</OView>
<OView class="oracle.dbtools.crest.swingui.relational.TVTable" oid="CB5B07B1-83CD-F919-3850-9F600C71975F" otype="Table" vid="7A273AC2-51E4-245D-EE4D-E7148D9D6AD5">
<hideElementsInCurrentOnly>false</hideElementsInCurrentOnly>
<bounds x="5861" y="1448" width="222" height="140"/>
</OView>
<OView class="oracle.dbtools.crest.swingui.relational.TVTable" oid="D359B2EB-C4AD-27CE-94DF-5B53D7DD8054" otype="Table" vid="7800712D-2BB4-7514-4932-3370B3F5B912">
<hideElementsInCurrentOnly>false</hideElementsInCurrentOnly>
<bounds x="4697" y="5225" width="122" height="55"/>
</OView>
<OView class="oracle.dbtools.crest.swingui.relational.TVTable" oid="D35B2875-BAE4-A11B-4B1D-C908C1FC151B" otype="Table" vid="2A96B20E-BECC-A048-22FD-6468162A9581">
<hideElementsInCurrentOnly>false</hideElementsInCurrentOnly>
<bounds x="4363" y="4020" width="207" height="265"/>
</OView>
<OView class="oracle.dbtools.crest.swingui.relational.TVTable" oid="D91C86B9-E8A9-D76F-D3E9-6C40CA34FF30" otype="Table" vid="5F4307C7-AC55-5435-56C7-96FB3254C241">
<hideElementsInCurrentOnly>false</hideElementsInCurrentOnly>
<bounds x="4731" y="2732" width="175" height="293"/>
</OView>
<OView class="oracle.dbtools.crest.swingui.relational.TVTable" oid="DF676750-A43C-C424-32CD-9D2FCE850BD5" otype="Table" vid="86018539-54F8-5DBD-2B1E-5DCB07BC371F">
<hideElementsInCurrentOnly>false</hideElementsInCurrentOnly>
<bounds x="3551" y="6152" width="328" height="197"/>
</OView>
<OView class="oracle.dbtools.crest.swingui.relational.TVTable" oid="E105659E-F96C-241F-4565-B356654DC90D" otype="Table" vid="FCE4B197-4B81-B640-BD7F-A5BCF312C352">
<hideElementsInCurrentOnly>false</hideElementsInCurrentOnly>
<bounds x="4820" y="4018" width="170" height="117"/>
</OView>
<OView class="oracle.dbtools.crest.swingui.relational.TVTable" oid="E1536E5A-A823-6C9C-60BB-D6223925D256" otype="Table" vid="4E1E25A4-2E0F-A827-D4D3-F104B90D3450">
<hideElementsInCurrentOnly>false</hideElementsInCurrentOnly>
<bounds x="4805" y="3719" width="117" height="101"/>
</OView>
<OView class="oracle.dbtools.crest.swingui.relational.TVTable" oid="E4F24E0C-3C7B-388F-A2AB-4AB8F5205AB3" otype="Table" vid="2E2947D7-0A84-13F3-BF10-6FEFE7580CCE">
<hideElementsInCurrentOnly>false</hideElementsInCurrentOnly>
<bounds x="4801" y="349" width="170" height="123"/>
</OView>
<OView class="oracle.dbtools.crest.swingui.relational.TVTable" oid="E57DE517-DAEA-4301-563D-C6DB7938928D" otype="Table" vid="4F5860C1-EFA1-78C3-4BDB-3FCA7D992092">
<hideElementsInCurrentOnly>false</hideElementsInCurrentOnly>
<bounds x="5609" y="1244" width="181" height="112"/>
</OView>
<OView class="oracle.dbtools.crest.swingui.relational.TVTable" oid="E641F9B4-4943-E9AA-C7DA-2F81E17C6307" otype="Table" vid="A1E0C79E-52E9-B293-F310-1D7DAB59B82F">
<hideElementsInCurrentOnly>false</hideElementsInCurrentOnly>
<bounds x="4650" y="4089" width="139" height="93"/>
</OView>
<OView class="oracle.dbtools.crest.swingui.relational.TVTable" oid="E8F30D0C-F257-5D69-381E-A0B0A71EDDC7" otype="Table" vid="2EC6B2DE-8E50-C43D-E483-EBB549E99565">
<hideElementsInCurrentOnly>false</hideElementsInCurrentOnly>
<bounds x="3256" y="1710" width="111" height="111"/>
</OView>
<OView class="oracle.dbtools.crest.swingui.relational.TVTable" oid="EDD157A4-5734-4282-F289-EB31769B2F2B" otype="Table" vid="CACC3D5C-4275-62CA-AA40-DF244D7F8A11">
<hideElementsInCurrentOnly>false</hideElementsInCurrentOnly>
<bounds x="5456" y="2604" width="101" height="53"/>
</OView>
<OView class="oracle.dbtools.crest.swingui.relational.TVTable" oid="EE427239-F598-AAE1-85D6-BB7AE20B64B4" otype="Table" vid="7E740541-2D56-30EE-DD39-5F876BCEF231">
<hideElementsInCurrentOnly>false</hideElementsInCurrentOnly>
<bounds x="4701" y="949" width="103" height="98"/>
</OView>
<OView class="oracle.dbtools.crest.swingui.relational.TVTable" oid="F5235A04-B942-C430-A0EF-843272CA843B" otype="Table" vid="88F3C90C-97F5-AE7E-5FFC-BCE21546357F">
<hideElementsInCurrentOnly>false</hideElementsInCurrentOnly>
<bounds x="5220" y="1895" width="117" height="96"/>
</OView>
<OView class="oracle.dbtools.crest.swingui.relational.TVTable" oid="F7DA8E3C-25F8-A2A2-C5E1-5A26C02BB7F9" otype="Table" vid="79EC1252-7002-8904-F9C0-95B09FBFBEE8">
<hideElementsInCurrentOnly>false</hideElementsInCurrentOnly>
<bounds x="4904" y="1355" width="113" height="117"/>
</OView>
</objectViews>
<connectors>
<Connector class="oracle.dbtools.crest.swingui.relational.TVFKRelation" oid="00A04B3F-B7D7-8DB4-30A6-5F398DE7694A" otype="FKIndexAssociation" vid_source="246A93D0-849B-975F-3DA0-56F52B592AD6" vid_target="631980F1-C84A-7EEE-FDEA-7DF809FEFBD8">
<hideElementsInCurrentOnly>false</hideElementsInCurrentOnly>
<backgroundColor>-16777216</backgroundColor>
<lineWidth>1</lineWidth>
<points>
<point x="5475" y="1408"/>
<point x="5678" y="1202"/>
</points>
</Connector>
<Connector class="oracle.dbtools.crest.swingui.relational.TVFKRelation" oid="06098318-C3B8-623F-5BC7-A3EFDB628BAA" otype="FKIndexAssociation" vid_source="2EC6B2DE-8E50-C43D-E483-EBB549E99565" vid_target="A92FC72C-88A8-9CD5-515F-831B17B1DEAF">
<hideElementsInCurrentOnly>false</hideElementsInCurrentOnly>
<backgroundColor>-16777216</backgroundColor>
<lineWidth>1</lineWidth>
<points>
<point x="3367" y="1780"/>
<point x="4403" y="2052"/>
</points>
</Connector>
<Connector class="oracle.dbtools.crest.swingui.relational.TVFKRelation" oid="06E529CE-BA23-A2AA-B645-54685FA96E95" otype="FKIndexAssociation" vid_source="86018539-54F8-5DBD-2B1E-5DCB07BC371F" vid_target="0ABDF820-2BE3-EE79-D28B-F3AE88E4CC34">
<hideElementsInCurrentOnly>false</hideElementsInCurrentOnly>
<backgroundColor>-16777216</backgroundColor>
<lineWidth>1</lineWidth>
<points>
<point x="3879" y="6170"/>
<point x="4325" y="6170"/>
</points>
</Connector>
<Connector class="oracle.dbtools.crest.swingui.relational.TVFKRelation" oid="0A0E2F65-A38A-6B35-44CF-531B43576F57" otype="FKIndexAssociation" vid_source="9E7799FC-0F88-92DB-DB44-F348A1FC06FE" vid_target="79EC1252-7002-8904-F9C0-95B09FBFBEE8">
<hideElementsInCurrentOnly>false</hideElementsInCurrentOnly>
<backgroundColor>-16777216</backgroundColor>
<lineWidth>1</lineWidth>
<points>
<point x="4746" y="1435"/>
<point x="4904" y="1435"/>
</points>
</Connector>
<Connector class="oracle.dbtools.crest.swingui.relational.TVFKRelation" oid="0AC674D2-B8B7-4F52-7D78-6003F30A9D38" otype="FKIndexAssociation" vid_source="F74CAF29-98E4-E655-7741-5FAFB4153D20" vid_target="B58877A4-FF08-8BA1-7835-BF7EA92E2640">
<hideElementsInCurrentOnly>false</hideElementsInCurrentOnly>
<backgroundColor>-16777216</backgroundColor>
<lineWidth>1</lineWidth>
<points>
<point x="3689" y="3953"/>
<point x="3983" y="4108"/>
</points>
</Connector>
<Connector class="oracle.dbtools.crest.swingui.relational.TVFKRelation" oid="0B350EFC-BA64-1F39-FB38-CA8B4B66E555" otype="FKIndexAssociation" vid_source="42FF1523-5651-642B-3119-1EF8B71FFF30" vid_target="5FDE088C-CC88-E1FC-CCF0-269EA46B5FA3">
<hideElementsInCurrentOnly>false</hideElementsInCurrentOnly>
<backgroundColor>-16777216</backgroundColor>
<lineWidth>1</lineWidth>
<points>
<point x="5060" y="5107"/>
<point x="5060" y="5142"/>
</points>
</Connector>
<Connector class="oracle.dbtools.crest.swingui.relational.TVFKRelation" oid="0B775488-4ADA-FC07-308B-0761755E7B80" otype="FKIndexAssociation" vid_source="5DB3F46A-942B-DE0D-7F6C-BB2E9981D023" vid_target="1AB69A8D-6EF3-AE7C-59D4-E5942CEE3C07">
<hideElementsInCurrentOnly>false</hideElementsInCurrentOnly>
<backgroundColor>-16777216</backgroundColor>
<lineWidth>1</lineWidth>
<points>
<point x="4985" y="2356"/>
<point x="5481" y="2356"/>
</points>
</Connector>
<Connector class="oracle.dbtools.crest.swingui.relational.TVFKRelation" oid="0C3B65DB-A83B-778B-D5DB-43CC370389AF" otype="FKIndexAssociation" vid_source="246A93D0-849B-975F-3DA0-56F52B592AD6" vid_target="CD8273BE-3A65-714E-05FD-6F4EBF3DD056">
<hideElementsInCurrentOnly>false</hideElementsInCurrentOnly>
<backgroundColor>-16777216</backgroundColor>
<lineWidth>1</lineWidth>
<points>
<point x="5524" y="1444"/>
<point x="5640" y="1444"/>
</points>
</Connector>
<Connector class="oracle.dbtools.crest.swingui.relational.TVFKRelation" oid="0EA53463-AA4F-08C7-37B3-4675A3A0F93F" otype="FKIndexAssociation" vid_source="82C2C15F-F45C-B916-2A66-7DA4C0B90B8A" vid_target="F759772D-FD4E-45CF-F802-9090B03CA08C">
<hideElementsInCurrentOnly>false</hideElementsInCurrentOnly>
<backgroundColor>-16777216</backgroundColor>
<lineWidth>1</lineWidth>
<points>
<point x="4550" y="5266"/>
<point x="4658" y="5331"/>
</points>
</Connector>
<Connector class="oracle.dbtools.crest.swingui.relational.TVFKRelation" oid="0F6928B7-9089-A943-F6B9-57D07003A62B" otype="FKIndexAssociation" vid_source="246A93D0-849B-975F-3DA0-56F52B592AD6" vid_target="A30D07FD-0E7E-D371-F860-08E2708D7806">
<hideElementsInCurrentOnly>false</hideElementsInCurrentOnly>
<backgroundColor>-16777216</backgroundColor>
<lineWidth>1</lineWidth>
<points>
<point x="5483" y="1481"/>
<point x="5624" y="1596"/>
</points>
</Connector>
<Connector class="oracle.dbtools.crest.swingui.relational.TVFKRelation" oid="0F96C4F5-3419-6E43-F48F-A39067320AEF" otype="FKIndexAssociation" vid_source="3FFF99A4-065D-04BE-2A97-1131A2DB3200" vid_target="327B0296-EC19-CD3E-AFB0-1157988B8F98">
<hideElementsInCurrentOnly>false</hideElementsInCurrentOnly>
<backgroundColor>-16777216</backgroundColor>
<lineWidth>1</lineWidth>
<points>
<point x="4613" y="839"/>
<point x="4812" y="839"/>
</points>
</Connector>
<Connector class="oracle.dbtools.crest.swingui.relational.TVFKRelation" oid="1449D663-48D6-42FD-0B39-E59CDD4E7179" otype="FKIndexAssociation" vid_source="A92FC72C-88A8-9CD5-515F-831B17B1DEAF" vid_target="46A76D9A-02C7-69B2-9315-9ECCD8FA2A33">
<hideElementsInCurrentOnly>false</hideElementsInCurrentOnly>
<backgroundColor>-16777216</backgroundColor>
<lineWidth>1</lineWidth>
<points>
<point x="4639" y="2050"/>
<point x="4792" y="2050"/>
</points>
</Connector>
<Connector class="oracle.dbtools.crest.swingui.relational.TVFKRelation" oid="177A680D-044E-378E-6B8A-BD370A42CD4C" otype="FKIndexAssociation" vid_source="246A93D0-849B-975F-3DA0-56F52B592AD6" vid_target="DD99A1C1-4264-4B19-0B20-44F94577E742">
<hideElementsInCurrentOnly>false</hideElementsInCurrentOnly>
<backgroundColor>-16777216</backgroundColor>
<lineWidth>1</lineWidth>
<points>
<point x="5524" y="1408"/>
<point x="5840" y="1408"/>
</points>
</Connector>
<Connector class="oracle.dbtools.crest.swingui.relational.TVFKRelation" oid="1BC08579-24C9-0C6E-6E19-416C8CA448B0" otype="FKIndexAssociation" vid_source="82C2C15F-F45C-B916-2A66-7DA4C0B90B8A" vid_target="662A128E-3CB1-B449-62A9-4D2BF0AA4681">
<hideElementsInCurrentOnly>false</hideElementsInCurrentOnly>
<backgroundColor>-16777216</backgroundColor>
<lineWidth>1</lineWidth>
<points>
<point x="4550" y="5149"/>
<point x="4678" y="5149"/>
</points>
</Connector>
<Connector class="oracle.dbtools.crest.swingui.relational.TVFKRelation" oid="1C39B84F-5FDE-3B30-1A54-74EA3C8511E7" otype="FKIndexAssociation" vid_source="5F4307C7-AC55-5435-56C7-96FB3254C241" vid_target="8F91EA66-A37D-42DE-3D6C-830F624B2E6E">
<hideElementsInCurrentOnly>false</hideElementsInCurrentOnly>
<backgroundColor>-16777216</backgroundColor>
<lineWidth>1</lineWidth>
<points>
<point x="4906" y="2802"/>
<point x="5057" y="2671"/>
</points>
</Connector>
<Connector class="oracle.dbtools.crest.swingui.relational.TVFKRelation" oid="1D095ED4-7988-F875-BD12-8EB86699E6E8" otype="FKIndexAssociation" vid_source="F74CAF29-98E4-E655-7741-5FAFB4153D20" vid_target="13F21209-5482-F81B-C1AA-6FE9808BE98C">
<hideElementsInCurrentOnly>false</hideElementsInCurrentOnly>
<backgroundColor>-16777216</backgroundColor>
<lineWidth>1</lineWidth>
<points>
<point x="3639" y="3953"/>
<point x="3986" y="4506"/>
</points>
</Connector>
<Connector class="oracle.dbtools.crest.swingui.relational.TVFKRelation" oid="1F2DB154-8064-66A4-DB3D-E9274E8B806D" otype="FKIndexAssociation" vid_source="2EC6B2DE-8E50-C43D-E483-EBB549E99565" vid_target="86AAEC46-8D86-19CD-11EF-6B565D7D085A">
<hideElementsInCurrentOnly>false</hideElementsInCurrentOnly>
<backgroundColor>-16777216</backgroundColor>
<lineWidth>1</lineWidth>
<points>
<point x="3362" y="1821"/>
<point x="4488" y="3036"/>
</points>
</Connector>
<Connector class="oracle.dbtools.crest.swingui.relational.TVFKRelation" oid="24548477-6051-C136-D0FB-10482A0598E0" otype="FKIndexAssociation" vid_source="662A128E-3CB1-B449-62A9-4D2BF0AA4681" vid_target="42FF1523-5651-642B-3119-1EF8B71FFF30">
<hideElementsInCurrentOnly>false</hideElementsInCurrentOnly>
<backgroundColor>-16777216</backgroundColor>
<lineWidth>1</lineWidth>
<points>
<point x="4836" y="5041"/>
<point x="4928" y="5041"/>
</points>
</Connector>
<Connector class="oracle.dbtools.crest.swingui.relational.TVFKRelation" oid="285DAAE8-F75A-A206-A7A2-F1C46885FB6C" otype="FKIndexAssociation" vid_source="1F2C9220-A0B2-AB0A-D4E5-2531B51A4A83" vid_target="DA67E89A-3A96-4665-79BE-E21E3720AE03">
<hideElementsInCurrentOnly>false</hideElementsInCurrentOnly>
<backgroundColor>-16777216</backgroundColor>
<lineWidth>1</lineWidth>
<points>
<point x="4545" y="3817"/>
<point x="4633" y="3817"/>
</points>
</Connector>
<Connector class="oracle.dbtools.crest.swingui.relational.TVFKRelation" oid="28643E67-352A-C3C2-C570-1344FC7B385A" otype="FKIndexAssociation" vid_source="A22839F1-333E-E324-7E22-BFDAB48BB189" vid_target="86018539-54F8-5DBD-2B1E-5DCB07BC371F">
<hideElementsInCurrentOnly>false</hideElementsInCurrentOnly>
<backgroundColor>-16777216</backgroundColor>
<lineWidth>1</lineWidth>
<points>
<point x="1040" y="3864"/>
<point x="3619" y="6152"/>
</points>
</Connector>
<Connector class="oracle.dbtools.crest.swingui.relational.TVFKRelation" oid="2B3B9382-9387-2752-A528-F24C861FCFE5" otype="FKIndexAssociation" vid_source="A22839F1-333E-E324-7E22-BFDAB48BB189" vid_target="2EC6B2DE-8E50-C43D-E483-EBB549E99565">
<hideElementsInCurrentOnly>false</hideElementsInCurrentOnly>
<backgroundColor>-16777216</backgroundColor>
<lineWidth>1</lineWidth>
<points>
<point x="1040" y="3662"/>
<point x="3256" y="1811"/>
</points>
</Connector>
<Connector class="oracle.dbtools.crest.swingui.relational.TVFKRelation" oid="2B8D03DE-0AA7-BB00-0975-3AA26E64775E" otype="FKIndexAssociation" vid_source="442A9DD5-2157-3B49-0624-A22D32CB5FD7" vid_target="9A9B9EFA-1CDD-BD7A-AA88-393C65D6B78D">
<hideElementsInCurrentOnly>false</hideElementsInCurrentOnly>
<backgroundColor>-16777216</backgroundColor>
<lineWidth>1</lineWidth>
<points>
<point x="5163" y="2826"/>
<point x="5432" y="2826"/>
</points>
</Connector>
<Connector class="oracle.dbtools.crest.swingui.relational.TVFKRelation" oid="2E0881A8-8DF3-7DC0-B24A-F7CCB2D2D3C4" otype="FKIndexAssociation" vid_source="3FFF99A4-065D-04BE-2A97-1131A2DB3200" vid_target="96F4B71E-D48E-83B3-F19D-23A893B7AF37">
<hideElementsInCurrentOnly>false</hideElementsInCurrentOnly>
<backgroundColor>-16777216</backgroundColor>
<lineWidth>1</lineWidth>
<points>
<point x="4613" y="884"/>
<point x="4865" y="960"/>
</points>
</Connector>
<Connector class="oracle.dbtools.crest.swingui.relational.TVFKRelation" oid="31FD21C2-60F5-3431-D61F-EFCD68418A19" otype="FKIndexAssociation" vid_source="2EC6B2DE-8E50-C43D-E483-EBB549E99565" vid_target="3FFF99A4-065D-04BE-2A97-1131A2DB3200">
<hideElementsInCurrentOnly>false</hideElementsInCurrentOnly>
<backgroundColor>-16777216</backgroundColor>
<lineWidth>1</lineWidth>
<points>
<point x="3367" y="1724"/>
<point x="4484" y="906"/>
</points>
</Connector>
<Connector class="oracle.dbtools.crest.swingui.relational.TVFKRelation" oid="384CDE03-33FC-BA9A-3D55-A7CD97721B3B" otype="FKIndexAssociation" vid_source="2A96B20E-BECC-A048-22FD-6468162A9581" vid_target="EB7EA4FB-50C4-0EB8-4C7F-FD4D7E44D01C">
<hideElementsInCurrentOnly>false</hideElementsInCurrentOnly>
<backgroundColor>-16777216</backgroundColor>
<lineWidth>1</lineWidth>
<points>
<point x="4570" y="4249"/>
<point x="4649" y="4249"/>
</points>
</Connector>
<Connector class="oracle.dbtools.crest.swingui.relational.TVFKRelation" oid="3A8F7CCD-6066-C629-9667-4E306FA99CD5" otype="FKIndexAssociation" vid_source="2A96B20E-BECC-A048-22FD-6468162A9581" vid_target="1282042B-3374-020A-5A17-8CBA3B94B974">
<hideElementsInCurrentOnly>false</hideElementsInCurrentOnly>
<backgroundColor>-16777216</backgroundColor>
<lineWidth>1</lineWidth>
<points>
<point x="4570" y="4048"/>
<point x="4645" y="4048"/>
</points>
</Connector>
<Connector class="oracle.dbtools.crest.swingui.relational.TVFKRelation" oid="3ACB46B8-C10E-C05A-4A4C-1EA21D45BEFC" otype="FKIndexAssociation" vid_source="1F2C9220-A0B2-AB0A-D4E5-2531B51A4A83" vid_target="4E1E25A4-2E0F-A827-D4D3-F104B90D3450">
<hideElementsInCurrentOnly>false</hideElementsInCurrentOnly>
<backgroundColor>-16777216</backgroundColor>
<lineWidth>1</lineWidth>
<points>
<point x="4545" y="3769"/>
<point x="4805" y="3769"/>
</points>
</Connector>
<Connector class="oracle.dbtools.crest.swingui.relational.TVFKRelation" oid="3C7B3DFC-6558-AC7B-1B6F-6471C308E756" otype="FKIndexAssociation" vid_source="5DB3F46A-942B-DE0D-7F6C-BB2E9981D023" vid_target="D0110BC2-747F-454C-E3BD-DCBA6F1815E3">
<hideElementsInCurrentOnly>false</hideElementsInCurrentOnly>
<backgroundColor>-16777216</backgroundColor>
<lineWidth>1</lineWidth>
<points>
<point x="4985" y="2222"/>
<point x="5060" y="2222"/>
</points>
</Connector>
<Connector class="oracle.dbtools.crest.swingui.relational.TVFKRelation" oid="3F467321-1DC6-7320-08B4-DA22864131EC" otype="FKIndexAssociation" vid_source="2EC6B2DE-8E50-C43D-E483-EBB549E99565" vid_target="68E1F6FA-10D9-B6EA-A7C6-DBC242D7196A">
<hideElementsInCurrentOnly>false</hideElementsInCurrentOnly>
<backgroundColor>-16777216</backgroundColor>
<lineWidth>1</lineWidth>
<points>
<point x="3364" y="1710"/>
<point x="4466" y="554"/>
</points>
</Connector>
<Connector class="oracle.dbtools.crest.swingui.relational.TVFKRelation" oid="409ABD12-DE2F-604B-97D4-862E75507C17" otype="FKIndexAssociation" vid_source="86AAEC46-8D86-19CD-11EF-6B565D7D085A" vid_target="C122892C-F1D1-E690-BDC5-F096CD4DA294">
<hideElementsInCurrentOnly>false</hideElementsInCurrentOnly>
<backgroundColor>-16777216</backgroundColor>
<lineWidth>1</lineWidth>
<points>
<point x="4634" y="3129"/>
<point x="4731" y="3129"/>
</points>
</Connector>
<Connector class="oracle.dbtools.crest.swingui.relational.TVFKRelation" oid="419DFE33-3354-9313-A2EE-E691762CC8AB" otype="FKIndexAssociation" vid_source="86018539-54F8-5DBD-2B1E-5DCB07BC371F" vid_target="1DD5EA73-3958-53B9-2C60-79BA5E42900C">
<hideElementsInCurrentOnly>false</hideElementsInCurrentOnly>
<backgroundColor>-16777216</backgroundColor>
<lineWidth>1</lineWidth>
<points>
<point x="3879" y="6343"/>
<point x="4357" y="6343"/>
</points>
</Connector>
<Connector class="oracle.dbtools.crest.swingui.relational.TVFKRelation" oid="4580A36A-092C-C48A-3A2F-01AEA9A0B062" otype="FKIndexAssociation" vid_source="442A9DD5-2157-3B49-0624-A22D32CB5FD7" vid_target="FECCAAEC-C181-17F3-7BCD-861EFB5DF3E6">
<hideElementsInCurrentOnly>false</hideElementsInCurrentOnly>
<backgroundColor>-16777216</backgroundColor>
<lineWidth>1</lineWidth>
<points>
<point x="5163" y="2854"/>
<point x="5429" y="2935"/>
</points>
</Connector>
<Connector class="oracle.dbtools.crest.swingui.relational.TVFKRelation" oid="49514720-AB58-7036-0FA5-65874FFFBE5B" otype="FKIndexAssociation" vid_source="9E7799FC-0F88-92DB-DB44-F348A1FC06FE" vid_target="FA326654-A2FC-D42B-9D3F-12D2367391A0">
<hideElementsInCurrentOnly>false</hideElementsInCurrentOnly>
<backgroundColor>-16777216</backgroundColor>
<lineWidth>1</lineWidth>
<points>
<point x="4746" y="1430"/>
<point x="5081" y="1430"/>
</points>
</Connector>
<Connector class="oracle.dbtools.crest.swingui.relational.TVFKRelation" oid="4D4B58D8-567D-32D3-44C7-4973A57C95B2" otype="FKIndexAssociation" vid_source="246A93D0-849B-975F-3DA0-56F52B592AD6" vid_target="4F5860C1-EFA1-78C3-4BDB-3FCA7D992092">
<hideElementsInCurrentOnly>false</hideElementsInCurrentOnly>
<backgroundColor>-16777216</backgroundColor>
<lineWidth>1</lineWidth>
<points>
<point x="5505" y="1408"/>
<point x="5609" y="1350"/>
</points>
</Connector>
<Connector class="oracle.dbtools.crest.swingui.relational.TVFKRelation" oid="5260BCAE-6250-AC89-3372-03F0058176F2" otype="FKIndexAssociation" vid_source="9E7799FC-0F88-92DB-DB44-F348A1FC06FE" vid_target="DCFFAF3C-3174-7228-78E8-5F1EF685391E">
<hideElementsInCurrentOnly>false</hideElementsInCurrentOnly>
<backgroundColor>-16777216</backgroundColor>
<lineWidth>1</lineWidth>
<points>
<point x="4746" y="1481"/>
<point x="5063" y="1615"/>
</points>
</Connector>
<Connector class="oracle.dbtools.crest.swingui.relational.TVFKRelation" oid="52E20D06-EF91-8584-2939-40F93D3E5C34" otype="FKIndexAssociation" vid_source="5F4307C7-AC55-5435-56C7-96FB3254C241" vid_target="D0C5BD43-9B64-90E7-C65D-194F93351A4F">
<hideElementsInCurrentOnly>false</hideElementsInCurrentOnly>
<backgroundColor>-16777216</backgroundColor>
<lineWidth>1</lineWidth>
<points>
<point x="4906" y="2992"/>
<point x="5076" y="2992"/>
</points>
</Connector>
<Connector class="oracle.dbtools.crest.swingui.relational.TVFKRelation" oid="569B42CD-2B89-61C1-4763-088503707F7D" otype="FKIndexAssociation" vid_source="B479B09E-229C-73B8-9E50-E296F38F756B" vid_target="7634907C-C16D-B83E-A52C-ACA946265758">
<hideElementsInCurrentOnly>false</hideElementsInCurrentOnly>
<backgroundColor>-16777216</backgroundColor>
<lineWidth>1</lineWidth>
<points>
<point x="4711" y="1240"/>
<point x="4901" y="1499"/>
</points>
</Connector>
<Connector class="oracle.dbtools.crest.swingui.relational.TVFKRelation" oid="578D2987-DCC6-6745-D9C9-6463D7833D01" otype="FKIndexAssociation" vid_source="94E8C117-6833-C327-D37B-B64E49CB6796" vid_target="1F2C9220-A0B2-AB0A-D4E5-2531B51A4A83">
<hideElementsInCurrentOnly>false</hideElementsInCurrentOnly>
<backgroundColor>-16777216</backgroundColor>
<lineWidth>1</lineWidth>
<points>
<point x="4224" y="3877"/>
<point x="4377" y="3877"/>
</points>
</Connector>
<Connector class="oracle.dbtools.crest.swingui.relational.TVFKRelation" oid="5C0ABC20-B27A-42B5-6DF3-DC4A46616988" otype="FKIndexAssociation" vid_source="2A96B20E-BECC-A048-22FD-6468162A9581" vid_target="A1E0C79E-52E9-B293-F310-1D7DAB59B82F">
<hideElementsInCurrentOnly>false</hideElementsInCurrentOnly>
<backgroundColor>-16777216</backgroundColor>
<lineWidth>1</lineWidth>
<points>
<point x="4570" y="4135"/>
<point x="4650" y="4135"/>
</points>
</Connector>
<Connector class="oracle.dbtools.crest.swingui.relational.TVFKRelation" oid="5C4948C8-AABF-737A-D184-A9734C887EEE" otype="FKIndexAssociation" vid_source="F74CAF29-98E4-E655-7741-5FAFB4153D20" vid_target="8E023B02-8E53-74AE-1DBF-6F29F7CF82B8">
<hideElementsInCurrentOnly>false</hideElementsInCurrentOnly>
<backgroundColor>-16777216</backgroundColor>
<lineWidth>1</lineWidth>
<points>
<point x="3658" y="3953"/>
<point x="4009" y="4271"/>
</points>
</Connector>
<Connector class="oracle.dbtools.crest.swingui.relational.TVFKRelation" oid="5D13D222-0461-54E1-E6F3-2A2209C4C2F2" otype="FKIndexAssociation" vid_source="5DB3F46A-942B-DE0D-7F6C-BB2E9981D023" vid_target="4FAFA76D-2B70-2920-37BF-35E89121C29B">
<hideElementsInCurrentOnly>false</hideElementsInCurrentOnly>
<backgroundColor>-16777216</backgroundColor>
<lineWidth>1</lineWidth>
<points>
<point x="4985" y="2404"/>
<point x="5289" y="2404"/>
</points>
</Connector>
<Connector class="oracle.dbtools.crest.swingui.relational.TVFKRelation" oid="5E6E6A08-5351-2FC5-EF01-0ACCDF59A95C" otype="FKIndexAssociation" vid_source="2A96B20E-BECC-A048-22FD-6468162A9581" vid_target="908B4A5F-39E0-77B8-93AD-45B5A2DFCD52">
<hideElementsInCurrentOnly>false</hideElementsInCurrentOnly>
<backgroundColor>-16777216</backgroundColor>
<lineWidth>1</lineWidth>
<points>
<point x="4570" y="4183"/>
<point x="5066" y="4183"/>
</points>
</Connector>
<Connector class="oracle.dbtools.crest.swingui.relational.TVFKRelation" oid="6556906A-1B1B-B904-8C23-651FEC2B943E" otype="FKIndexAssociation" vid_source="A22839F1-333E-E324-7E22-BFDAB48BB189" vid_target="F74CAF29-98E4-E655-7741-5FAFB4153D20">
<hideElementsInCurrentOnly>false</hideElementsInCurrentOnly>
<backgroundColor>-16777216</backgroundColor>
<lineWidth>1</lineWidth>
<points>
<point x="1040" y="3767"/>
<point x="3487" y="3905"/>
</points>
</Connector>
<Connector class="oracle.dbtools.crest.swingui.relational.TVFKRelation" oid="66DFF141-BC42-40D2-55EA-7D50CF3B58B5" otype="FKIndexAssociation" vid_source="B479B09E-229C-73B8-9E50-E296F38F756B" vid_target="0FA5AB7A-5BA4-BECD-9163-112F3F582658">
<hideElementsInCurrentOnly>false</hideElementsInCurrentOnly>
<backgroundColor>-16777216</backgroundColor>
<lineWidth>1</lineWidth>
<points>
<point x="4739" y="1200"/>
<point x="5320" y="1200"/>
</points>
</Connector>
<Connector class="oracle.dbtools.crest.swingui.relational.TVFKRelation" oid="6B40C5A1-B458-32E7-00E6-D26C0222B214" otype="FKIndexAssociation" vid_source="3FFF99A4-065D-04BE-2A97-1131A2DB3200" vid_target="8DAA2A56-4584-D3E0-BA0F-C5AEA8DE2606">
<hideElementsInCurrentOnly>false</hideElementsInCurrentOnly>
<backgroundColor>-16777216</backgroundColor>
<lineWidth>1</lineWidth>
<points>
<point x="4613" y="863"/>
<point x="5024" y="863"/>
</points>
</Connector>
<Connector class="oracle.dbtools.crest.swingui.relational.TVFKRelation" oid="6E56CBFE-58CD-81BB-44E9-068A5969D362" otype="FKIndexAssociation" vid_source="9E7799FC-0F88-92DB-DB44-F348A1FC06FE" vid_target="A80E66FE-BA80-99C5-0CEF-4501212DB720">
<hideElementsInCurrentOnly>false</hideElementsInCurrentOnly>
<backgroundColor>-16777216</backgroundColor>
<lineWidth>1</lineWidth>
<points>
<point x="4746" y="1473"/>
<point x="5306" y="1613"/>
</points>
</Connector>
<Connector class="oracle.dbtools.crest.swingui.relational.TVFKRelation" oid="6F1248AB-7161-F4CF-91D3-B6A9828B76BE" otype="FKIndexAssociation" vid_source="46A76D9A-02C7-69B2-9315-9ECCD8FA2A33" vid_target="88F3C90C-97F5-AE7E-5FFC-BCE21546357F">
<hideElementsInCurrentOnly>false</hideElementsInCurrentOnly>
<backgroundColor>-16777216</backgroundColor>
<lineWidth>1</lineWidth>
<points>
<point x="4960" y="1943"/>
<point x="5220" y="1943"/>
</points>
</Connector>
<Connector class="oracle.dbtools.crest.swingui.relational.TVFKRelation" oid="70C6738F-00B6-EF39-90AB-6006F41163B9" otype="FKIndexAssociation" vid_source="46A76D9A-02C7-69B2-9315-9ECCD8FA2A33" vid_target="F28B6EEE-EDD2-27D6-EFFD-419B2338826F">
<hideElementsInCurrentOnly>false</hideElementsInCurrentOnly>
<backgroundColor>-16777216</backgroundColor>
<lineWidth>1</lineWidth>
<points>
<point x="4960" y="1990"/>
<point x="5048" y="1990"/>
</points>
</Connector>
<Connector class="oracle.dbtools.crest.swingui.relational.TVFKRelation" oid="7113C854-5703-4B77-4495-85BDDAEDB7B8" otype="FKIndexAssociation" vid_source="B479B09E-229C-73B8-9E50-E296F38F756B" vid_target="E040419E-0EEB-A689-B346-A49464A0C5E1">
<hideElementsInCurrentOnly>false</hideElementsInCurrentOnly>
<backgroundColor>-16777216</backgroundColor>
<lineWidth>1</lineWidth>
<points>
<point x="4739" y="1178"/>
<point x="4909" y="1178"/>
</points>
</Connector>
<Connector class="oracle.dbtools.crest.swingui.relational.TVFKRelation" oid="74C9F52B-8835-7687-C120-5D4600CF392A" otype="FKIndexAssociation" vid_source="B479B09E-229C-73B8-9E50-E296F38F756B" vid_target="DCFFAF3C-3174-7228-78E8-5F1EF685391E">
<hideElementsInCurrentOnly>false</hideElementsInCurrentOnly>
<backgroundColor>-16777216</backgroundColor>
<lineWidth>1</lineWidth>
<points>
<point x="4721" y="1240"/>
<point x="5063" y="1571"/>
</points>
</Connector>
<Connector class="oracle.dbtools.crest.swingui.relational.TVFKRelation" oid="7B7E1665-09B1-8066-CB5E-118EE39E6877" otype="FKIndexAssociation" vid_source="5F4307C7-AC55-5435-56C7-96FB3254C241" vid_target="442A9DD5-2157-3B49-0624-A22D32CB5FD7">
<hideElementsInCurrentOnly>false</hideElementsInCurrentOnly>
<backgroundColor>-16777216</backgroundColor>
<lineWidth>1</lineWidth>
<points>
<point x="4906" y="2837"/>
<point x="5045" y="2837"/>
</points>
</Connector>
<Connector class="oracle.dbtools.crest.swingui.relational.TVFKRelation" oid="7B82EA82-99F2-152D-9DB0-8E121A7FF2A0" otype="FKIndexAssociation" vid_source="246A93D0-849B-975F-3DA0-56F52B592AD6" vid_target="7A273AC2-51E4-245D-EE4D-E7148D9D6AD5">
<hideElementsInCurrentOnly>false</hideElementsInCurrentOnly>
<backgroundColor>-16777216</backgroundColor>
<lineWidth>1</lineWidth>
<points>
<point x="5524" y="1464"/>
<point x="5861" y="1464"/>
</points>
</Connector>
<Connector class="oracle.dbtools.crest.swingui.relational.TVFKRelation" oid="7D742744-CBE7-2106-2619-5664DABC8928" otype="FKIndexAssociation" vid_source="1F2C9220-A0B2-AB0A-D4E5-2531B51A4A83" vid_target="1FD551CE-6D20-2D9E-DF41-B21603DDCB6F">
<hideElementsInCurrentOnly>false</hideElementsInCurrentOnly>
<backgroundColor>-16777216</backgroundColor>
<lineWidth>1</lineWidth>
<points>
<point x="4545" y="3682"/>
<point x="4641" y="3682"/>
</points>
</Connector>
<Connector class="oracle.dbtools.crest.swingui.relational.TVFKRelation" oid="7E4EE806-7E2E-C784-254B-C4FE1824A075" otype="FKIndexAssociation" vid_source="9E7799FC-0F88-92DB-DB44-F348A1FC06FE" vid_target="0DF313D2-1FCC-DB3F-EF1B-E0083075630E">
<hideElementsInCurrentOnly>false</hideElementsInCurrentOnly>
<backgroundColor>-16777216</backgroundColor>
<lineWidth>1</lineWidth>
<points>
<point x="4735" y="1492"/>
<point x="4910" y="1632"/>
</points>
</Connector>
<Connector class="oracle.dbtools.crest.swingui.relational.TVFKRelation" oid="7EB2B57C-5F2B-888A-F719-0FAEF7563F33" otype="FKIndexAssociation" vid_source="442A9DD5-2157-3B49-0624-A22D32CB5FD7" vid_target="CACC3D5C-4275-62CA-AA40-DF244D7F8A11">
<hideElementsInCurrentOnly>false</hideElementsInCurrentOnly>
<backgroundColor>-16777216</backgroundColor>
<lineWidth>1</lineWidth>
<points>
<point x="5163" y="2806"/>
<point x="5456" y="2656"/>
</points>
</Connector>
<Connector class="oracle.dbtools.crest.swingui.relational.TVFKRelation" oid="7EE10830-9DE7-1405-075C-827AF63A9260" otype="FKIndexAssociation" vid_source="9E7799FC-0F88-92DB-DB44-F348A1FC06FE" vid_target="5F8151F2-D92B-EA43-60F2-ABE12A0AB630">
<hideElementsInCurrentOnly>false</hideElementsInCurrentOnly>
<backgroundColor>-16777216</backgroundColor>
<lineWidth>1</lineWidth>
<points>
<point x="4746" y="1439"/>
<point x="5095" y="1290"/>
</points>
</Connector>
<Connector class="oracle.dbtools.crest.swingui.relational.TVFKRelation" oid="7F7B1402-1F9F-ABE6-1FFE-0893D0F363BB" otype="FKIndexAssociation" vid_source="86018539-54F8-5DBD-2B1E-5DCB07BC371F" vid_target="BB2B247F-68A8-5C94-926A-3A61898014C8">
<hideElementsInCurrentOnly>false</hideElementsInCurrentOnly>
<backgroundColor>-16777216</backgroundColor>
<lineWidth>1</lineWidth>
<points>
<point x="3879" y="6347"/>
<point x="4271" y="6580"/>
</points>
</Connector>
<Connector class="oracle.dbtools.crest.swingui.relational.TVFKRelation" oid="89B2F7C8-1F41-85EB-C205-052BAB98203F" otype="FKIndexAssociation" vid_source="9E7799FC-0F88-92DB-DB44-F348A1FC06FE" vid_target="E040419E-0EEB-A689-B346-A49464A0C5E1">
<hideElementsInCurrentOnly>false</hideElementsInCurrentOnly>
<backgroundColor>-16777216</backgroundColor>
<lineWidth>1</lineWidth>
<points>
<point x="4723" y="1429"/>
<point x="4909" y="1212"/>
</points>
</Connector>
<Connector class="oracle.dbtools.crest.swingui.relational.TVFKRelation" oid="8ABD713F-6773-2F58-D43A-F354CB9A4270" otype="FKIndexAssociation" vid_source="B479B09E-229C-73B8-9E50-E296F38F756B" vid_target="0DF313D2-1FCC-DB3F-EF1B-E0083075630E">
<hideElementsInCurrentOnly>false</hideElementsInCurrentOnly>
<backgroundColor>-16777216</backgroundColor>
<lineWidth>1</lineWidth>
<points>
<point x="4707" y="1240"/>
<point x="4935" y="1627"/>
</points>
</Connector>
<Connector class="oracle.dbtools.crest.swingui.relational.TVFKRelation" oid="8BA49471-6FA2-F64E-BF3F-0BC8F9357C34" otype="FKIndexAssociation" vid_source="2EC6B2DE-8E50-C43D-E483-EBB549E99565" vid_target="53F08949-3BE9-8A18-C4F0-C864E8D6F578">
<hideElementsInCurrentOnly>false</hideElementsInCurrentOnly>
<backgroundColor>-16777216</backgroundColor>
<lineWidth>1</lineWidth>
<points>
<point x="3367" y="1807"/>
<point x="4405" y="2592"/>
</points>
</Connector>
<Connector class="oracle.dbtools.crest.swingui.relational.TVFKRelation" oid="8DE8091D-5221-F4FF-7383-74577E2AF164" otype="FKIndexAssociation" vid_source="C87E3B71-67BC-C38A-895C-9AC5BAED6160" vid_target="9E7799FC-0F88-92DB-DB44-F348A1FC06FE">
<hideElementsInCurrentOnly>false</hideElementsInCurrentOnly>
<backgroundColor>-16777216</backgroundColor>
<lineWidth>1</lineWidth>
<points>
<point x="4517" y="1389"/>
<point x="4646" y="1455"/>
</points>
</Connector>
<Connector class="oracle.dbtools.crest.swingui.relational.TVFKRelation" oid="9423F9B0-798E-CFC6-FA26-840E94B1CFA6" otype="FKIndexAssociation" vid_source="9E7799FC-0F88-92DB-DB44-F348A1FC06FE" vid_target="0FA5AB7A-5BA4-BECD-9163-112F3F582658">
<hideElementsInCurrentOnly>false</hideElementsInCurrentOnly>
<backgroundColor>-16777216</backgroundColor>
<lineWidth>1</lineWidth>
<points>
<point x="4746" y="1445"/>
<point x="5320" y="1267"/>
</points>
</Connector>
<Connector class="oracle.dbtools.crest.swingui.relational.TVFKRelation" oid="9455893E-5CD5-AAF8-BD57-E4B45B3BA611" otype="FKIndexAssociation" vid_source="C87E3B71-67BC-C38A-895C-9AC5BAED6160" vid_target="B479B09E-229C-73B8-9E50-E296F38F756B">
<hideElementsInCurrentOnly>false</hideElementsInCurrentOnly>
<backgroundColor>-16777216</backgroundColor>
<lineWidth>1</lineWidth>
<points>
<point x="4490" y="1319"/>
<point x="4635" y="1235"/>
</points>
</Connector>
<Connector class="oracle.dbtools.crest.swingui.relational.TVFKRelation" oid="987425B0-047C-2ACE-1626-FAC11B3A2F3B" otype="FKIndexAssociation" vid_source="2A96B20E-BECC-A048-22FD-6468162A9581" vid_target="FCE4B197-4B81-B640-BD7F-A5BCF312C352">
<hideElementsInCurrentOnly>false</hideElementsInCurrentOnly>
<backgroundColor>-16777216</backgroundColor>
<lineWidth>1</lineWidth>
<points>
<point x="4570" y="4077"/>
<point x="4820" y="4077"/>
</points>
</Connector>
<Connector class="oracle.dbtools.crest.swingui.relational.TVFKRelation" oid="9977B42F-C20C-D59F-12D0-15D5F2D6811D" otype="FKIndexAssociation" vid_source="B479B09E-229C-73B8-9E50-E296F38F756B" vid_target="79EC1252-7002-8904-F9C0-95B09FBFBEE8">
<hideElementsInCurrentOnly>false</hideElementsInCurrentOnly>
<backgroundColor>-16777216</backgroundColor>
<lineWidth>1</lineWidth>
<points>
<point x="4731" y="1240"/>
<point x="4904" y="1370"/>
</points>
</Connector>
<Connector class="oracle.dbtools.crest.swingui.relational.TVFKRelation" oid="A27D3C59-D3BA-0636-AD80-3AC60181FCFB" otype="FKIndexAssociation" vid_source="5DB3F46A-942B-DE0D-7F6C-BB2E9981D023" vid_target="1C3D30AC-D32A-CDC5-5EA7-82CE25E8F72D">
<hideElementsInCurrentOnly>false</hideElementsInCurrentOnly>
<backgroundColor>-16777216</backgroundColor>
<lineWidth>1</lineWidth>
<points>
<point x="4985" y="2309"/>
<point x="5065" y="2309"/>
</points>
</Connector>
<Connector class="oracle.dbtools.crest.swingui.relational.TVFKRelation" oid="A379564F-DCB7-6619-B4A1-81964840ED21" otype="FKIndexAssociation" vid_source="86018539-54F8-5DBD-2B1E-5DCB07BC371F" vid_target="50BACA22-FB60-7EE7-EC46-195A3F652FB0">
<hideElementsInCurrentOnly>false</hideElementsInCurrentOnly>
<backgroundColor>-16777216</backgroundColor>
<lineWidth>1</lineWidth>
<points>
<point x="3879" y="6234"/>
<point x="4335" y="6234"/>
</points>
</Connector>
<Connector class="oracle.dbtools.crest.swingui.relational.TVFKRelation" oid="A701EA41-577C-02A0-0BAF-F097471BDDB7" otype="FKIndexAssociation" vid_source="94E8C117-6833-C327-D37B-B64E49CB6796" vid_target="2A96B20E-BECC-A048-22FD-6468162A9581">
<hideElementsInCurrentOnly>false</hideElementsInCurrentOnly>
<backgroundColor>-16777216</backgroundColor>
<lineWidth>1</lineWidth>
<points>
<point x="4184" y="3963"/>
<point x="4363" y="4083"/>
</points>
</Connector>
<Connector class="oracle.dbtools.crest.swingui.relational.TVFKRelation" oid="ACCFD3E7-BEBF-53DC-5878-14F483403BB9" otype="FKIndexAssociation" vid_source="3FFF99A4-065D-04BE-2A97-1131A2DB3200" vid_target="008213A6-020F-8A29-95B1-16130FDD0271">
<hideElementsInCurrentOnly>false</hideElementsInCurrentOnly>
<backgroundColor>-16777216</backgroundColor>
<lineWidth>1</lineWidth>
<points>
<point x="4595" y="821"/>
<point x="4616" y="804"/>
</points>
</Connector>
<Connector class="oracle.dbtools.crest.swingui.relational.TVFKRelation" oid="B1C88BFF-250B-E436-1D9B-2F2C1451D7F1" otype="FKIndexAssociation" vid_source="B479B09E-229C-73B8-9E50-E296F38F756B" vid_target="246A93D0-849B-975F-3DA0-56F52B592AD6">
<hideElementsInCurrentOnly>false</hideElementsInCurrentOnly>
<backgroundColor>-16777216</backgroundColor>
<lineWidth>1</lineWidth>
<points>
<point x="4739" y="1222"/>
<point x="5355" y="1417"/>
</points>
</Connector>
<Connector class="oracle.dbtools.crest.swingui.relational.TVFKRelation" oid="B4BE87BA-65B7-6D9F-1C7D-1C28DE360B59" otype="FKIndexAssociation" vid_source="53F08949-3BE9-8A18-C4F0-C864E8D6F578" vid_target="5F4307C7-AC55-5435-56C7-96FB3254C241">
<hideElementsInCurrentOnly>false</hideElementsInCurrentOnly>
<backgroundColor>-16777216</backgroundColor>
<lineWidth>1</lineWidth>
<points>
<point x="4496" y="2657"/>
<point x="4731" y="2818"/>
</points>
</Connector>
<Connector class="oracle.dbtools.crest.swingui.relational.TVFKRelation" oid="B523E92E-C48E-33D1-BD81-7B52B5965A53" otype="FKIndexAssociation" vid_source="82C2C15F-F45C-B916-2A66-7DA4C0B90B8A" vid_target="7800712D-2BB4-7514-4932-3370B3F5B912">
<hideElementsInCurrentOnly>false</hideElementsInCurrentOnly>
<backgroundColor>-16777216</backgroundColor>
<lineWidth>1</lineWidth>
<points>
<point x="4550" y="5252"/>
<point x="4697" y="5252"/>
</points>
</Connector>
<Connector class="oracle.dbtools.crest.swingui.relational.TVFKRelation" oid="B63737D5-3499-619A-0C94-9E6C35CA2EE9" otype="FKIndexAssociation" vid_source="3FFF99A4-065D-04BE-2A97-1131A2DB3200" vid_target="7E740541-2D56-30EE-DD39-5F876BCEF231">
<hideElementsInCurrentOnly>false</hideElementsInCurrentOnly>
<backgroundColor>-16777216</backgroundColor>
<lineWidth>1</lineWidth>
<points>
<point x="4608" y="906"/>
<point x="4701" y="965"/>
</points>
</Connector>
<Connector class="oracle.dbtools.crest.swingui.relational.TVFKRelation" oid="B86A781F-30E5-812C-D32A-A0341B419D16" otype="FKIndexAssociation" vid_source="9E7799FC-0F88-92DB-DB44-F348A1FC06FE" vid_target="246A93D0-849B-975F-3DA0-56F52B592AD6">
<hideElementsInCurrentOnly>false</hideElementsInCurrentOnly>
<backgroundColor>-16777216</backgroundColor>
<lineWidth>1</lineWidth>
<points>
<point x="4746" y="1440"/>
<point x="5355" y="1440"/>
</points>
</Connector>
<Connector class="oracle.dbtools.crest.swingui.relational.TVFKRelation" oid="BC727E04-95B9-9FA7-78F2-912B6D1D6C0B" otype="FKIndexAssociation" vid_source="46A76D9A-02C7-69B2-9315-9ECCD8FA2A33" vid_target="05BD6C21-BF14-DE4B-CEA6-CDA2044E1B2F">
<hideElementsInCurrentOnly>false</hideElementsInCurrentOnly>
<backgroundColor>-16777216</backgroundColor>
<lineWidth>1</lineWidth>
<points>
<point x="4960" y="1844"/>
<point x="5210" y="1844"/>
</points>
</Connector>
<Connector class="oracle.dbtools.crest.swingui.relational.TVFKRelation" oid="BDA80FAD-BE3E-63A7-4A54-AAD8924E225B" otype="FKIndexAssociation" vid_source="1F2C9220-A0B2-AB0A-D4E5-2531B51A4A83" vid_target="8C55DF36-8224-6F8F-19DC-316A824F8201">
<hideElementsInCurrentOnly>false</hideElementsInCurrentOnly>
<backgroundColor>-16777216</backgroundColor>
<lineWidth>1</lineWidth>
<points>
<point x="4545" y="3670"/>
<point x="4795" y="3670"/>
</points>
</Connector>
<Connector class="oracle.dbtools.crest.swingui.relational.TVFKRelation" oid="BDF1082C-712C-E811-5CD1-23E6BC902470" otype="FKIndexAssociation" vid_source="82C2C15F-F45C-B916-2A66-7DA4C0B90B8A" vid_target="E7120165-67B6-9EE9-8D21-E557CEDB4C85">
<hideElementsInCurrentOnly>false</hideElementsInCurrentOnly>
<backgroundColor>-16777216</backgroundColor>
<lineWidth>1</lineWidth>
<points>
<point x="4504" y="5292"/>
<point x="4711" y="5586"/>
</points>
</Connector>
<Connector class="oracle.dbtools.crest.swingui.relational.TVFKRelation" oid="C5CC989F-1B9F-8A66-D033-70A03B9F2B50" otype="FKIndexAssociation" vid_source="86018539-54F8-5DBD-2B1E-5DCB07BC371F" vid_target="2F8495AD-DFF6-11C8-A0CC-5EEDA899B40D">
<hideElementsInCurrentOnly>false</hideElementsInCurrentOnly>
<backgroundColor>-16777216</backgroundColor>
<lineWidth>1</lineWidth>
<points>
<point x="3879" y="6187"/>
<point x="4264" y="6037"/>
</points>
</Connector>
<Connector class="oracle.dbtools.crest.swingui.relational.TVFKRelation" oid="C6F8D651-39C7-624B-0F0A-AC1D6CB11A25" otype="FKIndexAssociation" vid_source="5DB3F46A-942B-DE0D-7F6C-BB2E9981D023" vid_target="4740DAFD-7274-C1D5-5709-E8C6911C1959">
<hideElementsInCurrentOnly>false</hideElementsInCurrentOnly>
<backgroundColor>-16777216</backgroundColor>
<lineWidth>1</lineWidth>
<points>
<point x="4985" y="2251"/>
<point x="5235" y="2251"/>
</points>
</Connector>
<Connector class="oracle.dbtools.crest.swingui.relational.TVFKRelation" oid="C70EDCD1-EFAD-B381-DE04-775E3A14C378" otype="FKIndexAssociation" vid_source="42FF1523-5651-642B-3119-1EF8B71FFF30" vid_target="39FA5E8E-AD47-BD6D-0AF8-8159C6C8F160">
<hideElementsInCurrentOnly>false</hideElementsInCurrentOnly>
<backgroundColor>-16777216</backgroundColor>
<lineWidth>1</lineWidth>
<points>
<point x="5060" y="5038"/>
<point x="5191" y="5038"/>
</points>
</Connector>
<Connector class="oracle.dbtools.crest.swingui.relational.TVFKRelation" oid="CEB68460-078B-92F9-481D-D6EA6A38ADC3" otype="FKIndexAssociation" vid_source="B479B09E-229C-73B8-9E50-E296F38F756B" vid_target="A80E66FE-BA80-99C5-0CEF-4501212DB720">
<hideElementsInCurrentOnly>false</hideElementsInCurrentOnly>
<backgroundColor>-16777216</backgroundColor>
<lineWidth>1</lineWidth>
<points>
<point x="4739" y="1236"/>
<point x="5306" y="1573"/>
</points>
</Connector>
<Connector class="oracle.dbtools.crest.swingui.relational.TVFKRelation" oid="D0A79B96-70C9-9E13-BE8F-D5BBD1BFA77B" otype="FKIndexAssociation" vid_source="F74CAF29-98E4-E655-7741-5FAFB4153D20" vid_target="94E8C117-6833-C327-D37B-B64E49CB6796">
<hideElementsInCurrentOnly>false</hideElementsInCurrentOnly>
<backgroundColor>-16777216</backgroundColor>
<lineWidth>1</lineWidth>
<points>
<point x="3741" y="3913"/>
<point x="3988" y="3913"/>
</points>
</Connector>
<Connector class="oracle.dbtools.crest.swingui.relational.TVFKRelation" oid="D3B60BCB-D935-D8A9-548D-E957C07374E9" otype="FKIndexAssociation" vid_source="A92FC72C-88A8-9CD5-515F-831B17B1DEAF" vid_target="5DB3F46A-942B-DE0D-7F6C-BB2E9981D023">
<hideElementsInCurrentOnly>false</hideElementsInCurrentOnly>
<backgroundColor>-16777216</backgroundColor>
<lineWidth>1</lineWidth>
<points>
<point x="4595" y="2134"/>
<point x="4778" y="2271"/>
</points>
</Connector>
<Connector class="oracle.dbtools.crest.swingui.relational.TVFKRelation" oid="D7D00054-DA09-8BC6-C7C6-04D1D53C9AF6" otype="FKIndexAssociation" vid_source="5DB3F46A-942B-DE0D-7F6C-BB2E9981D023" vid_target="93E70C40-0280-98BA-C5F3-2CF3EC891BA4">
<hideElementsInCurrentOnly>false</hideElementsInCurrentOnly>
<backgroundColor>-16777216</backgroundColor>
<lineWidth>1</lineWidth>
<points>
<point x="4985" y="2415"/>
<point x="5069" y="2415"/>
</points>
</Connector>
<Connector class="oracle.dbtools.crest.swingui.relational.TVFKRelation" oid="DAA77F5E-2621-66E3-8094-919B65981EC4" otype="FKIndexAssociation" vid_source="9E7799FC-0F88-92DB-DB44-F348A1FC06FE" vid_target="7634907C-C16D-B83E-A52C-ACA946265758">
<hideElementsInCurrentOnly>false</hideElementsInCurrentOnly>
<backgroundColor>-16777216</backgroundColor>
<lineWidth>1</lineWidth>
<points>
<point x="4746" y="1478"/>
<point x="4883" y="1529"/>
</points>
</Connector>
<Connector class="oracle.dbtools.crest.swingui.relational.TVFKRelation" oid="DB2E365A-5616-94BB-7AE7-395D6DCB2066" otype="FKIndexAssociation" vid_source="46A76D9A-02C7-69B2-9315-9ECCD8FA2A33" vid_target="86DF16BA-8C4D-69B4-F2C8-D7EBD6C044EF">
<hideElementsInCurrentOnly>false</hideElementsInCurrentOnly>
<backgroundColor>-16777216</backgroundColor>
<lineWidth>1</lineWidth>
<points>
<point x="4960" y="1855"/>
<point x="5056" y="1855"/>
</points>
</Connector>
<Connector class="oracle.dbtools.crest.swingui.relational.TVFKRelation" oid="DD3FD1C4-864A-1394-C89B-5C78AFDF2D6C" otype="FKIndexAssociation" vid_source="42FF1523-5651-642B-3119-1EF8B71FFF30" vid_target="3F12C277-3D86-1BB2-C885-12950ADA75F6">
<hideElementsInCurrentOnly>false</hideElementsInCurrentOnly>
<backgroundColor>-16777216</backgroundColor>
<lineWidth>1</lineWidth>
<points>
<point x="4979" y="5107"/>
<point x="4979" y="5140"/>
</points>
</Connector>
<Connector class="oracle.dbtools.crest.swingui.relational.TVFKRelation" oid="DF5797CF-111A-4D26-A08B-0D127CB91319" otype="FKIndexAssociation" vid_source="2A96B20E-BECC-A048-22FD-6468162A9581" vid_target="D58F7271-9F58-0CE6-BDE0-16F7D8B23263">
<hideElementsInCurrentOnly>false</hideElementsInCurrentOnly>
<backgroundColor>-16777216</backgroundColor>
<lineWidth>1</lineWidth>
<points>
<point x="4570" y="4237"/>
<point x="4847" y="4237"/>
</points>
</Connector>
<Connector class="oracle.dbtools.crest.swingui.relational.TVFKRelation" oid="DFAD219B-21A8-588A-4B30-5C506EFFFD20" otype="FKIndexAssociation" vid_source="2EC6B2DE-8E50-C43D-E483-EBB549E99565" vid_target="C87E3B71-67BC-C38A-895C-9AC5BAED6160">
<hideElementsInCurrentOnly>false</hideElementsInCurrentOnly>
<backgroundColor>-16777216</backgroundColor>
<lineWidth>1</lineWidth>
<points>
<point x="3367" y="1745"/>
<point x="4340" y="1387"/>
</points>
</Connector>
<Connector class="oracle.dbtools.crest.swingui.relational.TVFKRelation" oid="ED3CB33C-FC22-1450-EE0A-0A2C9C9FE631" otype="FKIndexAssociation" vid_source="B479B09E-229C-73B8-9E50-E296F38F756B" vid_target="5F8151F2-D92B-EA43-60F2-ABE12A0AB630">
<hideElementsInCurrentOnly>false</hideElementsInCurrentOnly>
<backgroundColor>-16777216</backgroundColor>
<lineWidth>1</lineWidth>
<points>
<point x="4739" y="1197"/>
<point x="5095" y="1197"/>
</points>
</Connector>
<Connector class="oracle.dbtools.crest.swingui.relational.TVFKRelation" oid="F0687481-9E59-8716-13CA-76B1382F428A" otype="FKIndexAssociation" vid_source="53F08949-3BE9-8A18-C4F0-C864E8D6F578" vid_target="2557773D-9131-B59C-9FB9-4AC8C3923FC5">
<hideElementsInCurrentOnly>false</hideElementsInCurrentOnly>
<backgroundColor>-16777216</backgroundColor>
<lineWidth>1</lineWidth>
<points>
<point x="4559" y="2624"/>
<point x="4750" y="2624"/>
</points>
</Connector>
<Connector class="oracle.dbtools.crest.swingui.relational.TVFKRelation" oid="F40FC6C2-C844-4ADB-B644-02C3DBB7669E" otype="FKIndexAssociation" vid_source="68E1F6FA-10D9-B6EA-A7C6-DBC242D7196A" vid_target="BAE3C7F7-1109-FD49-54F0-443FC1ADFCA7">
<hideElementsInCurrentOnly>false</hideElementsInCurrentOnly>
<backgroundColor>-16777216</backgroundColor>
<lineWidth>1</lineWidth>
<points>
<point x="4615" y="525"/>
<point x="4798" y="525"/>
</points>
</Connector>
<Connector class="oracle.dbtools.crest.swingui.relational.TVFKRelation" oid="F472F3F2-99A3-2713-CCE5-B3E1E661E2CD" otype="FKIndexAssociation" vid_source="A22839F1-333E-E324-7E22-BFDAB48BB189" vid_target="82C2C15F-F45C-B916-2A66-7DA4C0B90B8A">
<hideElementsInCurrentOnly>false</hideElementsInCurrentOnly>
<backgroundColor>-16777216</backgroundColor>
<lineWidth>1</lineWidth>
<points>
<point x="1040" y="3808"/>
<point x="4330" y="5155"/>
</points>
</Connector>
<Connector class="oracle.dbtools.crest.swingui.relational.TVFKRelation" oid="F5192CF3-2115-160A-AE1A-80CACDFAB3D0" otype="FKIndexAssociation" vid_source="68E1F6FA-10D9-B6EA-A7C6-DBC242D7196A" vid_target="2E2947D7-0A84-13F3-BF10-6FEFE7580CCE">
<hideElementsInCurrentOnly>false</hideElementsInCurrentOnly>
<backgroundColor>-16777216</backgroundColor>
<lineWidth>1</lineWidth>
<points>
<point x="4615" y="465"/>
<point x="4801" y="465"/>
</points>
</Connector>
<Connector class="oracle.dbtools.crest.swingui.relational.TVFKRelation" oid="F66BB4E6-1110-1C54-D3F2-C54F1A79A208" otype="FKIndexAssociation" vid_source="B479B09E-229C-73B8-9E50-E296F38F756B" vid_target="FA326654-A2FC-D42B-9D3F-12D2367391A0">
<hideElementsInCurrentOnly>false</hideElementsInCurrentOnly>
<backgroundColor>-16777216</backgroundColor>
<lineWidth>1</lineWidth>
<points>
<point x="4739" y="1229"/>
<point x="5081" y="1386"/>
</points>
</Connector>
</connectors>
</Diagram>