<?xml version = '1.0' encoding = 'UTF-8'?>
<Entity class="oracle.dbtools.crest.model.design.logical.Entity" directorySegmentName="seg_1" id="19DE98B1-C39F-A1EC-5E23-887003D70EED" name="correspondioCroquis">
<createdBy>H3C4</createdBy>
<createdTime>2022-06-22 04:28:00 UTC</createdTime>
<ownerDesignName>dbITBOY</ownerDesignName>
<engineerTo>
<item key="BD738D14-369A-73E6-F8D7-1C0E8D2AD1AC" value="true"/>
</engineerTo>
<adequatelyNormalized>NO</adequatelyNormalized>
<expectedVolumes>0</expectedVolumes>
<fwdEngineeringStrategyName>Single Table</fwdEngineeringStrategyName>
<growthPercent>0</growthPercent>
<growthType>Year</growthType>
<maxVolumes>9999999</maxVolumes>
<minVolumes>0</minVolumes>
<normalForm>Third</normalForm>
<attributes itemClass="oracle.dbtools.crest.model.design.logical.Attribute">
<Attribute name="id_correspondioAnexo2" id="EA6D84AB-6ACD-FF81-7C00-10FD34EE8880">
<createdBy>H3C4</createdBy>
<createdTime>2022-06-22 04:28:00 UTC</createdTime>
<ownerDesignName>dbITBOY</ownerDesignName>
<engineerTo>
<item key="BD738D14-369A-73E6-F8D7-1C0E8D2AD1AC" value="true"/>
</engineerTo>
<useDomainConstraints>false</useDomainConstraints>
<use>1</use>
<logicalDatatype>LOGDT011</logicalDatatype>
<ownDataTypeParameters>,,</ownDataTypeParameters>
</Attribute>
<Attribute name="numeroInvestigacion" id="6C4353D1-351D-7619-429D-CC40362E2C23">
<createdBy>H3C4</createdBy>
<createdTime>2022-06-22 04:28:00 UTC</createdTime>
<ownerDesignName>dbITBOY</ownerDesignName>
<engineerTo>
<item key="BD738D14-369A-73E6-F8D7-1C0E8D2AD1AC" value="true"/>
</engineerTo>
<nullsAllowed>true</nullsAllowed>
<useDomainConstraints>false</useDomainConstraints>
<use>1</use>
<logicalDatatype>LOGDT011</logicalDatatype>
<ownDataTypeParameters>,,</ownDataTypeParameters>
</Attribute>
<Attribute name="id_croquis" id="FF77A236-46A3-FF6D-9BCE-8338845C382E">
<createdBy>H3C4</createdBy>
<createdTime>2022-06-22 04:29:45 UTC</createdTime>
<generatorID>A1C28798-7D98-1B14-7227-724E25934C70</generatorID>
<ownerDesignName>dbITBOY</ownerDesignName>
<engineerTo>
<item key="BD738D14-369A-73E6-F8D7-1C0E8D2AD1AC" value="true"/>
</engineerTo>
<referedAttribute>EFFC09F1-D434-2A01-6F73-63667268F391</referedAttribute>
<useDomainConstraints>false</useDomainConstraints>
<use>1</use>
<logicalDatatype>LOGDT011</logicalDatatype>
<ownDataTypeParameters>,,</ownDataTypeParameters>
</Attribute>
<Attribute name="id_casoAccidente" id="623DE8B3-B9EE-7657-D3C3-796FF684C652">
<createdBy>H3C4</createdBy>
<createdTime>2022-06-22 05:07:03 UTC</createdTime>
<generatorID>A1C28798-7D98-1B14-7227-724E25934C70</generatorID>
<ownerDesignName>dbITBOY</ownerDesignName>
<engineerTo>
<item key="BD738D14-369A-73E6-F8D7-1C0E8D2AD1AC" value="true"/>
</engineerTo>
<referedAttribute>E2AA2FDA-E9E3-6F8B-73E1-FF00930A8425</referedAttribute>
<useDomainConstraints>false</useDomainConstraints>
<use>1</use>
<logicalDatatype>LOGDT019</logicalDatatype>
<ownDataTypeParameters>,,</ownDataTypeParameters>
</Attribute>
</attributes>
<identifiers itemClass="oracle.dbtools.crest.model.design.logical.CandidateKey">
<identifier id="BDD2ACDC-C78F-6D63-4C91-812601FD8658" name="correspondio PK">
<createdBy>H3C4</createdBy>
<createdTime>2022-06-22 04:28:00 UTC</createdTime>
<ownerDesignName>dbITBOY</ownerDesignName>
<shouldEngineer>false</shouldEngineer>
<engineerTo>
<item key="BD738D14-369A-73E6-F8D7-1C0E8D2AD1AC" value="false"/>
</engineerTo>
<pk>true</pk>
<usedAttributes>
<attributeRef>EA6D84AB-6ACD-FF81-7C00-10FD34EE8880</attributeRef>
</usedAttributes>
</identifier>
</identifiers>
</Entity>