<?xml version = '1.0' encoding = 'UTF-8'?>
<Entity class="oracle.dbtools.crest.model.design.logical.Entity" directorySegmentName="seg_1" id="AAA5C3F3-4F37-1147-02E9-3F3CB1CB90BE" name="DatosQuienConoceAccidenteCroquis">
<createdBy>H3C4</createdBy>
<createdTime>2022-06-22 04:28:00 UTC</createdTime>
<ownerDesignName>dbITBOY</ownerDesignName>
<engineerTo>
<item key="BD738D14-369A-73E6-F8D7-1C0E8D2AD1AC" value="true"/>
</engineerTo>
<adequatelyNormalized>NO</adequatelyNormalized>
<expectedVolumes>0</expectedVolumes>
<fwdEngineeringStrategyName>Single Table</fwdEngineeringStrategyName>
<growthPercent>0</growthPercent>
<growthType>Year</growthType>
<maxVolumes>9999999</maxVolumes>
<minVolumes>0</minVolumes>
<normalForm>Third</normalForm>
<attributes itemClass="oracle.dbtools.crest.model.design.logical.Attribute">
<Attribute name="id_DQCA" id="F89ACD0B-0803-BCCE-0744-0294D76ED11C">
<createdBy>H3C4</createdBy>
<createdTime>2022-06-22 04:28:00 UTC</createdTime>
<ownerDesignName>dbITBOY</ownerDesignName>
<engineerTo>
<item key="BD738D14-369A-73E6-F8D7-1C0E8D2AD1AC" value="true"/>
</engineerTo>
<useDomainConstraints>false</useDomainConstraints>
<use>1</use>
<logicalDatatype>LOGDT011</logicalDatatype>
<ownDataTypeParameters>,,</ownDataTypeParameters>
</Attribute>
<Attribute name="grado" id="919E1F9A-F019-2223-0ABC-094A9E3B0C67">
<createdBy>H3C4</createdBy>
<createdTime>2022-06-22 04:28:00 UTC</createdTime>
<ownerDesignName>dbITBOY</ownerDesignName>
<engineerTo>
<item key="BD738D14-369A-73E6-F8D7-1C0E8D2AD1AC" value="true"/>
</engineerTo>
<nullsAllowed>true</nullsAllowed>
<useDomainConstraints>false</useDomainConstraints>
<use>1</use>
<logicalDatatype>LOGDT011</logicalDatatype>
<ownDataTypeParameters>,,</ownDataTypeParameters>
</Attribute>
<Attribute name="apellidosNombres" id="DEF61013-3B8D-C5E5-CE3C-3DA3AD483127">
<createdBy>H3C4</createdBy>
<createdTime>2022-06-22 04:28:00 UTC</createdTime>
<ownerDesignName>dbITBOY</ownerDesignName>
<engineerTo>
<item key="BD738D14-369A-73E6-F8D7-1C0E8D2AD1AC" value="true"/>
</engineerTo>
<nullsAllowed>true</nullsAllowed>
<useDomainConstraints>false</useDomainConstraints>
<use>1</use>
<logicalDatatype>LOGDT024</logicalDatatype>
<dataTypeSize>255 CHAR</dataTypeSize>
<ownDataTypeParameters>255 CHAR,,</ownDataTypeParameters>
</Attribute>
<Attribute name="doc" id="F9407577-018F-3731-412D-D68FB860BB47">
<createdBy>H3C4</createdBy>
<createdTime>2022-06-22 04:28:00 UTC</createdTime>
<ownerDesignName>dbITBOY</ownerDesignName>
<engineerTo>
<item key="BD738D14-369A-73E6-F8D7-1C0E8D2AD1AC" value="true"/>
</engineerTo>
<nullsAllowed>true</nullsAllowed>
<useDomainConstraints>false</useDomainConstraints>
<use>1</use>
<logicalDatatype>LOGDT024</logicalDatatype>
<dataTypeSize>3 CHAR</dataTypeSize>
<ownDataTypeParameters>3 CHAR,,</ownDataTypeParameters>
</Attribute>
<Attribute name="numero" id="B0847F6D-CE5C-CE8C-4F39-2712AED38F85">
<createdBy>H3C4</createdBy>
<createdTime>2022-06-22 04:28:00 UTC</createdTime>
<ownerDesignName>dbITBOY</ownerDesignName>
<engineerTo>
<item key="BD738D14-369A-73E6-F8D7-1C0E8D2AD1AC" value="true"/>
</engineerTo>
<nullsAllowed>true</nullsAllowed>
<useDomainConstraints>false</useDomainConstraints>
<use>1</use>
<logicalDatatype>LOGDT024</logicalDatatype>
<dataTypeSize>15 CHAR</dataTypeSize>
<ownDataTypeParameters>15 CHAR,,</ownDataTypeParameters>
</Attribute>
<Attribute name="placa" id="E5893005-0D41-B0F8-A0DD-C35E89CFE1DC">
<createdBy>H3C4</createdBy>
<createdTime>2022-06-22 04:28:00 UTC</createdTime>
<ownerDesignName>dbITBOY</ownerDesignName>
<engineerTo>
<item key="BD738D14-369A-73E6-F8D7-1C0E8D2AD1AC" value="true"/>
</engineerTo>
<nullsAllowed>true</nullsAllowed>
<useDomainConstraints>false</useDomainConstraints>
<use>1</use>
<logicalDatatype>LOGDT024</logicalDatatype>
<dataTypeSize>8 CHAR</dataTypeSize>
<ownDataTypeParameters>8 CHAR,,</ownDataTypeParameters>
</Attribute>
<Attribute name="entidad" id="C4CCF017-85EF-5E89-F2DC-027D8B487346">
<createdBy>H3C4</createdBy>
<createdTime>2022-06-22 04:28:00 UTC</createdTime>
<ownerDesignName>dbITBOY</ownerDesignName>
<engineerTo>
<item key="BD738D14-369A-73E6-F8D7-1C0E8D2AD1AC" value="true"/>
</engineerTo>
<nullsAllowed>true</nullsAllowed>
<useDomainConstraints>false</useDomainConstraints>
<use>1</use>
<logicalDatatype>LOGDT024</logicalDatatype>
<dataTypeSize>100 CHAR</dataTypeSize>
<ownDataTypeParameters>100 CHAR,,</ownDataTypeParameters>
</Attribute>
<Attribute name="firma" id="2007AA8D-2710-CE90-7130-7877355912B4">
<createdBy>H3C4</createdBy>
<createdTime>2022-06-22 04:28:00 UTC</createdTime>
<ownerDesignName>dbITBOY</ownerDesignName>
<engineerTo>
<item key="BD738D14-369A-73E6-F8D7-1C0E8D2AD1AC" value="true"/>
</engineerTo>
<nullsAllowed>true</nullsAllowed>
<useDomainConstraints>false</useDomainConstraints>
<use>1</use>
<logicalDatatype>LOGDT024</logicalDatatype>
<dataTypeSize>255 CHAR</dataTypeSize>
<ownDataTypeParameters>255 CHAR,,</ownDataTypeParameters>
</Attribute>
<Attribute name="id_croquis" id="FD373028-1F13-C095-42E6-0AF1FE71B8A5">
<createdBy>H3C4</createdBy>
<createdTime>2022-06-22 04:29:54 UTC</createdTime>
<generatorID>F009A5E3-2D23-34F9-C59D-7D04A89829E1</generatorID>
<ownerDesignName>dbITBOY</ownerDesignName>
<engineerTo>
<item key="BD738D14-369A-73E6-F8D7-1C0E8D2AD1AC" value="true"/>
</engineerTo>
<referedAttribute>EFFC09F1-D434-2A01-6F73-63667268F391</referedAttribute>
<useDomainConstraints>false</useDomainConstraints>
<use>1</use>
<logicalDatatype>LOGDT011</logicalDatatype>
<ownDataTypeParameters>,,</ownDataTypeParameters>
</Attribute>
<Attribute name="id_casoAccidente" id="1D3C7BA0-E6B8-F56D-0189-92791BE2415F">
<createdBy>H3C4</createdBy>
<createdTime>2022-06-22 05:07:03 UTC</createdTime>
<generatorID>F009A5E3-2D23-34F9-C59D-7D04A89829E1</generatorID>
<ownerDesignName>dbITBOY</ownerDesignName>
<engineerTo>
<item key="BD738D14-369A-73E6-F8D7-1C0E8D2AD1AC" value="true"/>
</engineerTo>
<referedAttribute>E2AA2FDA-E9E3-6F8B-73E1-FF00930A8425</referedAttribute>
<useDomainConstraints>false</useDomainConstraints>
<use>1</use>
<logicalDatatype>LOGDT019</logicalDatatype>
<ownDataTypeParameters>,,</ownDataTypeParameters>
</Attribute>
</attributes>
<identifiers itemClass="oracle.dbtools.crest.model.design.logical.CandidateKey">
<identifier id="B79639B6-DA6D-E466-E1EB-8D9783EB9BBC" name="DatosQuienConoceAccidente PK">
<createdBy>H3C4</createdBy>
<createdTime>2022-06-22 04:28:00 UTC</createdTime>
<ownerDesignName>dbITBOY</ownerDesignName>
<shouldEngineer>false</shouldEngineer>
<engineerTo>
<item key="BD738D14-369A-73E6-F8D7-1C0E8D2AD1AC" value="false"/>
</engineerTo>
<pk>true</pk>
<usedAttributes>
<attributeRef>F89ACD0B-0803-BCCE-0744-0294D76ED11C</attributeRef>
</usedAttributes>
</identifier>
</identifiers>
</Entity>