<?xml version = '1.0' encoding = 'UTF-8'?>
<FKIndexAssociation class="oracle.dbtools.crest.model.design.relational.FKIndexAssociation" directorySegmentName="seg_2" id="06E529CE-BA23-A2AA-B645-54685FA96E95" containerWithKeyObject="A6C10D40-9D31-B1C9-8F89-D9D1E4015290" localFKIndex="2E9644D0-10F5-A424-C2B8-474EBBD000B7" name="via1Croquis_croquis_FK">
<createdBy>H3C4</createdBy>
<createdTime>2022-06-22 05:09:00 UTC</createdTime>
<generatorID>87C11060-1F4D-42D0-684B-CE2777F5E016</generatorID>
<ownerDesignName>dbITBOY</ownerDesignName>
<referredTableLongName>croquis</referredTableLongName>
<deleteRule>NO ACTION</deleteRule>
<referredTableID>DF676750-A43C-C424-32CD-9D2FCE850BD5</referredTableID>
<keyObject>454B2AC6-D46E-AF52-8826-99EE7736A85E</keyObject>
<referredKeyID>454B2AC6-D46E-AF52-8826-99EE7736A85E</referredKeyID>
<mandatory>true</mandatory>
<refColNames>id_croquis,ITBOY_id_casoAccidente</refColNames>
<transferable>true</transferable>
<rely>false</rely>
<columnDependencyConstraintGenerateInDDL>true</columnDependencyConstraintGenerateInDDL>
</FKIndexAssociation>