<?xml version = '1.0' encoding = 'UTF-8'?>
<FKIndexAssociation class="oracle.dbtools.crest.model.design.relational.FKIndexAssociation" directorySegmentName="seg_2" id="0AC674D2-B8B7-4F52-7D78-6003F30A9D38" containerWithKeyObject="00E1FAE8-194A-6FD7-91D2-A84619E27EAA" localFKIndex="8167444E-B764-EA6E-9903-2B113B334AA8" name="HipotesisiAccidente_anexo1_FK">
<createdBy>H3C4</createdBy>
<createdTime>2022-06-22 05:09:00 UTC</createdTime>
<generatorID>F1E91A80-E938-17E0-A708-AB2350C19461</generatorID>
<ownerDesignName>dbITBOY</ownerDesignName>
<referredTableLongName>anexo1</referredTableLongName>
<deleteRule>NO ACTION</deleteRule>
<referredTableID>A0AECE08-50DB-D504-6BB9-02E17A73DB35</referredTableID>
<keyObject>C4C42657-F330-B015-BE33-0C5425C11961</keyObject>
<referredKeyID>C4C42657-F330-B015-BE33-0C5425C11961</referredKeyID>
<mandatory>true</mandatory>
<refColNames>id_anexo1,ITBOY_id_casoAccidente</refColNames>
<transferable>true</transferable>
<rely>false</rely>
<columnDependencyConstraintGenerateInDDL>true</columnDependencyConstraintGenerateInDDL>
</FKIndexAssociation>