<?xml version = '1.0' encoding = 'UTF-8'?>
<FKIndexAssociation class="oracle.dbtools.crest.model.design.relational.FKIndexAssociation" directorySegmentName="seg_2" id="0B350EFC-BA64-1F39-FB38-CA8B4B66E555" containerWithKeyObject="CB140B3C-20D7-CB75-91FD-69FA74B0D652" localFKIndex="3EBDA023-1E43-4FF3-2370-788ACAFD1911" name="gravedad_detallesVictima_FK">
<createdBy>H3C4</createdBy>
<createdTime>2022-06-22 05:09:00 UTC</createdTime>
<generatorID>25770657-0D64-C784-71EE-5D8D933D167F</generatorID>
<ownerDesignName>dbITBOY</ownerDesignName>
<referredTableLongName>detallesVictima</referredTableLongName>
<deleteRule>NO ACTION</deleteRule>
<referredTableID>C140EEE3-21D2-447F-24A2-8E754098450D</referredTableID>
<keyObject>A1CE5051-3E76-DCC9-32F8-F965624F1644</keyObject>
<referredKeyID>A1CE5051-3E76-DCC9-32F8-F965624F1644</referredKeyID>
<mandatory>true</mandatory>
<refColNames>id_victimaDetalles</refColNames>
<transferable>true</transferable>
<rely>false</rely>
<columnDependencyConstraintGenerateInDDL>true</columnDependencyConstraintGenerateInDDL>
</FKIndexAssociation>