<?xml version = '1.0' encoding = 'UTF-8'?>
<FKIndexAssociation class="oracle.dbtools.crest.model.design.relational.FKIndexAssociation" directorySegmentName="seg_2" id="0B775488-4ADA-FC07-308B-0761755E7B80" containerWithKeyObject="37B69FA3-08D0-E544-2ED9-BF1AF53DB0AF" localFKIndex="39112B30-8320-0FE7-9904-A45A72D12E7B" name="ResponsabilidadExtracondicional_Vehiculo_FK">
<createdBy>H3C4</createdBy>
<createdTime>2022-06-22 05:09:00 UTC</createdTime>
<generatorID>F6EE5821-A2C7-CD4B-E24E-4B9AF69CD98B</generatorID>
<ownerDesignName>dbITBOY</ownerDesignName>
<referredTableLongName>Vehiculo</referredTableLongName>
<deleteRule>NO ACTION</deleteRule>
<referredTableID>5A261392-9335-2C0D-1F1D-FA9A53EF1265</referredTableID>
<keyObject>DF10D42C-437C-12AD-8F62-9D31D0B890FF</keyObject>
<referredKeyID>DF10D42C-437C-12AD-8F62-9D31D0B890FF</referredKeyID>
<mandatory>true</mandatory>
<refColNames>Vehiculo_ID</refColNames>
<transferable>true</transferable>
<rely>false</rely>
<columnDependencyConstraintGenerateInDDL>true</columnDependencyConstraintGenerateInDDL>
</FKIndexAssociation>