<?xml version = '1.0' encoding = 'UTF-8'?>
<FKIndexAssociation class="oracle.dbtools.crest.model.design.relational.FKIndexAssociation" directorySegmentName="seg_2" id="0C3B65DB-A83B-778B-D5DB-43CC370389AF" containerWithKeyObject="72E47C5B-4E82-5C17-8E85-19323E56172F" localFKIndex="F319771D-FB66-178C-2AAD-BBA798537ED7" name="senalesVerticales_controlesTransito_FK">
<createdBy>H3C4</createdBy>
<createdTime>2022-06-22 05:09:00 UTC</createdTime>
<generatorID>9EF0FA16-02E6-0C47-991F-5F46536B9A18</generatorID>
<ownerDesignName>dbITBOY</ownerDesignName>
<referredTableLongName>controlesTransito</referredTableLongName>
<deleteRule>NO ACTION</deleteRule>
<referredTableID>6D92CEBC-AA1F-E199-7942-ECD93D6A5E01</referredTableID>
<keyObject>D309FF48-F5B1-58EF-225D-09735CCC2D2B</keyObject>
<referredKeyID>D309FF48-F5B1-58EF-225D-09735CCC2D2B</referredKeyID>
<mandatory>true</mandatory>
<refColNames>id_controlesTransito</refColNames>
<transferable>true</transferable>
<rely>false</rely>
<columnDependencyConstraintGenerateInDDL>true</columnDependencyConstraintGenerateInDDL>
</FKIndexAssociation>