<?xml version = '1.0' encoding = 'UTF-8'?>
<FKIndexAssociation class="oracle.dbtools.crest.model.design.relational.FKIndexAssociation" directorySegmentName="seg_2" id="0F6928B7-9089-A943-F6B9-57D07003A62B" containerWithKeyObject="969FECBF-AC8F-A6D9-60BA-52A507B28427" localFKIndex="3B335AC9-F655-322A-82A0-B349295809BC" name="senalesHorizontales_controlesTransito_FK">
<createdBy>H3C4</createdBy>
<createdTime>2022-06-22 05:09:00 UTC</createdTime>
<generatorID>0F22BBD4-FEFF-F7B8-E56C-CB5E923DD565</generatorID>
<ownerDesignName>dbITBOY</ownerDesignName>
<referredTableLongName>controlesTransito</referredTableLongName>
<deleteRule>NO ACTION</deleteRule>
<referredTableID>6D92CEBC-AA1F-E199-7942-ECD93D6A5E01</referredTableID>
<keyObject>D309FF48-F5B1-58EF-225D-09735CCC2D2B</keyObject>
<referredKeyID>D309FF48-F5B1-58EF-225D-09735CCC2D2B</referredKeyID>
<mandatory>true</mandatory>
<refColNames>id_controlesTransito</refColNames>
<transferable>true</transferable>
<rely>false</rely>
<columnDependencyConstraintGenerateInDDL>true</columnDependencyConstraintGenerateInDDL>
</FKIndexAssociation>