<?xml version = '1.0' encoding = 'UTF-8'?>
<FKIndexAssociation class="oracle.dbtools.crest.model.design.relational.FKIndexAssociation" directorySegmentName="seg_2" id="177A680D-044E-378E-6B8A-BD370A42CD4C" containerWithKeyObject="07741511-3E6E-1AFC-2DCF-57862E24EC06" localFKIndex="89CB5C73-9E0A-97B4-95F0-1603A01B3CC2" name="reductorVelocidad_controlesTransito_FK">
<createdBy>H3C4</createdBy>
<createdTime>2022-06-22 05:09:00 UTC</createdTime>
<generatorID>53218A48-C171-72B7-7222-C672F6E8A70B</generatorID>
<ownerDesignName>dbITBOY</ownerDesignName>
<referredTableLongName>controlesTransito</referredTableLongName>
<deleteRule>NO ACTION</deleteRule>
<referredTableID>6D92CEBC-AA1F-E199-7942-ECD93D6A5E01</referredTableID>
<keyObject>D309FF48-F5B1-58EF-225D-09735CCC2D2B</keyObject>
<referredKeyID>D309FF48-F5B1-58EF-225D-09735CCC2D2B</referredKeyID>
<mandatory>true</mandatory>
<refColNames>id_controlesTransito</refColNames>
<transferable>true</transferable>
<rely>false</rely>
<columnDependencyConstraintGenerateInDDL>true</columnDependencyConstraintGenerateInDDL>
</FKIndexAssociation>