<?xml version = '1.0' encoding = 'UTF-8'?>
<FKIndexAssociation class="oracle.dbtools.crest.model.design.relational.FKIndexAssociation" directorySegmentName="seg_2" id="1BC08579-24C9-0C6E-6E19-416C8CA448B0" containerWithKeyObject="127858AC-E47B-A1A1-B61C-6BFB3147CBF9" localFKIndex="E2A669EB-F09A-CC51-6D72-EBDE9D2249A8" name="victimas_anexo2_FK">
<createdBy>H3C4</createdBy>
<createdTime>2022-06-22 05:09:00 UTC</createdTime>
<generatorID>D7894D35-E24E-DECD-7CC7-28895BC66665</generatorID>
<ownerDesignName>dbITBOY</ownerDesignName>
<referredTableLongName>anexo2</referredTableLongName>
<deleteRule>NO ACTION</deleteRule>
<referredTableID>513BE12B-4EBA-FD02-BD20-753D812F31D0</referredTableID>
<keyObject>743963A5-BF4F-4F40-E43F-940ABD954E1F</keyObject>
<referredKeyID>743963A5-BF4F-4F40-E43F-940ABD954E1F</referredKeyID>
<mandatory>true</mandatory>
<refColNames>id_anexo2,ITBOY_id_casoAccidente</refColNames>
<transferable>true</transferable>
<rely>false</rely>
<columnDependencyConstraintGenerateInDDL>true</columnDependencyConstraintGenerateInDDL>
</FKIndexAssociation>