<?xml version = '1.0' encoding = 'UTF-8'?>
<FKIndexAssociation class="oracle.dbtools.crest.model.design.relational.FKIndexAssociation" directorySegmentName="seg_2" id="285DAAE8-F75A-A206-A7A2-F1C46885FB6C" containerWithKeyObject="0EA30473-4275-1ACE-30A9-8A5321B8278F" localFKIndex="EDE2A55C-C6F4-4A4D-137B-8A93B4C0E8B6" name="licenciaAnexo1_conductorAnexo1_FK">
<createdBy>H3C4</createdBy>
<createdTime>2022-06-22 05:09:00 UTC</createdTime>
<generatorID>9ABC0A74-7520-F23A-009F-DA87F2A96411</generatorID>
<ownerDesignName>dbITBOY</ownerDesignName>
<referredTableLongName>conductorAnexo1</referredTableLongName>
<deleteRule>NO ACTION</deleteRule>
<referredTableID>9E486FD5-A678-930F-0CAE-5B413B0B59EB</referredTableID>
<keyObject>063B05E1-F07F-43BF-32DD-617FB994AA3B</keyObject>
<referredKeyID>063B05E1-F07F-43BF-32DD-617FB994AA3B</referredKeyID>
<mandatory>true</mandatory>
<refColNames>id_conductor</refColNames>
<transferable>true</transferable>
<rely>false</rely>
<columnDependencyConstraintGenerateInDDL>true</columnDependencyConstraintGenerateInDDL>
</FKIndexAssociation>