<?xml version = '1.0' encoding = 'UTF-8'?>
<FKIndexAssociation class="oracle.dbtools.crest.model.design.relational.FKIndexAssociation" directorySegmentName="seg_2" id="2B3B9382-9387-2752-A528-F24C861FCFE5" containerWithKeyObject="E8F30D0C-F257-5D69-381E-A0B0A71EDDC7" localFKIndex="83D3B8B3-6B6F-0305-6194-50AEE4DB9E8A" name="informePolicial_ITBOY_FK">
<createdBy>H3C4</createdBy>
<createdTime>2022-06-22 05:09:00 UTC</createdTime>
<generatorID>888EAA3B-6082-B8D9-685D-347E5AE8DF42</generatorID>
<ownerDesignName>dbITBOY</ownerDesignName>
<referredTableLongName>ITBOY</referredTableLongName>
<deleteRule>NO ACTION</deleteRule>
<referredTableID>5119F1D8-C015-071E-C35C-551FA6A709D6</referredTableID>
<keyObject>D52A02E3-0253-03EA-1D3A-9A290CC3245F</keyObject>
<referredKeyID>D52A02E3-0253-03EA-1D3A-9A290CC3245F</referredKeyID>
<mandatory>true</mandatory>
<refColNames>id_casoAccidente</refColNames>
<transferable>true</transferable>
<rely>false</rely>
<columnDependencyConstraintGenerateInDDL>true</columnDependencyConstraintGenerateInDDL>
</FKIndexAssociation>