<?xml version = '1.0' encoding = 'UTF-8'?>
<FKIndexAssociation class="oracle.dbtools.crest.model.design.relational.FKIndexAssociation" directorySegmentName="seg_2" id="2E0881A8-8DF3-7DC0-B24A-F7CCB2D2D3C4" containerWithKeyObject="A6D6006F-2307-D8F0-A825-997F0A1560C0" localFKIndex="AB0917E6-BF51-E040-03B8-82BBCC254CC6" name="zona_caracteristicasLugar_FK">
<createdBy>H3C4</createdBy>
<createdTime>2022-06-22 05:09:00 UTC</createdTime>
<generatorID>701EDF60-D3B0-30E4-501C-62BB9F6989F1</generatorID>
<ownerDesignName>dbITBOY</ownerDesignName>
<referredTableLongName>caracteristicasLugar</referredTableLongName>
<deleteRule>NO ACTION</deleteRule>
<referredTableID>8E6BD906-C899-8F55-0D6F-A5F85293FB1E</referredTableID>
<keyObject>FF6BFEDF-004E-6DB6-5628-7F058BE6C9D9</keyObject>
<referredKeyID>FF6BFEDF-004E-6DB6-5628-7F058BE6C9D9</referredKeyID>
<mandatory>true</mandatory>
<refColNames>id_caracLugar</refColNames>
<transferable>true</transferable>
<rely>false</rely>
<columnDependencyConstraintGenerateInDDL>true</columnDependencyConstraintGenerateInDDL>
</FKIndexAssociation>