<?xml version = '1.0' encoding = 'UTF-8'?>
<FKIndexAssociation class="oracle.dbtools.crest.model.design.relational.FKIndexAssociation" directorySegmentName="seg_2" id="384CDE03-33FC-BA9A-3D55-A7CD97721B3B" containerWithKeyObject="33B45173-6FCC-4FD9-DD2F-02C56D8F2C27" localFKIndex="D262D397-4AF9-EC9A-D100-A27CD9C57473" name="SOATanexo1_VehiculoAnexo1_FK">
<createdBy>H3C4</createdBy>
<createdTime>2022-06-22 05:09:00 UTC</createdTime>
<generatorID>4DEEB7BF-42C5-2BB8-D13F-1AF6479BB9CF</generatorID>
<ownerDesignName>dbITBOY</ownerDesignName>
<referredTableLongName>VehiculoAnexo1</referredTableLongName>
<deleteRule>NO ACTION</deleteRule>
<referredTableID>D35B2875-BAE4-A11B-4B1D-C908C1FC151B</referredTableID>
<keyObject>0DF70F2E-39D8-E57C-96E7-CF26AC88B59F</keyObject>
<referredKeyID>0DF70F2E-39D8-E57C-96E7-CF26AC88B59F</referredKeyID>
<mandatory>true</mandatory>
<refColNames>VehiculoAnexo1_ID</refColNames>
<transferable>true</transferable>
<rely>false</rely>
<columnDependencyConstraintGenerateInDDL>true</columnDependencyConstraintGenerateInDDL>
</FKIndexAssociation>