<?xml version = '1.0' encoding = 'UTF-8'?>
<FKIndexAssociation class="oracle.dbtools.crest.model.design.relational.FKIndexAssociation" directorySegmentName="seg_2" id="3C7B3DFC-6558-AC7B-1B6F-6471C308E756" containerWithKeyObject="21AA84CA-2064-989A-963A-7F30957ACFA9" localFKIndex="07C0D90B-5EA9-4839-01BE-EDE1F310095B" name="nacionalidad_Vehiculo_FK">
<createdBy>H3C4</createdBy>
<createdTime>2022-06-22 05:09:00 UTC</createdTime>
<generatorID>15D7D069-6522-C412-A545-356717ECE629</generatorID>
<ownerDesignName>dbITBOY</ownerDesignName>
<referredTableLongName>Vehiculo</referredTableLongName>
<deleteRule>NO ACTION</deleteRule>
<referredTableID>5A261392-9335-2C0D-1F1D-FA9A53EF1265</referredTableID>
<keyObject>DF10D42C-437C-12AD-8F62-9D31D0B890FF</keyObject>
<referredKeyID>DF10D42C-437C-12AD-8F62-9D31D0B890FF</referredKeyID>
<mandatory>true</mandatory>
<refColNames>Vehiculo_ID</refColNames>
<transferable>true</transferable>
<rely>false</rely>
<columnDependencyConstraintGenerateInDDL>true</columnDependencyConstraintGenerateInDDL>
</FKIndexAssociation>