<?xml version = '1.0' encoding = 'UTF-8'?>
<FKIndexAssociation class="oracle.dbtools.crest.model.design.relational.FKIndexAssociation" directorySegmentName="seg_2" id="409ABD12-DE2F-604B-97D4-862E75507C17" containerWithKeyObject="0204C941-8BFC-00E1-7C96-B3443EDF178B" localFKIndex="97593545-86A4-0B95-CEEE-4BAD078FF2FF" name="lugarImpacto_fallas_FK">
<createdBy>H3C4</createdBy>
<createdTime>2022-06-22 05:09:00 UTC</createdTime>
<generatorID>FA4B2B55-C1A4-035C-FF3E-D13FED7AD74A</generatorID>
<ownerDesignName>dbITBOY</ownerDesignName>
<referredTableLongName>fallas</referredTableLongName>
<deleteRule>NO ACTION</deleteRule>
<referredTableID>68BEABF2-4D9F-510F-1391-35AF4431E9C0</referredTableID>
<keyObject>D77BC056-E5E7-6867-6DB0-1976CD7CA951</keyObject>
<referredKeyID>D77BC056-E5E7-6867-6DB0-1976CD7CA951</referredKeyID>
<mandatory>true</mandatory>
<refColNames>id_fallasVehiculo</refColNames>
<transferable>true</transferable>
<rely>false</rely>
<columnDependencyConstraintGenerateInDDL>true</columnDependencyConstraintGenerateInDDL>
</FKIndexAssociation>