<?xml version = '1.0' encoding = 'UTF-8'?>
<FKIndexAssociation class="oracle.dbtools.crest.model.design.relational.FKIndexAssociation" directorySegmentName="seg_2" id="4580A36A-092C-C48A-3A2F-01AEA9A0B062" containerWithKeyObject="0C1905DA-8B3E-661D-044D-D053BE111A5D" localFKIndex="1358CB72-4BF7-E771-A8E7-21057ADEB4F7" name="pasajeros_modalidadTrans_FK">
<createdBy>H3C4</createdBy>
<createdTime>2022-06-22 05:09:00 UTC</createdTime>
<generatorID>54B318DB-0F13-6CEC-CA65-71E36BEE541C</generatorID>
<ownerDesignName>dbITBOY</ownerDesignName>
<referredTableLongName>modalidadTrans</referredTableLongName>
<deleteRule>NO ACTION</deleteRule>
<referredTableID>8E55455B-AB8B-1649-37D1-2A96D6A99CD2</referredTableID>
<keyObject>68351820-F0B0-4276-B299-FA3D38260A61</keyObject>
<referredKeyID>68351820-F0B0-4276-B299-FA3D38260A61</referredKeyID>
<mandatory>true</mandatory>
<refColNames>id_modTrans</refColNames>
<transferable>true</transferable>
<rely>false</rely>
<columnDependencyConstraintGenerateInDDL>true</columnDependencyConstraintGenerateInDDL>
</FKIndexAssociation>