<?xml version = '1.0' encoding = 'UTF-8'?>
<FKIndexAssociation class="oracle.dbtools.crest.model.design.relational.FKIndexAssociation" directorySegmentName="seg_2" id="52E20D06-EF91-8584-2939-40F93D3E5C34" containerWithKeyObject="183CAA55-3AB2-1369-002A-DA2330E733D4" localFKIndex="3559BF24-DB29-E6C6-19E0-16C764619F94" name="radioAccion_VehiculoPropietario_FK">
<createdBy>H3C4</createdBy>
<createdTime>2022-06-22 05:09:00 UTC</createdTime>
<generatorID>345AC1B9-FEA8-E30C-820F-B5D7971C2F2D</generatorID>
<ownerDesignName>dbITBOY</ownerDesignName>
<referredTableLongName>VehiculoPropietario</referredTableLongName>
<deleteRule>NO ACTION</deleteRule>
<referredTableID>D91C86B9-E8A9-D76F-D3E9-6C40CA34FF30</referredTableID>
<keyObject>627DA6FE-A311-1657-38F3-71576410FD80</keyObject>
<referredKeyID>627DA6FE-A311-1657-38F3-71576410FD80</referredKeyID>
<mandatory>true</mandatory>
<refColNames>id_propietarioClaseVehiculo</refColNames>
<transferable>true</transferable>
<rely>false</rely>
<columnDependencyConstraintGenerateInDDL>true</columnDependencyConstraintGenerateInDDL>
</FKIndexAssociation>