<?xml version = '1.0' encoding = 'UTF-8'?>
<FKIndexAssociation class="oracle.dbtools.crest.model.design.relational.FKIndexAssociation" directorySegmentName="seg_2" id="5C0ABC20-B27A-42B5-6DF3-DC4A46616988" containerWithKeyObject="E641F9B4-4943-E9AA-C7DA-2F81E17C6307" localFKIndex="5F2B9E50-AA41-E26E-781B-72BCD26E9DE0" name="RevTecMecAnexo1_VehiculoAnexo1_FK">
<createdBy>H3C4</createdBy>
<createdTime>2022-06-22 05:09:00 UTC</createdTime>
<generatorID>80C46826-116D-2BAC-B68B-E448C1D7BCF0</generatorID>
<ownerDesignName>dbITBOY</ownerDesignName>
<referredTableLongName>VehiculoAnexo1</referredTableLongName>
<deleteRule>NO ACTION</deleteRule>
<referredTableID>D35B2875-BAE4-A11B-4B1D-C908C1FC151B</referredTableID>
<keyObject>0DF70F2E-39D8-E57C-96E7-CF26AC88B59F</keyObject>
<referredKeyID>0DF70F2E-39D8-E57C-96E7-CF26AC88B59F</referredKeyID>
<mandatory>true</mandatory>
<refColNames>VehiculoAnexo1_ID</refColNames>
<transferable>true</transferable>
<rely>false</rely>
<columnDependencyConstraintGenerateInDDL>true</columnDependencyConstraintGenerateInDDL>
</FKIndexAssociation>