<?xml version = '1.0' encoding = 'UTF-8'?>
<FKIndexAssociation class="oracle.dbtools.crest.model.design.relational.FKIndexAssociation" directorySegmentName="seg_2" id="5D13D222-0461-54E1-E6F3-2A2209C4C2F2" containerWithKeyObject="6C1B11CF-803F-96ED-2ACB-0C24AF1AD22D" localFKIndex="3EDD995C-E54A-D247-7106-153D99ED299E" name="ResponsabilidadCivilContractual_Vehiculo_FK">
<createdBy>H3C4</createdBy>
<createdTime>2022-06-22 05:09:00 UTC</createdTime>
<generatorID>79CD998A-48A8-7948-0F1D-8C5567810DEF</generatorID>
<ownerDesignName>dbITBOY</ownerDesignName>
<referredTableLongName>Vehiculo</referredTableLongName>
<deleteRule>NO ACTION</deleteRule>
<referredTableID>5A261392-9335-2C0D-1F1D-FA9A53EF1265</referredTableID>
<keyObject>DF10D42C-437C-12AD-8F62-9D31D0B890FF</keyObject>
<referredKeyID>DF10D42C-437C-12AD-8F62-9D31D0B890FF</referredKeyID>
<mandatory>true</mandatory>
<refColNames>Vehiculo_ID</refColNames>
<transferable>true</transferable>
<rely>false</rely>
<columnDependencyConstraintGenerateInDDL>true</columnDependencyConstraintGenerateInDDL>
</FKIndexAssociation>