<?xml version = '1.0' encoding = 'UTF-8'?>
<FKIndexAssociation class="oracle.dbtools.crest.model.design.relational.FKIndexAssociation" directorySegmentName="seg_2" id="5E6E6A08-5351-2FC5-EF01-0ACCDF59A95C" containerWithKeyObject="08C3D434-E804-865C-D546-37DBDD7CCB9C" localFKIndex="B78316A7-0342-74FC-2182-B56CE6DA6A68" name="ResponsabilidadExtracondicionalAnexo1_VehiculoAnexo1_FK">
<createdBy>H3C4</createdBy>
<createdTime>2022-06-22 05:09:00 UTC</createdTime>
<generatorID>417AC2D4-BC3F-F441-5B9E-B409C95AE745</generatorID>
<ownerDesignName>dbITBOY</ownerDesignName>
<referredTableLongName>VehiculoAnexo1</referredTableLongName>
<deleteRule>NO ACTION</deleteRule>
<referredTableID>D35B2875-BAE4-A11B-4B1D-C908C1FC151B</referredTableID>
<keyObject>0DF70F2E-39D8-E57C-96E7-CF26AC88B59F</keyObject>
<referredKeyID>0DF70F2E-39D8-E57C-96E7-CF26AC88B59F</referredKeyID>
<mandatory>true</mandatory>
<refColNames>VehiculoAnexo1_ID</refColNames>
<transferable>true</transferable>
<rely>false</rely>
<columnDependencyConstraintGenerateInDDL>true</columnDependencyConstraintGenerateInDDL>
</FKIndexAssociation>