<?xml version = '1.0' encoding = 'UTF-8'?>
<FKIndexAssociation class="oracle.dbtools.crest.model.design.relational.FKIndexAssociation" directorySegmentName="seg_2" id="66DFF141-BC42-40D2-55EA-7D50CF3B58B5" containerWithKeyObject="85BF2CC5-15A4-B326-3855-B5905DC728FC" localFKIndex="5A01F7C3-F765-25C5-4F89-6A76795A3A13" name="iluminacionArtificial_via1_FK">
<createdBy>H3C4</createdBy>
<createdTime>2022-06-22 05:09:00 UTC</createdTime>
<generatorID>8394B1CD-7F48-E8AD-FC45-23D8D696FADE</generatorID>
<ownerDesignName>dbITBOY</ownerDesignName>
<referredTableLongName>via1</referredTableLongName>
<deleteRule>NO ACTION</deleteRule>
<referredTableID>A4538B5B-A960-B99F-07B5-D1F55D0153C7</referredTableID>
<keyObject>17071A88-28AF-9E86-4BF6-3AA57EDC73F8</keyObject>
<referredKeyID>17071A88-28AF-9E86-4BF6-3AA57EDC73F8</referredKeyID>
<mandatory>true</mandatory>
<refColNames>id_caracVia1</refColNames>
<transferable>true</transferable>
<rely>false</rely>
<columnDependencyConstraintGenerateInDDL>true</columnDependencyConstraintGenerateInDDL>
</FKIndexAssociation>