<?xml version = '1.0' encoding = 'UTF-8'?>
<FKIndexAssociation class="oracle.dbtools.crest.model.design.relational.FKIndexAssociation" directorySegmentName="seg_2" id="6E56CBFE-58CD-81BB-44E9-068A5969D362" containerWithKeyObject="BAE86210-5A9C-6609-08BE-174EAE9971CF" localFKIndex="F684E45F-55E8-BD91-371E-699C6DC6A6A7" name="visibilidad_via2_FK">
<createdBy>H3C4</createdBy>
<createdTime>2022-06-22 05:09:00 UTC</createdTime>
<generatorID>F1549D6A-0F5D-08CC-2B0A-7A296F9CCA16</generatorID>
<ownerDesignName>dbITBOY</ownerDesignName>
<referredTableLongName>via2</referredTableLongName>
<deleteRule>NO ACTION</deleteRule>
<referredTableID>110BA952-E231-5230-9EEC-13FEA77F0F89</referredTableID>
<keyObject>5177FA37-9347-DDD0-0A72-4FE2497EAAA9</keyObject>
<referredKeyID>5177FA37-9347-DDD0-0A72-4FE2497EAAA9</referredKeyID>
<mandatory>true</mandatory>
<refColNames>id_caracVia2</refColNames>
<transferable>true</transferable>
<rely>false</rely>
<columnDependencyConstraintGenerateInDDL>true</columnDependencyConstraintGenerateInDDL>
</FKIndexAssociation>