<?xml version = '1.0' encoding = 'UTF-8'?>
<FKIndexAssociation class="oracle.dbtools.crest.model.design.relational.FKIndexAssociation" directorySegmentName="seg_2" id="70C6738F-00B6-EF39-90AB-6006F41163B9" containerWithKeyObject="0DDF7BD4-66DF-6C03-FF1F-F3636B787C2C" localFKIndex="959F00BF-75C2-4CB0-72D1-E9B221140747" name="licencia_conductor_FK">
<createdBy>H3C4</createdBy>
<createdTime>2022-06-22 05:09:00 UTC</createdTime>
<generatorID>4CB25626-6ED6-1954-4233-6B6CADAD5863</generatorID>
<ownerDesignName>dbITBOY</ownerDesignName>
<referredTableLongName>conductor</referredTableLongName>
<deleteRule>NO ACTION</deleteRule>
<referredTableID>1252F5FD-6F12-2B8E-8E83-2446664779B7</referredTableID>
<keyObject>09B0C5E3-8AD8-862C-FCC4-2706F838EB02</keyObject>
<referredKeyID>09B0C5E3-8AD8-862C-FCC4-2706F838EB02</referredKeyID>
<mandatory>true</mandatory>
<refColNames>id_conductor</refColNames>
<transferable>true</transferable>
<rely>false</rely>
<columnDependencyConstraintGenerateInDDL>true</columnDependencyConstraintGenerateInDDL>
</FKIndexAssociation>