<?xml version = '1.0' encoding = 'UTF-8'?>
<FKIndexAssociation class="oracle.dbtools.crest.model.design.relational.FKIndexAssociation" directorySegmentName="seg_2" id="7B7E1665-09B1-8066-CB5E-118EE39E6877" containerWithKeyObject="8E55455B-AB8B-1649-37D1-2A96D6A99CD2" localFKIndex="D7934EA8-4251-01E4-41BE-D3DFF19CCE81" name="modalidadTrans_VehiculoPropietario_FK">
<createdBy>H3C4</createdBy>
<createdTime>2022-06-22 05:09:00 UTC</createdTime>
<generatorID>6E17EAF5-416F-7F1B-5FE5-01FD55140AA8</generatorID>
<ownerDesignName>dbITBOY</ownerDesignName>
<referredTableLongName>VehiculoPropietario</referredTableLongName>
<deleteRule>NO ACTION</deleteRule>
<referredTableID>D91C86B9-E8A9-D76F-D3E9-6C40CA34FF30</referredTableID>
<keyObject>627DA6FE-A311-1657-38F3-71576410FD80</keyObject>
<referredKeyID>627DA6FE-A311-1657-38F3-71576410FD80</referredKeyID>
<mandatory>true</mandatory>
<refColNames>id_propietarioClaseVehiculo</refColNames>
<transferable>true</transferable>
<rely>false</rely>
<columnDependencyConstraintGenerateInDDL>true</columnDependencyConstraintGenerateInDDL>
</FKIndexAssociation>