<?xml version = '1.0' encoding = 'UTF-8'?>
<FKIndexAssociation class="oracle.dbtools.crest.model.design.relational.FKIndexAssociation" directorySegmentName="seg_2" id="7EB2B57C-5F2B-888A-F719-0FAEF7563F33" containerWithKeyObject="EDD157A4-5734-4282-F289-EB31769B2F2B" localFKIndex="5822A12F-59BB-6980-9785-FC1DD403FF18" name="mixto_modalidadTrans_FK">
<createdBy>H3C4</createdBy>
<createdTime>2022-06-22 05:09:00 UTC</createdTime>
<generatorID>A83A5131-ABB0-653A-63E7-1E61C7BFB8FB</generatorID>
<ownerDesignName>dbITBOY</ownerDesignName>
<referredTableLongName>modalidadTrans</referredTableLongName>
<deleteRule>NO ACTION</deleteRule>
<referredTableID>8E55455B-AB8B-1649-37D1-2A96D6A99CD2</referredTableID>
<keyObject>68351820-F0B0-4276-B299-FA3D38260A61</keyObject>
<referredKeyID>68351820-F0B0-4276-B299-FA3D38260A61</referredKeyID>
<mandatory>true</mandatory>
<refColNames>id_modTrans</refColNames>
<transferable>true</transferable>
<rely>false</rely>
<columnDependencyConstraintGenerateInDDL>true</columnDependencyConstraintGenerateInDDL>
</FKIndexAssociation>