<?xml version = '1.0' encoding = 'UTF-8'?>
<FKIndexAssociation class="oracle.dbtools.crest.model.design.relational.FKIndexAssociation" directorySegmentName="seg_2" id="8BA49471-6FA2-F64E-BF3F-0BC8F9357C34" containerWithKeyObject="742A4196-62E8-1915-DDE9-99D58195885B" localFKIndex="7AC3751D-15C2-25A9-7F86-8E4F4FE62950" name="propietario_informePolicial_FK">
<createdBy>H3C4</createdBy>
<createdTime>2022-06-22 05:09:00 UTC</createdTime>
<generatorID>D49B1C18-10BE-DCE7-7BAB-0442F2A8911D</generatorID>
<ownerDesignName>dbITBOY</ownerDesignName>
<referredTableLongName>informePolicial</referredTableLongName>
<deleteRule>NO ACTION</deleteRule>
<referredTableID>E8F30D0C-F257-5D69-381E-A0B0A71EDDC7</referredTableID>
<keyObject>5F322C3E-AD4E-993E-D629-5E89FF325F00</keyObject>
<referredKeyID>5F322C3E-AD4E-993E-D629-5E89FF325F00</referredKeyID>
<mandatory>true</mandatory>
<refColNames>id_informe,ITBOY_id_casoAccidente</refColNames>
<transferable>true</transferable>
<rely>false</rely>
<columnDependencyConstraintGenerateInDDL>true</columnDependencyConstraintGenerateInDDL>
</FKIndexAssociation>