<?xml version = '1.0' encoding = 'UTF-8'?>
<FKIndexAssociation class="oracle.dbtools.crest.model.design.relational.FKIndexAssociation" directorySegmentName="seg_2" id="8DE8091D-5221-F4FF-7383-74577E2AF164" containerWithKeyObject="110BA952-E231-5230-9EEC-13FEA77F0F89" localFKIndex="D0104FF1-1D8B-1012-24CC-BA1CBC3E325B" name="via2_caracteristicasVia_FK">
<createdBy>H3C4</createdBy>
<createdTime>2022-06-22 05:09:00 UTC</createdTime>
<generatorID>EC4F7A8D-60F9-4212-01C2-91A3353ED6F8</generatorID>
<ownerDesignName>dbITBOY</ownerDesignName>
<referredTableLongName>caracteristicasVia</referredTableLongName>
<deleteRule>NO ACTION</deleteRule>
<referredTableID>8330B2BD-34D0-73CC-6F2F-F25975D1F506</referredTableID>
<keyObject>0017F893-EE18-7C35-C3E0-AB01FA29D0A5</keyObject>
<referredKeyID>0017F893-EE18-7C35-C3E0-AB01FA29D0A5</referredKeyID>
<mandatory>true</mandatory>
<refColNames>id_caracVia</refColNames>
<transferable>true</transferable>
<rely>false</rely>
<columnDependencyConstraintGenerateInDDL>true</columnDependencyConstraintGenerateInDDL>
</FKIndexAssociation>