<?xml version = '1.0' encoding = 'UTF-8'?>
<FKIndexAssociation class="oracle.dbtools.crest.model.design.relational.FKIndexAssociation" directorySegmentName="seg_2" id="9423F9B0-798E-CFC6-FA26-840E94B1CFA6" containerWithKeyObject="85BF2CC5-15A4-B326-3855-B5905DC728FC" localFKIndex="BBE5A8F7-9EA1-B2BD-CC2F-85337F903364" name="iluminacionArtificial_via2_FK">
<createdBy>H3C4</createdBy>
<createdTime>2022-06-22 05:09:00 UTC</createdTime>
<generatorID>FEEB9A03-B771-FBDC-257B-4A169BFDB837</generatorID>
<ownerDesignName>dbITBOY</ownerDesignName>
<referredTableLongName>via2</referredTableLongName>
<deleteRule>NO ACTION</deleteRule>
<referredTableID>110BA952-E231-5230-9EEC-13FEA77F0F89</referredTableID>
<keyObject>5177FA37-9347-DDD0-0A72-4FE2497EAAA9</keyObject>
<referredKeyID>5177FA37-9347-DDD0-0A72-4FE2497EAAA9</referredKeyID>
<mandatory>true</mandatory>
<refColNames>id_caracVia2</refColNames>
<transferable>true</transferable>
<rely>false</rely>
<columnDependencyConstraintGenerateInDDL>true</columnDependencyConstraintGenerateInDDL>
</FKIndexAssociation>