<?xml version = '1.0' encoding = 'UTF-8'?>
<FKIndexAssociation class="oracle.dbtools.crest.model.design.relational.FKIndexAssociation" directorySegmentName="seg_2" id="9455893E-5CD5-AAF8-BD57-E4B45B3BA611" containerWithKeyObject="A4538B5B-A960-B99F-07B5-D1F55D0153C7" localFKIndex="A9BC1873-47B2-EECF-2B0E-1B9EA4BEC07F" name="via1_caracteristicasVia_FK">
<createdBy>H3C4</createdBy>
<createdTime>2022-06-22 05:09:00 UTC</createdTime>
<generatorID>5E0FBC06-D186-8CA3-59C2-0FD38DEFE1B8</generatorID>
<ownerDesignName>dbITBOY</ownerDesignName>
<referredTableLongName>caracteristicasVia</referredTableLongName>
<deleteRule>NO ACTION</deleteRule>
<referredTableID>8330B2BD-34D0-73CC-6F2F-F25975D1F506</referredTableID>
<keyObject>0017F893-EE18-7C35-C3E0-AB01FA29D0A5</keyObject>
<referredKeyID>0017F893-EE18-7C35-C3E0-AB01FA29D0A5</referredKeyID>
<mandatory>true</mandatory>
<refColNames>id_caracVia</refColNames>
<transferable>true</transferable>
<rely>false</rely>
<columnDependencyConstraintGenerateInDDL>true</columnDependencyConstraintGenerateInDDL>
</FKIndexAssociation>