<?xml version = '1.0' encoding = 'UTF-8'?>
<FKIndexAssociation class="oracle.dbtools.crest.model.design.relational.FKIndexAssociation" directorySegmentName="seg_2" id="987425B0-047C-2ACE-1626-FAC11B3A2F3B" containerWithKeyObject="E105659E-F96C-241F-4565-B356654DC90D" localFKIndex="D95D0E8B-3EE3-18EE-1C24-4F340AFC576A" name="polizaAnexo1_VehiculoAnexo1_FK">
<createdBy>H3C4</createdBy>
<createdTime>2022-06-22 05:09:00 UTC</createdTime>
<generatorID>5CC88268-E997-00E4-2ED6-8D293E7EC3D8</generatorID>
<ownerDesignName>dbITBOY</ownerDesignName>
<referredTableLongName>VehiculoAnexo1</referredTableLongName>
<deleteRule>NO ACTION</deleteRule>
<referredTableID>D35B2875-BAE4-A11B-4B1D-C908C1FC151B</referredTableID>
<keyObject>0DF70F2E-39D8-E57C-96E7-CF26AC88B59F</keyObject>
<referredKeyID>0DF70F2E-39D8-E57C-96E7-CF26AC88B59F</referredKeyID>
<mandatory>true</mandatory>
<refColNames>VehiculoAnexo1_ID</refColNames>
<transferable>true</transferable>
<rely>false</rely>
<columnDependencyConstraintGenerateInDDL>true</columnDependencyConstraintGenerateInDDL>
</FKIndexAssociation>