<?xml version = '1.0' encoding = 'UTF-8'?>
<FKIndexAssociation class="oracle.dbtools.crest.model.design.relational.FKIndexAssociation" directorySegmentName="seg_2" id="9977B42F-C20C-D59F-12D0-15D5F2D6811D" containerWithKeyObject="F7DA8E3C-25F8-A2A2-C5E1-5A26C02BB7F9" localFKIndex="5D182B53-27D4-E7FF-4989-B3CD4073751D" name="utilizacion_via1_FK">
<createdBy>H3C4</createdBy>
<createdTime>2022-06-22 05:09:00 UTC</createdTime>
<generatorID>2488716B-6053-D1F1-9238-271D9DDDC92E</generatorID>
<ownerDesignName>dbITBOY</ownerDesignName>
<referredTableLongName>via1</referredTableLongName>
<deleteRule>NO ACTION</deleteRule>
<referredTableID>A4538B5B-A960-B99F-07B5-D1F55D0153C7</referredTableID>
<keyObject>17071A88-28AF-9E86-4BF6-3AA57EDC73F8</keyObject>
<referredKeyID>17071A88-28AF-9E86-4BF6-3AA57EDC73F8</referredKeyID>
<mandatory>true</mandatory>
<refColNames>id_caracVia1</refColNames>
<transferable>true</transferable>
<rely>false</rely>
<columnDependencyConstraintGenerateInDDL>true</columnDependencyConstraintGenerateInDDL>
</FKIndexAssociation>