<?xml version = '1.0' encoding = 'UTF-8'?>
<FKIndexAssociation class="oracle.dbtools.crest.model.design.relational.FKIndexAssociation" directorySegmentName="seg_2" id="A379564F-DCB7-6619-B4A1-81964840ED21" containerWithKeyObject="076486A8-40D3-243D-16A0-BEBE19A82754" localFKIndex="1FFC145E-1D15-1495-8F03-2066EA8A86D5" name="via2Croquis_croquis_FK">
<createdBy>H3C4</createdBy>
<createdTime>2022-06-22 05:09:00 UTC</createdTime>
<generatorID>A1EC59DB-A339-2142-A2E6-B8B63D32F6C4</generatorID>
<ownerDesignName>dbITBOY</ownerDesignName>
<referredTableLongName>croquis</referredTableLongName>
<deleteRule>NO ACTION</deleteRule>
<referredTableID>DF676750-A43C-C424-32CD-9D2FCE850BD5</referredTableID>
<keyObject>454B2AC6-D46E-AF52-8826-99EE7736A85E</keyObject>
<referredKeyID>454B2AC6-D46E-AF52-8826-99EE7736A85E</referredKeyID>
<mandatory>true</mandatory>
<refColNames>id_croquis,ITBOY_id_casoAccidente</refColNames>
<transferable>true</transferable>
<rely>false</rely>
<columnDependencyConstraintGenerateInDDL>true</columnDependencyConstraintGenerateInDDL>
</FKIndexAssociation>