<?xml version = '1.0' encoding = 'UTF-8'?>
<FKIndexAssociation class="oracle.dbtools.crest.model.design.relational.FKIndexAssociation" directorySegmentName="seg_2" id="A701EA41-577C-02A0-0BAF-F097471BDDB7" containerWithKeyObject="D35B2875-BAE4-A11B-4B1D-C908C1FC151B" localFKIndex="665BC5E4-4D2D-7821-6B74-9D34B50F26D1" name="VehiculoAnexo1_ConductoresVehiculosPropietariosAnexo1_FK">
<createdBy>H3C4</createdBy>
<createdTime>2022-06-22 05:09:00 UTC</createdTime>
<generatorID>CBDB836E-A846-252B-85C9-600BF047CFB6</generatorID>
<ownerDesignName>dbITBOY</ownerDesignName>
<referredTableLongName>ConductoresVehiculosPropietariosAnexo1</referredTableLongName>
<deleteRule>NO ACTION</deleteRule>
<referredTableID>4ECE15CC-07B3-A824-6FE3-3DA88A82F304</referredTableID>
<keyObject>36EFA1D2-C93F-9E26-4A45-792C6F3710C9</keyObject>
<referredKeyID>36EFA1D2-C93F-9E26-4A45-792C6F3710C9</referredKeyID>
<mandatory>true</mandatory>
<refColNames>id_ConductoresVehiculosPropietarios</refColNames>
<transferable>true</transferable>
<rely>false</rely>
<columnDependencyConstraintGenerateInDDL>true</columnDependencyConstraintGenerateInDDL>
</FKIndexAssociation>