<?xml version = '1.0' encoding = 'UTF-8'?>
<FKIndexAssociation class="oracle.dbtools.crest.model.design.relational.FKIndexAssociation" directorySegmentName="seg_2" id="B4BE87BA-65B7-6D9F-1C7D-1C28DE360B59" containerWithKeyObject="D91C86B9-E8A9-D76F-D3E9-6C40CA34FF30" localFKIndex="0B27A20C-CB04-93CB-87F8-2E2BDCE85374" name="VehiculoPropietario_propietario_FK">
<createdBy>H3C4</createdBy>
<createdTime>2022-06-22 05:09:00 UTC</createdTime>
<generatorID>4AEC4A4C-2F60-584F-4E32-4A203964792F</generatorID>
<ownerDesignName>dbITBOY</ownerDesignName>
<referredTableLongName>propietario</referredTableLongName>
<deleteRule>NO ACTION</deleteRule>
<referredTableID>742A4196-62E8-1915-DDE9-99D58195885B</referredTableID>
<keyObject>04FB1177-EF1B-7BF9-1D18-496D828148C0</keyObject>
<referredKeyID>04FB1177-EF1B-7BF9-1D18-496D828148C0</referredKeyID>
<mandatory>true</mandatory>
<refColNames>id_propietario</refColNames>
<transferable>true</transferable>
<rely>false</rely>
<columnDependencyConstraintGenerateInDDL>true</columnDependencyConstraintGenerateInDDL>
</FKIndexAssociation>