<?xml version = '1.0' encoding = 'UTF-8'?>
<FKIndexAssociation class="oracle.dbtools.crest.model.design.relational.FKIndexAssociation" directorySegmentName="seg_2" id="B523E92E-C48E-33D1-BD81-7B52B5965A53" containerWithKeyObject="D359B2EB-C4AD-27CE-94DF-5B53D7DD8054" localFKIndex="0416EA5D-F5BB-6B7B-E1CE-29354FB3CE82" name="observaciones_anexo2_FK">
<createdBy>H3C4</createdBy>
<createdTime>2022-06-22 05:09:00 UTC</createdTime>
<generatorID>EEF56DC9-4FF9-2DF4-6904-528594D68ED0</generatorID>
<ownerDesignName>dbITBOY</ownerDesignName>
<referredTableLongName>anexo2</referredTableLongName>
<deleteRule>NO ACTION</deleteRule>
<referredTableID>513BE12B-4EBA-FD02-BD20-753D812F31D0</referredTableID>
<keyObject>743963A5-BF4F-4F40-E43F-940ABD954E1F</keyObject>
<referredKeyID>743963A5-BF4F-4F40-E43F-940ABD954E1F</referredKeyID>
<mandatory>true</mandatory>
<refColNames>id_anexo2,ITBOY_id_casoAccidente</refColNames>
<transferable>true</transferable>
<rely>false</rely>
<columnDependencyConstraintGenerateInDDL>true</columnDependencyConstraintGenerateInDDL>
</FKIndexAssociation>