<?xml version = '1.0' encoding = 'UTF-8'?>
<FKIndexAssociation class="oracle.dbtools.crest.model.design.relational.FKIndexAssociation" directorySegmentName="seg_2" id="B63737D5-3499-619A-0C94-9E6C35CA2EE9" containerWithKeyObject="EE427239-F598-AAE1-85D6-BB7AE20B64B4" localFKIndex="0409A43E-46E9-899B-EA0B-14F96F0CAF7C" name="sector_caracteristicasLugar_FK">
<createdBy>H3C4</createdBy>
<createdTime>2022-06-22 05:09:00 UTC</createdTime>
<generatorID>94103812-5163-47BA-A7F9-BA605B532079</generatorID>
<ownerDesignName>dbITBOY</ownerDesignName>
<referredTableLongName>caracteristicasLugar</referredTableLongName>
<deleteRule>NO ACTION</deleteRule>
<referredTableID>8E6BD906-C899-8F55-0D6F-A5F85293FB1E</referredTableID>
<keyObject>FF6BFEDF-004E-6DB6-5628-7F058BE6C9D9</keyObject>
<referredKeyID>FF6BFEDF-004E-6DB6-5628-7F058BE6C9D9</referredKeyID>
<mandatory>true</mandatory>
<refColNames>id_caracLugar</refColNames>
<transferable>true</transferable>
<rely>false</rely>
<columnDependencyConstraintGenerateInDDL>true</columnDependencyConstraintGenerateInDDL>
</FKIndexAssociation>