<?xml version = '1.0' encoding = 'UTF-8'?>
<FKIndexAssociation class="oracle.dbtools.crest.model.design.relational.FKIndexAssociation" directorySegmentName="seg_2" id="BC727E04-95B9-9FA7-78F2-912B6D1D6C0B" containerWithKeyObject="0CFC342E-A8A4-3F38-E5D1-8136D046435D" localFKIndex="B8FF2758-A06A-68E0-A761-E0097BBD7D39" name="SusPsicoactivas_conductor_FK">
<createdBy>H3C4</createdBy>
<createdTime>2022-06-22 05:09:00 UTC</createdTime>
<generatorID>1A239177-8220-D3F7-16E5-F1DD770683F6</generatorID>
<ownerDesignName>dbITBOY</ownerDesignName>
<referredTableLongName>conductor</referredTableLongName>
<deleteRule>NO ACTION</deleteRule>
<referredTableID>1252F5FD-6F12-2B8E-8E83-2446664779B7</referredTableID>
<keyObject>09B0C5E3-8AD8-862C-FCC4-2706F838EB02</keyObject>
<referredKeyID>09B0C5E3-8AD8-862C-FCC4-2706F838EB02</referredKeyID>
<mandatory>true</mandatory>
<refColNames>id_conductor</refColNames>
<transferable>true</transferable>
<rely>false</rely>
<columnDependencyConstraintGenerateInDDL>true</columnDependencyConstraintGenerateInDDL>
</FKIndexAssociation>