<?xml version = '1.0' encoding = 'UTF-8'?>
<FKIndexAssociation class="oracle.dbtools.crest.model.design.relational.FKIndexAssociation" directorySegmentName="seg_2" id="BDA80FAD-BE3E-63A7-4A54-AAD8924E225B" containerWithKeyObject="9B0F828C-F3FC-B8E7-20FE-C640B4F36EC1" localFKIndex="7BECAF79-AFD3-25D6-D6AA-F54C43E6D754" name="SusPsicoactivasAnexo1_conductorAnexo1_FK">
<createdBy>H3C4</createdBy>
<createdTime>2022-06-22 05:09:00 UTC</createdTime>
<generatorID>F6870EA8-98E2-650A-3D18-A7ED6F67CA56</generatorID>
<ownerDesignName>dbITBOY</ownerDesignName>
<referredTableLongName>conductorAnexo1</referredTableLongName>
<deleteRule>NO ACTION</deleteRule>
<referredTableID>9E486FD5-A678-930F-0CAE-5B413B0B59EB</referredTableID>
<keyObject>063B05E1-F07F-43BF-32DD-617FB994AA3B</keyObject>
<referredKeyID>063B05E1-F07F-43BF-32DD-617FB994AA3B</referredKeyID>
<mandatory>true</mandatory>
<refColNames>id_conductor</refColNames>
<transferable>true</transferable>
<rely>false</rely>
<columnDependencyConstraintGenerateInDDL>true</columnDependencyConstraintGenerateInDDL>
</FKIndexAssociation>