<?xml version = '1.0' encoding = 'UTF-8'?>
<FKIndexAssociation class="oracle.dbtools.crest.model.design.relational.FKIndexAssociation" directorySegmentName="seg_2" id="C5CC989F-1B9F-8A66-D033-70A03B9F2B50" containerWithKeyObject="53018CAA-A5E7-B045-0923-D7D07B10D723" localFKIndex="DC480312-1C19-40C6-7D7D-3E701BA36377" name="longHuellas_croquis_FK">
<createdBy>H3C4</createdBy>
<createdTime>2022-06-22 05:09:00 UTC</createdTime>
<generatorID>795936C7-0C57-FF0F-916A-37D586EB89EB</generatorID>
<ownerDesignName>dbITBOY</ownerDesignName>
<referredTableLongName>croquis</referredTableLongName>
<deleteRule>NO ACTION</deleteRule>
<referredTableID>DF676750-A43C-C424-32CD-9D2FCE850BD5</referredTableID>
<keyObject>454B2AC6-D46E-AF52-8826-99EE7736A85E</keyObject>
<referredKeyID>454B2AC6-D46E-AF52-8826-99EE7736A85E</referredKeyID>
<mandatory>true</mandatory>
<refColNames>id_croquis,ITBOY_id_casoAccidente</refColNames>
<transferable>true</transferable>
<rely>false</rely>
<columnDependencyConstraintGenerateInDDL>true</columnDependencyConstraintGenerateInDDL>
</FKIndexAssociation>