<?xml version = '1.0' encoding = 'UTF-8'?>
<FKIndexAssociation class="oracle.dbtools.crest.model.design.relational.FKIndexAssociation" directorySegmentName="seg_2" id="C6F8D651-39C7-624B-0F0A-AC1D6CB11A25" containerWithKeyObject="44FDE408-6B14-E2C5-07F7-CF07897B696F" localFKIndex="E25F8FEF-A65D-EFC2-1CE9-6C20EE73FFDF" name="poliza_Vehiculo_FK">
<createdBy>H3C4</createdBy>
<createdTime>2022-06-22 05:09:00 UTC</createdTime>
<generatorID>29EFDEDD-8A7B-330F-224D-95E8709E8BB1</generatorID>
<ownerDesignName>dbITBOY</ownerDesignName>
<referredTableLongName>Vehiculo</referredTableLongName>
<deleteRule>NO ACTION</deleteRule>
<referredTableID>5A261392-9335-2C0D-1F1D-FA9A53EF1265</referredTableID>
<keyObject>DF10D42C-437C-12AD-8F62-9D31D0B890FF</keyObject>
<referredKeyID>DF10D42C-437C-12AD-8F62-9D31D0B890FF</referredKeyID>
<mandatory>true</mandatory>
<refColNames>Vehiculo_ID</refColNames>
<transferable>true</transferable>
<rely>false</rely>
<columnDependencyConstraintGenerateInDDL>true</columnDependencyConstraintGenerateInDDL>
</FKIndexAssociation>