<?xml version = '1.0' encoding = 'UTF-8'?>
<FKIndexAssociation class="oracle.dbtools.crest.model.design.relational.FKIndexAssociation" directorySegmentName="seg_2" id="D3B60BCB-D935-D8A9-548D-E957C07374E9" containerWithKeyObject="5A261392-9335-2C0D-1F1D-FA9A53EF1265" localFKIndex="F642DCE2-E75E-2ABB-2311-277D81039CC9" name="Vehiculo_ConductoresVehiculosPropietarios_FK">
<createdBy>H3C4</createdBy>
<createdTime>2022-06-22 05:09:00 UTC</createdTime>
<generatorID>48611064-2039-597D-B26D-125BD96D26F9</generatorID>
<ownerDesignName>dbITBOY</ownerDesignName>
<referredTableLongName>ConductoresVehiculosPropietarios</referredTableLongName>
<deleteRule>NO ACTION</deleteRule>
<referredTableID>76EB3FDD-6806-6238-052B-11931B704CBC</referredTableID>
<keyObject>C5F1E2CF-ABCC-F726-BF3B-2DB331916A76</keyObject>
<referredKeyID>C5F1E2CF-ABCC-F726-BF3B-2DB331916A76</referredKeyID>
<mandatory>true</mandatory>
<refColNames>id_ConductoresVehiculosPropietarios</refColNames>
<transferable>true</transferable>
<rely>false</rely>
<columnDependencyConstraintGenerateInDDL>true</columnDependencyConstraintGenerateInDDL>
</FKIndexAssociation>