<?xml version = '1.0' encoding = 'UTF-8'?>
<FKIndexAssociation class="oracle.dbtools.crest.model.design.relational.FKIndexAssociation" directorySegmentName="seg_2" id="D7D00054-DA09-8BC6-C7C6-04D1D53C9AF6" containerWithKeyObject="8884D15E-CDD7-F336-7D44-4B5B8983C705" localFKIndex="CF90415B-56F7-94A5-99AD-E6E19F22ED25" name="SOAT_Vehiculo_FK">
<createdBy>H3C4</createdBy>
<createdTime>2022-06-22 05:09:00 UTC</createdTime>
<generatorID>89847FB4-17F7-DAEE-2600-82EA516B8E3E</generatorID>
<ownerDesignName>dbITBOY</ownerDesignName>
<referredTableLongName>Vehiculo</referredTableLongName>
<deleteRule>NO ACTION</deleteRule>
<referredTableID>5A261392-9335-2C0D-1F1D-FA9A53EF1265</referredTableID>
<keyObject>DF10D42C-437C-12AD-8F62-9D31D0B890FF</keyObject>
<referredKeyID>DF10D42C-437C-12AD-8F62-9D31D0B890FF</referredKeyID>
<mandatory>true</mandatory>
<refColNames>Vehiculo_ID</refColNames>
<transferable>true</transferable>
<rely>false</rely>
<columnDependencyConstraintGenerateInDDL>true</columnDependencyConstraintGenerateInDDL>
</FKIndexAssociation>