<?xml version = '1.0' encoding = 'UTF-8'?>
<FKIndexAssociation class="oracle.dbtools.crest.model.design.relational.FKIndexAssociation" directorySegmentName="seg_2" id="DF5797CF-111A-4D26-A08B-0D127CB91319" containerWithKeyObject="221B6692-C144-F1C5-7579-D73024299182" localFKIndex="06FD8770-2542-4F98-3DF4-3D091C4CC6DF" name="ResponsabilidadCivilContractualAnexo1_VehiculoAnexo1_FK">
<createdBy>H3C4</createdBy>
<createdTime>2022-06-22 05:09:00 UTC</createdTime>
<generatorID>F6DE9B9A-D18B-490A-95A8-E269761BC268</generatorID>
<ownerDesignName>dbITBOY</ownerDesignName>
<referredTableLongName>VehiculoAnexo1</referredTableLongName>
<deleteRule>NO ACTION</deleteRule>
<referredTableID>D35B2875-BAE4-A11B-4B1D-C908C1FC151B</referredTableID>
<keyObject>0DF70F2E-39D8-E57C-96E7-CF26AC88B59F</keyObject>
<referredKeyID>0DF70F2E-39D8-E57C-96E7-CF26AC88B59F</referredKeyID>
<mandatory>true</mandatory>
<refColNames>VehiculoAnexo1_ID</refColNames>
<transferable>true</transferable>
<rely>false</rely>
<columnDependencyConstraintGenerateInDDL>true</columnDependencyConstraintGenerateInDDL>
</FKIndexAssociation>