<?xml version = '1.0' encoding = 'UTF-8'?>
<FKIndexAssociation class="oracle.dbtools.crest.model.design.relational.FKIndexAssociation" directorySegmentName="seg_2" id="F0687481-9E59-8716-13CA-76B1382F428A" containerWithKeyObject="5655B463-963B-B245-CED4-6BFADA8D1447" localFKIndex="68A1321B-08CC-A9EC-A897-62AF3E700FBC" name="MismoConductor_propietario_FK">
<createdBy>H3C4</createdBy>
<createdTime>2022-06-22 05:09:00 UTC</createdTime>
<generatorID>F73EC19D-246C-C8DD-585F-A63F9EC88A9E</generatorID>
<ownerDesignName>dbITBOY</ownerDesignName>
<referredTableLongName>propietario</referredTableLongName>
<deleteRule>NO ACTION</deleteRule>
<referredTableID>742A4196-62E8-1915-DDE9-99D58195885B</referredTableID>
<keyObject>04FB1177-EF1B-7BF9-1D18-496D828148C0</keyObject>
<referredKeyID>04FB1177-EF1B-7BF9-1D18-496D828148C0</referredKeyID>
<mandatory>true</mandatory>
<refColNames>id_propietario</refColNames>
<transferable>true</transferable>
<rely>false</rely>
<columnDependencyConstraintGenerateInDDL>true</columnDependencyConstraintGenerateInDDL>
</FKIndexAssociation>