<?xml version = '1.0' encoding = 'UTF-8'?>
<FKIndexAssociation class="oracle.dbtools.crest.model.design.relational.FKIndexAssociation" directorySegmentName="seg_1" id="00A04B3F-B7D7-8DB4-30A6-5F398DE7694A" containerWithKeyObject="9D0D07BA-93B8-4A54-878C-56849D0B404F" localFKIndex="5BAFFB18-230D-1796-5562-8D6571836183" name="agenteTransito_controlesTransito_FK">
<createdBy>H3C4</createdBy>
<createdTime>2022-06-22 05:09:00 UTC</createdTime>
<generatorID>30751E2E-C0A9-F5E2-7C9E-B3F7D11FE98F</generatorID>
<ownerDesignName>dbITBOY</ownerDesignName>
<referredTableLongName>controlesTransito</referredTableLongName>
<deleteRule>NO ACTION</deleteRule>
<referredTableID>6D92CEBC-AA1F-E199-7942-ECD93D6A5E01</referredTableID>
<keyObject>D309FF48-F5B1-58EF-225D-09735CCC2D2B</keyObject>
<referredKeyID>D309FF48-F5B1-58EF-225D-09735CCC2D2B</referredKeyID>
<mandatory>true</mandatory>
<refColNames>id_controlesTransito</refColNames>
<transferable>true</transferable>
<rely>false</rely>
<columnDependencyConstraintGenerateInDDL>true</columnDependencyConstraintGenerateInDDL>
</FKIndexAssociation>