<?xml version = '1.0' encoding = 'UTF-8'?>
<FKIndexAssociation class="oracle.dbtools.crest.model.design.relational.FKIndexAssociation" directorySegmentName="seg_1" id="06098318-C3B8-623F-5BC7-A3EFDB628BAA" containerWithKeyObject="76EB3FDD-6806-6238-052B-11931B704CBC" localFKIndex="AB77E30F-745D-A2D4-8D5C-4CADBE3F2694" name="ConductoresVehiculosPropietarios_informePolicial_FK">
<createdBy>H3C4</createdBy>
<createdTime>2022-06-22 05:09:00 UTC</createdTime>
<generatorID>C4A9AC0F-FF3D-BA95-046D-62121C811475</generatorID>
<ownerDesignName>dbITBOY</ownerDesignName>
<referredTableLongName>informePolicial</referredTableLongName>
<deleteRule>NO ACTION</deleteRule>
<referredTableID>E8F30D0C-F257-5D69-381E-A0B0A71EDDC7</referredTableID>
<keyObject>5F322C3E-AD4E-993E-D629-5E89FF325F00</keyObject>
<referredKeyID>5F322C3E-AD4E-993E-D629-5E89FF325F00</referredKeyID>
<mandatory>true</mandatory>
<refColNames>id_informe,ITBOY_id_casoAccidente</refColNames>
<transferable>true</transferable>
<rely>false</rely>
<columnDependencyConstraintGenerateInDDL>true</columnDependencyConstraintGenerateInDDL>
</FKIndexAssociation>