<?xml version = '1.0' encoding = 'UTF-8'?>
<FKIndexAssociation class="oracle.dbtools.crest.model.design.relational.FKIndexAssociation" directorySegmentName="seg_1" id="0EA53463-AA4F-08C7-37B3-4675A3A0F93F" containerWithKeyObject="1705A066-BF67-F2A2-BCFC-C62E0A48BFED" localFKIndex="E8A47BF1-284D-1B80-AD2E-BD326F8627EB" name="DatosQuienConoceAccidenteAnexo2_anexo2_FK">
<createdBy>H3C4</createdBy>
<createdTime>2022-06-22 05:09:00 UTC</createdTime>
<generatorID>E64BDC07-8685-D194-97AA-0B564EF3A326</generatorID>
<ownerDesignName>dbITBOY</ownerDesignName>
<referredTableLongName>anexo2</referredTableLongName>
<deleteRule>NO ACTION</deleteRule>
<referredTableID>513BE12B-4EBA-FD02-BD20-753D812F31D0</referredTableID>
<keyObject>743963A5-BF4F-4F40-E43F-940ABD954E1F</keyObject>
<referredKeyID>743963A5-BF4F-4F40-E43F-940ABD954E1F</referredKeyID>
<mandatory>true</mandatory>
<refColNames>id_anexo2,ITBOY_id_casoAccidente</refColNames>
<transferable>true</transferable>
<rely>false</rely>
<columnDependencyConstraintGenerateInDDL>true</columnDependencyConstraintGenerateInDDL>
</FKIndexAssociation>