<?xml version = '1.0' encoding = 'UTF-8'?>
<FKIndexAssociation class="oracle.dbtools.crest.model.design.relational.FKIndexAssociation" directorySegmentName="seg_1" id="0F96C4F5-3419-6E43-F48F-A39067320AEF" containerWithKeyObject="1D3CF7D5-D2B1-91AB-FF99-D1028E422371" localFKIndex="A6744388-FF65-59E8-769A-779889E5D1E5" name="condicionClimatica_caracteristicasLugar_FK">
<createdBy>H3C4</createdBy>
<createdTime>2022-06-22 05:09:00 UTC</createdTime>
<generatorID>54F3F30C-B74E-676E-A6C5-24B017E0ED2A</generatorID>
<ownerDesignName>dbITBOY</ownerDesignName>
<referredTableLongName>caracteristicasLugar</referredTableLongName>
<deleteRule>NO ACTION</deleteRule>
<referredTableID>8E6BD906-C899-8F55-0D6F-A5F85293FB1E</referredTableID>
<keyObject>FF6BFEDF-004E-6DB6-5628-7F058BE6C9D9</keyObject>
<referredKeyID>FF6BFEDF-004E-6DB6-5628-7F058BE6C9D9</referredKeyID>
<mandatory>true</mandatory>
<refColNames>id_caracLugar</refColNames>
<transferable>true</transferable>
<rely>false</rely>
<columnDependencyConstraintGenerateInDDL>true</columnDependencyConstraintGenerateInDDL>
</FKIndexAssociation>