<?xml version = '1.0' encoding = 'UTF-8'?>
<FKIndexAssociation class="oracle.dbtools.crest.model.design.relational.FKIndexAssociation" directorySegmentName="seg_1" id="1449D663-48D6-42FD-0B39-E59CDD4E7179" containerWithKeyObject="1252F5FD-6F12-2B8E-8E83-2446664779B7" localFKIndex="8142D4DE-E7D9-A55A-AE58-9F3FC43D912B" name="conductor_ConductoresVehiculosPropietarios_FK">
<createdBy>H3C4</createdBy>
<createdTime>2022-06-22 05:09:00 UTC</createdTime>
<generatorID>F90FA15D-8907-3C89-57D0-EE4DC4993B43</generatorID>
<ownerDesignName>dbITBOY</ownerDesignName>
<referredTableLongName>ConductoresVehiculosPropietarios</referredTableLongName>
<deleteRule>NO ACTION</deleteRule>
<referredTableID>76EB3FDD-6806-6238-052B-11931B704CBC</referredTableID>
<keyObject>C5F1E2CF-ABCC-F726-BF3B-2DB331916A76</keyObject>
<referredKeyID>C5F1E2CF-ABCC-F726-BF3B-2DB331916A76</referredKeyID>
<mandatory>true</mandatory>
<refColNames>id_ConductoresVehiculosPropietarios</refColNames>
<transferable>true</transferable>
<rely>false</rely>
<columnDependencyConstraintGenerateInDDL>true</columnDependencyConstraintGenerateInDDL>
</FKIndexAssociation>