<?xml version = '1.0' encoding = 'UTF-8'?>
<FKIndexAssociation class="oracle.dbtools.crest.model.design.relational.FKIndexAssociation" directorySegmentName="seg_1" id="1C39B84F-5FDE-3B30-1A54-74EA3C8511E7" containerWithKeyObject="161C556B-D84F-19E6-6CFE-66A5D55BB1B1" localFKIndex="D4AAA2C1-C750-97CE-9A4A-034EEBEE4851" name="ClaseServicio_VehiculoPropietario_FK">
<createdBy>H3C4</createdBy>
<createdTime>2022-06-22 05:09:00 UTC</createdTime>
<generatorID>FBFC5AD9-450F-9FEB-68D7-EFCB79B247FA</generatorID>
<ownerDesignName>dbITBOY</ownerDesignName>
<referredTableLongName>VehiculoPropietario</referredTableLongName>
<deleteRule>NO ACTION</deleteRule>
<referredTableID>D91C86B9-E8A9-D76F-D3E9-6C40CA34FF30</referredTableID>
<keyObject>627DA6FE-A311-1657-38F3-71576410FD80</keyObject>
<referredKeyID>627DA6FE-A311-1657-38F3-71576410FD80</referredKeyID>
<mandatory>true</mandatory>
<refColNames>id_propietarioClaseVehiculo</refColNames>
<transferable>true</transferable>
<rely>false</rely>
<columnDependencyConstraintGenerateInDDL>true</columnDependencyConstraintGenerateInDDL>
</FKIndexAssociation>