<?xml version = '1.0' encoding = 'UTF-8'?>
<FKIndexAssociation class="oracle.dbtools.crest.model.design.relational.FKIndexAssociation" directorySegmentName="seg_1" id="1D095ED4-7988-F875-BD12-8EB86699E6E8" containerWithKeyObject="ACFA9461-C7D5-0AEC-F872-2345E27AEB0C" localFKIndex="C34F6AA6-47C4-BF53-FDAA-2F317F4FA28A" name="correspondio_anexo1_FK">
<createdBy>H3C4</createdBy>
<createdTime>2022-06-22 05:09:00 UTC</createdTime>
<generatorID>9920BC2A-0AED-CE10-1760-CD70EDE82D20</generatorID>
<ownerDesignName>dbITBOY</ownerDesignName>
<referredTableLongName>anexo1</referredTableLongName>
<deleteRule>NO ACTION</deleteRule>
<referredTableID>A0AECE08-50DB-D504-6BB9-02E17A73DB35</referredTableID>
<keyObject>C4C42657-F330-B015-BE33-0C5425C11961</keyObject>
<referredKeyID>C4C42657-F330-B015-BE33-0C5425C11961</referredKeyID>
<mandatory>true</mandatory>
<refColNames>id_anexo1,ITBOY_id_casoAccidente</refColNames>
<transferable>true</transferable>
<rely>false</rely>
<columnDependencyConstraintGenerateInDDL>true</columnDependencyConstraintGenerateInDDL>
</FKIndexAssociation>