<?xml version = '1.0' encoding = 'UTF-8'?>
<FKIndexAssociation class="oracle.dbtools.crest.model.design.relational.FKIndexAssociation" directorySegmentName="seg_1" id="24548477-6051-C136-D0FB-10482A0598E0" containerWithKeyObject="C140EEE3-21D2-447F-24A2-8E754098450D" localFKIndex="FD4E8F78-C137-8E20-73E1-8E4081102A73" name="detallesVictima_victimas_FK">
<createdBy>H3C4</createdBy>
<createdTime>2022-06-22 05:09:00 UTC</createdTime>
<generatorID>0BB5A3E2-388C-DE4B-63B0-89C9C43F1C53</generatorID>
<ownerDesignName>dbITBOY</ownerDesignName>
<referredTableLongName>victimas</referredTableLongName>
<deleteRule>NO ACTION</deleteRule>
<referredTableID>127858AC-E47B-A1A1-B61C-6BFB3147CBF9</referredTableID>
<keyObject>903DE591-3E12-1B34-496F-EC57CC3FFA7F</keyObject>
<referredKeyID>903DE591-3E12-1B34-496F-EC57CC3FFA7F</referredKeyID>
<mandatory>true</mandatory>
<refColNames>id_victimasAnexo2</refColNames>
<transferable>true</transferable>
<rely>false</rely>
<columnDependencyConstraintGenerateInDDL>true</columnDependencyConstraintGenerateInDDL>
</FKIndexAssociation>