<?xml version = '1.0' encoding = 'UTF-8'?>
<FKIndexAssociation class="oracle.dbtools.crest.model.design.relational.FKIndexAssociation" directorySegmentName="seg_1" id="28643E67-352A-C3C2-C570-1344FC7B385A" containerWithKeyObject="DF676750-A43C-C424-32CD-9D2FCE850BD5" localFKIndex="0A1B373F-DCB9-1E85-F4AD-7DD9F35A567D" name="croquis_ITBOY_FK">
<createdBy>H3C4</createdBy>
<createdTime>2022-06-22 05:09:00 UTC</createdTime>
<generatorID>74C578A7-CD45-B766-2763-BEB92221EAC7</generatorID>
<ownerDesignName>dbITBOY</ownerDesignName>
<referredTableLongName>ITBOY</referredTableLongName>
<deleteRule>NO ACTION</deleteRule>
<referredTableID>5119F1D8-C015-071E-C35C-551FA6A709D6</referredTableID>
<keyObject>D52A02E3-0253-03EA-1D3A-9A290CC3245F</keyObject>
<referredKeyID>D52A02E3-0253-03EA-1D3A-9A290CC3245F</referredKeyID>
<mandatory>true</mandatory>
<refColNames>id_casoAccidente</refColNames>
<transferable>true</transferable>
<rely>false</rely>
<columnDependencyConstraintGenerateInDDL>true</columnDependencyConstraintGenerateInDDL>
</FKIndexAssociation>