<?xml version = '1.0' encoding = 'UTF-8'?>
<FKIndexAssociation class="oracle.dbtools.crest.model.design.relational.FKIndexAssociation" directorySegmentName="seg_1" id="2B8D03DE-0AA7-BB00-0975-3AA26E64775E" containerWithKeyObject="43A38411-B104-4DC2-28AA-A5636EC7B233" localFKIndex="9D8531FE-5F1D-561A-86D0-80D03DB13465" name="carga_modalidadTrans_FK">
<createdBy>H3C4</createdBy>
<createdTime>2022-06-22 05:09:00 UTC</createdTime>
<generatorID>3F59D30C-9B22-E743-A1A1-96C5296E511C</generatorID>
<ownerDesignName>dbITBOY</ownerDesignName>
<referredTableLongName>modalidadTrans</referredTableLongName>
<deleteRule>NO ACTION</deleteRule>
<referredTableID>8E55455B-AB8B-1649-37D1-2A96D6A99CD2</referredTableID>
<keyObject>68351820-F0B0-4276-B299-FA3D38260A61</keyObject>
<referredKeyID>68351820-F0B0-4276-B299-FA3D38260A61</referredKeyID>
<mandatory>true</mandatory>
<refColNames>id_modTrans</refColNames>
<transferable>true</transferable>
<rely>false</rely>
<columnDependencyConstraintGenerateInDDL>true</columnDependencyConstraintGenerateInDDL>
</FKIndexAssociation>