<?xml version = '1.0' encoding = 'UTF-8'?>
<FKIndexAssociation class="oracle.dbtools.crest.model.design.relational.FKIndexAssociation" directorySegmentName="seg_1" id="31FD21C2-60F5-3431-D61F-EFCD68418A19" containerWithKeyObject="8E6BD906-C899-8F55-0D6F-A5F85293FB1E" localFKIndex="0A4CF330-A968-2C80-40F7-0D70AB3C6B22" name="caracteristicasLugar_informePolicial_FK">
<createdBy>H3C4</createdBy>
<createdTime>2022-06-22 05:09:00 UTC</createdTime>
<generatorID>DC4D0581-32F7-29CD-A30F-0294CE7C6D56</generatorID>
<ownerDesignName>dbITBOY</ownerDesignName>
<referredTableLongName>informePolicial</referredTableLongName>
<deleteRule>NO ACTION</deleteRule>
<referredTableID>E8F30D0C-F257-5D69-381E-A0B0A71EDDC7</referredTableID>
<keyObject>5F322C3E-AD4E-993E-D629-5E89FF325F00</keyObject>
<referredKeyID>5F322C3E-AD4E-993E-D629-5E89FF325F00</referredKeyID>
<mandatory>true</mandatory>
<refColNames>id_informe,ITBOY_id_casoAccidente</refColNames>
<transferable>true</transferable>
<rely>false</rely>
<columnDependencyConstraintGenerateInDDL>true</columnDependencyConstraintGenerateInDDL>
</FKIndexAssociation>