<?xml version = '1.0' encoding = 'UTF-8'?>
<FKIndexAssociation class="oracle.dbtools.crest.model.design.relational.FKIndexAssociation" directorySegmentName="seg_1" id="3ACB46B8-C10E-C05A-4A4C-1EA21D45BEFC" containerWithKeyObject="E1536E5A-A823-6C9C-60BB-D6223925D256" localFKIndex="BCB6BE9B-9FC5-E1D1-E8C2-C2BF28FE475E" name="embriaguezAnexo1_conductorAnexo1_FK">
<createdBy>H3C4</createdBy>
<createdTime>2022-06-22 05:09:00 UTC</createdTime>
<generatorID>C5DAF4F4-9545-8556-0B91-0C0879CE9CFF</generatorID>
<ownerDesignName>dbITBOY</ownerDesignName>
<referredTableLongName>conductorAnexo1</referredTableLongName>
<deleteRule>NO ACTION</deleteRule>
<referredTableID>9E486FD5-A678-930F-0CAE-5B413B0B59EB</referredTableID>
<keyObject>063B05E1-F07F-43BF-32DD-617FB994AA3B</keyObject>
<referredKeyID>063B05E1-F07F-43BF-32DD-617FB994AA3B</referredKeyID>
<mandatory>true</mandatory>
<refColNames>id_conductor</refColNames>
<transferable>true</transferable>
<rely>false</rely>
<columnDependencyConstraintGenerateInDDL>true</columnDependencyConstraintGenerateInDDL>
</FKIndexAssociation>