<?xml version = '1.0' encoding = 'UTF-8'?>
<FKIndexAssociation class="oracle.dbtools.crest.model.design.relational.FKIndexAssociation" directorySegmentName="seg_1" id="3F467321-1DC6-7320-08B4-DA22864131EC" containerWithKeyObject="15D9946F-E45F-61BD-AD7C-055FA1821BBA" localFKIndex="3E6CFC4B-61BD-3F8F-2B2C-BCDE1646D95B" name="claseAccidente_informePolicial_FK">
<createdBy>H3C4</createdBy>
<createdTime>2022-06-22 05:09:00 UTC</createdTime>
<generatorID>4069B051-1815-3A21-A2F6-7F99AA601AC8</generatorID>
<ownerDesignName>dbITBOY</ownerDesignName>
<referredTableLongName>informePolicial</referredTableLongName>
<deleteRule>NO ACTION</deleteRule>
<referredTableID>E8F30D0C-F257-5D69-381E-A0B0A71EDDC7</referredTableID>
<keyObject>5F322C3E-AD4E-993E-D629-5E89FF325F00</keyObject>
<referredKeyID>5F322C3E-AD4E-993E-D629-5E89FF325F00</referredKeyID>
<mandatory>true</mandatory>
<refColNames>id_informe,ITBOY_id_casoAccidente</refColNames>
<transferable>true</transferable>
<rely>false</rely>
<columnDependencyConstraintGenerateInDDL>true</columnDependencyConstraintGenerateInDDL>
</FKIndexAssociation>