<?xml version = '1.0' encoding = 'UTF-8'?>
<FKIndexAssociation class="oracle.dbtools.crest.model.design.relational.FKIndexAssociation" directorySegmentName="seg_1" id="419DFE33-3354-9313-A2EE-E691762CC8AB" containerWithKeyObject="0CC28E78-F1CD-4978-7D60-FA256FA7381C" localFKIndex="38BF5F0E-9D83-A756-2089-52CA2B5F02BF" name="correspondioCroquis_croquis_FK">
<createdBy>H3C4</createdBy>
<createdTime>2022-06-22 05:09:00 UTC</createdTime>
<generatorID>A1C28798-7D98-1B14-7227-724E25934C70</generatorID>
<ownerDesignName>dbITBOY</ownerDesignName>
<referredTableLongName>croquis</referredTableLongName>
<deleteRule>NO ACTION</deleteRule>
<referredTableID>DF676750-A43C-C424-32CD-9D2FCE850BD5</referredTableID>
<keyObject>454B2AC6-D46E-AF52-8826-99EE7736A85E</keyObject>
<referredKeyID>454B2AC6-D46E-AF52-8826-99EE7736A85E</referredKeyID>
<mandatory>true</mandatory>
<refColNames>id_croquis,ITBOY_id_casoAccidente</refColNames>
<transferable>true</transferable>
<rely>false</rely>
<columnDependencyConstraintGenerateInDDL>true</columnDependencyConstraintGenerateInDDL>
</FKIndexAssociation>