<?xml version = '1.0' encoding = 'UTF-8'?>
<FKIndexAssociation class="oracle.dbtools.crest.model.design.relational.FKIndexAssociation" directorySegmentName="seg_1" id="49514720-AB58-7036-0FA5-65874FFFBE5B" containerWithKeyObject="91A25071-E4A0-CFFB-F791-243F96C2865F" localFKIndex="771AC2B5-116F-4CF8-71D6-544CF7E2AD41" name="estado_via2_FK">
<createdBy>H3C4</createdBy>
<createdTime>2022-06-22 05:09:00 UTC</createdTime>
<generatorID>F633D8F7-E5B3-0646-6F9B-B09508B80221</generatorID>
<ownerDesignName>dbITBOY</ownerDesignName>
<referredTableLongName>via2</referredTableLongName>
<deleteRule>NO ACTION</deleteRule>
<referredTableID>110BA952-E231-5230-9EEC-13FEA77F0F89</referredTableID>
<keyObject>5177FA37-9347-DDD0-0A72-4FE2497EAAA9</keyObject>
<referredKeyID>5177FA37-9347-DDD0-0A72-4FE2497EAAA9</referredKeyID>
<mandatory>true</mandatory>
<refColNames>id_caracVia2</refColNames>
<transferable>true</transferable>
<rely>false</rely>
<columnDependencyConstraintGenerateInDDL>true</columnDependencyConstraintGenerateInDDL>
</FKIndexAssociation>