<?xml version = '1.0' encoding = 'UTF-8'?>
<FKIndexAssociation class="oracle.dbtools.crest.model.design.relational.FKIndexAssociation" directorySegmentName="seg_1" id="578D2987-DCC6-6745-D9C9-6463D7833D01" containerWithKeyObject="9E486FD5-A678-930F-0CAE-5B413B0B59EB" localFKIndex="9530BC7C-E9AD-B1EC-2631-2D19EB326CCE" name="conductorAnexo1_ConductoresVehiculosPropietariosAnexo1_FK">
<createdBy>H3C4</createdBy>
<createdTime>2022-06-22 05:09:00 UTC</createdTime>
<generatorID>01EB4B1D-7C79-DDBC-57D6-27B159C7646A</generatorID>
<ownerDesignName>dbITBOY</ownerDesignName>
<referredTableLongName>ConductoresVehiculosPropietariosAnexo1</referredTableLongName>
<deleteRule>NO ACTION</deleteRule>
<referredTableID>4ECE15CC-07B3-A824-6FE3-3DA88A82F304</referredTableID>
<keyObject>36EFA1D2-C93F-9E26-4A45-792C6F3710C9</keyObject>
<referredKeyID>36EFA1D2-C93F-9E26-4A45-792C6F3710C9</referredKeyID>
<mandatory>true</mandatory>
<refColNames>id_ConductoresVehiculosPropietarios</refColNames>
<transferable>true</transferable>
<rely>false</rely>
<columnDependencyConstraintGenerateInDDL>true</columnDependencyConstraintGenerateInDDL>
</FKIndexAssociation>