<?xml version = '1.0' encoding = 'UTF-8'?>
<FKIndexAssociation class="oracle.dbtools.crest.model.design.relational.FKIndexAssociation" directorySegmentName="seg_1" id="5C4948C8-AABF-737A-D184-A9734C887EEE" containerWithKeyObject="B4CCF1B7-87A1-2C05-4721-0558AC26C385" localFKIndex="3AE29896-95CA-04CC-072B-36FE59D69F52" name="DatosQuienConoceAccidente_anexo1_FK">
<createdBy>H3C4</createdBy>
<createdTime>2022-06-22 05:09:00 UTC</createdTime>
<generatorID>763CAC83-8168-63F1-F285-20DE450C02EA</generatorID>
<ownerDesignName>dbITBOY</ownerDesignName>
<referredTableLongName>anexo1</referredTableLongName>
<deleteRule>NO ACTION</deleteRule>
<referredTableID>A0AECE08-50DB-D504-6BB9-02E17A73DB35</referredTableID>
<keyObject>C4C42657-F330-B015-BE33-0C5425C11961</keyObject>
<referredKeyID>C4C42657-F330-B015-BE33-0C5425C11961</referredKeyID>
<mandatory>true</mandatory>
<refColNames>id_anexo1,ITBOY_id_casoAccidente</refColNames>
<transferable>true</transferable>
<rely>false</rely>
<columnDependencyConstraintGenerateInDDL>true</columnDependencyConstraintGenerateInDDL>
</FKIndexAssociation>