<?xml version = '1.0' encoding = 'UTF-8'?>
<FKIndexAssociation class="oracle.dbtools.crest.model.design.relational.FKIndexAssociation" directorySegmentName="seg_1" id="6556906A-1B1B-B904-8C23-651FEC2B943E" containerWithKeyObject="A0AECE08-50DB-D504-6BB9-02E17A73DB35" localFKIndex="ED5B8286-1484-84E6-9EC8-F0FA6D9E7CA7" name="anexo1_ITBOY_FK">
<createdBy>H3C4</createdBy>
<createdTime>2022-06-22 05:09:00 UTC</createdTime>
<generatorID>6957403C-A3DE-754D-B2A7-FE372B1F078A</generatorID>
<ownerDesignName>dbITBOY</ownerDesignName>
<referredTableLongName>ITBOY</referredTableLongName>
<deleteRule>NO ACTION</deleteRule>
<referredTableID>5119F1D8-C015-071E-C35C-551FA6A709D6</referredTableID>
<keyObject>D52A02E3-0253-03EA-1D3A-9A290CC3245F</keyObject>
<referredKeyID>D52A02E3-0253-03EA-1D3A-9A290CC3245F</referredKeyID>
<mandatory>true</mandatory>
<refColNames>id_casoAccidente</refColNames>
<transferable>true</transferable>
<rely>false</rely>
<columnDependencyConstraintGenerateInDDL>true</columnDependencyConstraintGenerateInDDL>
</FKIndexAssociation>