<?xml version = '1.0' encoding = 'UTF-8'?>
<FKIndexAssociation class="oracle.dbtools.crest.model.design.relational.FKIndexAssociation" directorySegmentName="seg_1" id="6B40C5A1-B458-32E7-00E6-D26C0222B214" containerWithKeyObject="4872FCEE-ADBF-2DB4-CD80-2AB18C78F496" localFKIndex="B9B2AE45-6E89-6012-E0F3-E127434053D5" name="diseño_caracteristicasLugar_FK">
<createdBy>H3C4</createdBy>
<createdTime>2022-06-22 05:09:00 UTC</createdTime>
<generatorID>C62AF133-AF84-D664-D038-4DFB85129635</generatorID>
<ownerDesignName>dbITBOY</ownerDesignName>
<referredTableLongName>caracteristicasLugar</referredTableLongName>
<deleteRule>NO ACTION</deleteRule>
<referredTableID>8E6BD906-C899-8F55-0D6F-A5F85293FB1E</referredTableID>
<keyObject>FF6BFEDF-004E-6DB6-5628-7F058BE6C9D9</keyObject>
<referredKeyID>FF6BFEDF-004E-6DB6-5628-7F058BE6C9D9</referredKeyID>
<mandatory>true</mandatory>
<refColNames>id_caracLugar</refColNames>
<transferable>true</transferable>
<rely>false</rely>
<columnDependencyConstraintGenerateInDDL>true</columnDependencyConstraintGenerateInDDL>
</FKIndexAssociation>