<?xml version = '1.0' encoding = 'UTF-8'?>
<FKIndexAssociation class="oracle.dbtools.crest.model.design.relational.FKIndexAssociation" directorySegmentName="seg_1" id="6F1248AB-7161-F4CF-91D3-B6A9828B76BE" containerWithKeyObject="F5235A04-B942-C430-A0EF-843272CA843B" localFKIndex="E0D87D5C-0167-67FC-0BF1-029F67744965" name="embriaguez_conductor_FK">
<createdBy>H3C4</createdBy>
<createdTime>2022-06-22 05:09:00 UTC</createdTime>
<generatorID>0BED5BF2-FBCE-5EFA-5F13-4CDE9A624E08</generatorID>
<ownerDesignName>dbITBOY</ownerDesignName>
<referredTableLongName>conductor</referredTableLongName>
<deleteRule>NO ACTION</deleteRule>
<referredTableID>1252F5FD-6F12-2B8E-8E83-2446664779B7</referredTableID>
<keyObject>09B0C5E3-8AD8-862C-FCC4-2706F838EB02</keyObject>
<referredKeyID>09B0C5E3-8AD8-862C-FCC4-2706F838EB02</referredKeyID>
<mandatory>true</mandatory>
<refColNames>id_conductor</refColNames>
<transferable>true</transferable>
<rely>false</rely>
<columnDependencyConstraintGenerateInDDL>true</columnDependencyConstraintGenerateInDDL>
</FKIndexAssociation>