<?xml version = '1.0' encoding = 'UTF-8'?>
<FKIndexAssociation class="oracle.dbtools.crest.model.design.relational.FKIndexAssociation" directorySegmentName="seg_1" id="74C9F52B-8835-7687-C120-5D4600CF392A" containerWithKeyObject="9EEFF8BA-B5C6-14D2-D062-1D6F153A7DE4" localFKIndex="709DD94F-D31D-CCE8-6B31-C87689D7E635" name="condiciones_via1_FK">
<createdBy>H3C4</createdBy>
<createdTime>2022-06-22 05:09:00 UTC</createdTime>
<generatorID>BBA53332-B17B-A8CE-EA70-87061C6E1C31</generatorID>
<ownerDesignName>dbITBOY</ownerDesignName>
<referredTableLongName>via1</referredTableLongName>
<deleteRule>NO ACTION</deleteRule>
<referredTableID>A4538B5B-A960-B99F-07B5-D1F55D0153C7</referredTableID>
<keyObject>17071A88-28AF-9E86-4BF6-3AA57EDC73F8</keyObject>
<referredKeyID>17071A88-28AF-9E86-4BF6-3AA57EDC73F8</referredKeyID>
<mandatory>true</mandatory>
<refColNames>id_caracVia1</refColNames>
<transferable>true</transferable>
<rely>false</rely>
<columnDependencyConstraintGenerateInDDL>true</columnDependencyConstraintGenerateInDDL>
</FKIndexAssociation>