<?xml version = '1.0' encoding = 'UTF-8'?>
<FKIndexAssociation class="oracle.dbtools.crest.model.design.relational.FKIndexAssociation" directorySegmentName="seg_1" id="7B82EA82-99F2-152D-9DB0-8E121A7FF2A0" containerWithKeyObject="CB5B07B1-83CD-F919-3850-9F600C71975F" localFKIndex="3AA6A0C5-476C-0508-CFC7-A856271D78F2" name="delineadorPiso_controlesTransito_FK">
<createdBy>H3C4</createdBy>
<createdTime>2022-06-22 05:09:00 UTC</createdTime>
<generatorID>F63D13C6-3FD5-0AE2-DC6B-A5249C07AE2D</generatorID>
<ownerDesignName>dbITBOY</ownerDesignName>
<referredTableLongName>controlesTransito</referredTableLongName>
<deleteRule>NO ACTION</deleteRule>
<referredTableID>6D92CEBC-AA1F-E199-7942-ECD93D6A5E01</referredTableID>
<keyObject>D309FF48-F5B1-58EF-225D-09735CCC2D2B</keyObject>
<referredKeyID>D309FF48-F5B1-58EF-225D-09735CCC2D2B</referredKeyID>
<mandatory>true</mandatory>
<refColNames>id_controlesTransito</refColNames>
<transferable>true</transferable>
<rely>false</rely>
<columnDependencyConstraintGenerateInDDL>true</columnDependencyConstraintGenerateInDDL>
</FKIndexAssociation>