<?xml version = '1.0' encoding = 'UTF-8'?>
<FKIndexAssociation class="oracle.dbtools.crest.model.design.relational.FKIndexAssociation" directorySegmentName="seg_1" id="7D742744-CBE7-2106-2619-5664DABC8928" containerWithKeyObject="3EC5176D-1B1C-69E5-EF34-B0AAAC627017" localFKIndex="71BD2BA0-3702-6A22-D18C-39221C4D43F4" name="examenAnexo1_conductorAnexo1_FK">
<createdBy>H3C4</createdBy>
<createdTime>2022-06-22 05:09:00 UTC</createdTime>
<generatorID>ADDB444B-95C1-CE9C-B07D-AFA4D7977AE5</generatorID>
<ownerDesignName>dbITBOY</ownerDesignName>
<referredTableLongName>conductorAnexo1</referredTableLongName>
<deleteRule>NO ACTION</deleteRule>
<referredTableID>9E486FD5-A678-930F-0CAE-5B413B0B59EB</referredTableID>
<keyObject>063B05E1-F07F-43BF-32DD-617FB994AA3B</keyObject>
<referredKeyID>063B05E1-F07F-43BF-32DD-617FB994AA3B</referredKeyID>
<mandatory>true</mandatory>
<refColNames>id_conductor</refColNames>
<transferable>true</transferable>
<rely>false</rely>
<columnDependencyConstraintGenerateInDDL>true</columnDependencyConstraintGenerateInDDL>
</FKIndexAssociation>