<?xml version = '1.0' encoding = 'UTF-8'?>
<FKIndexAssociation class="oracle.dbtools.crest.model.design.relational.FKIndexAssociation" directorySegmentName="seg_1" id="7E4EE806-7E2E-C784-254B-C4FE1824A075" containerWithKeyObject="50C5E0ED-BD5A-80C7-D1CD-0D4DDEDA1571" localFKIndex="889819AB-2973-D13F-35DA-765B8C139AC8" name="carriles_via2_FK">
<createdBy>H3C4</createdBy>
<createdTime>2022-06-22 05:09:00 UTC</createdTime>
<generatorID>8C43CB8A-7E4B-D9EA-0E35-97CA5B3B188C</generatorID>
<ownerDesignName>dbITBOY</ownerDesignName>
<referredTableLongName>via2</referredTableLongName>
<deleteRule>NO ACTION</deleteRule>
<referredTableID>110BA952-E231-5230-9EEC-13FEA77F0F89</referredTableID>
<keyObject>5177FA37-9347-DDD0-0A72-4FE2497EAAA9</keyObject>
<referredKeyID>5177FA37-9347-DDD0-0A72-4FE2497EAAA9</referredKeyID>
<mandatory>true</mandatory>
<refColNames>id_caracVia2</refColNames>
<transferable>true</transferable>
<rely>false</rely>
<columnDependencyConstraintGenerateInDDL>true</columnDependencyConstraintGenerateInDDL>
</FKIndexAssociation>