<?xml version = '1.0' encoding = 'UTF-8'?>
<FKIndexAssociation class="oracle.dbtools.crest.model.design.relational.FKIndexAssociation" directorySegmentName="seg_1" id="7F7B1402-1F9F-ABE6-1FFE-0893D0F363BB" containerWithKeyObject="477CCF10-3996-FAD6-52A2-71D5B397517A" localFKIndex="CDC2544A-6B46-7DB0-A7DA-076963E2BE3D" name="DatosQuienConoceAccidenteCroquis_croquis_FK">
<createdBy>H3C4</createdBy>
<createdTime>2022-06-22 05:09:00 UTC</createdTime>
<generatorID>F009A5E3-2D23-34F9-C59D-7D04A89829E1</generatorID>
<ownerDesignName>dbITBOY</ownerDesignName>
<referredTableLongName>croquis</referredTableLongName>
<deleteRule>NO ACTION</deleteRule>
<referredTableID>DF676750-A43C-C424-32CD-9D2FCE850BD5</referredTableID>
<keyObject>454B2AC6-D46E-AF52-8826-99EE7736A85E</keyObject>
<referredKeyID>454B2AC6-D46E-AF52-8826-99EE7736A85E</referredKeyID>
<mandatory>true</mandatory>
<refColNames>id_croquis,ITBOY_id_casoAccidente</refColNames>
<transferable>true</transferable>
<rely>false</rely>
<columnDependencyConstraintGenerateInDDL>true</columnDependencyConstraintGenerateInDDL>
</FKIndexAssociation>