<?xml version = '1.0' encoding = 'UTF-8'?>
<FKIndexAssociation class="oracle.dbtools.crest.model.design.relational.FKIndexAssociation" directorySegmentName="seg_1" id="8ABD713F-6773-2F58-D43A-F354CB9A4270" containerWithKeyObject="50C5E0ED-BD5A-80C7-D1CD-0D4DDEDA1571" localFKIndex="14D09821-EFF0-663F-F76D-7D260BFEFF7D" name="carriles_via1_FK">
<createdBy>H3C4</createdBy>
<createdTime>2022-06-22 05:09:00 UTC</createdTime>
<generatorID>8BA9CBD6-CCB9-1BAC-0586-59A175EAC4B5</generatorID>
<ownerDesignName>dbITBOY</ownerDesignName>
<referredTableLongName>via1</referredTableLongName>
<deleteRule>NO ACTION</deleteRule>
<referredTableID>A4538B5B-A960-B99F-07B5-D1F55D0153C7</referredTableID>
<keyObject>17071A88-28AF-9E86-4BF6-3AA57EDC73F8</keyObject>
<referredKeyID>17071A88-28AF-9E86-4BF6-3AA57EDC73F8</referredKeyID>
<mandatory>true</mandatory>
<refColNames>id_caracVia1</refColNames>
<transferable>true</transferable>
<rely>false</rely>
<columnDependencyConstraintGenerateInDDL>true</columnDependencyConstraintGenerateInDDL>
</FKIndexAssociation>