<?xml version = '1.0' encoding = 'UTF-8'?>
<FKIndexAssociation class="oracle.dbtools.crest.model.design.relational.FKIndexAssociation" directorySegmentName="seg_1" id="ACCFD3E7-BEBF-53DC-5878-14F483403BB9" containerWithKeyObject="8A0BF9DC-19AB-FC86-E122-F09B59EDCDE9" localFKIndex="C75D169D-0490-9878-764B-5879C19B54A0" name="area_caracteristicasLugar_FK">
<createdBy>H3C4</createdBy>
<createdTime>2022-06-22 05:09:00 UTC</createdTime>
<generatorID>CC35FB6A-F076-36A9-2AE2-62B4A9FA884C</generatorID>
<ownerDesignName>dbITBOY</ownerDesignName>
<referredTableLongName>caracteristicasLugar</referredTableLongName>
<deleteRule>NO ACTION</deleteRule>
<referredTableID>8E6BD906-C899-8F55-0D6F-A5F85293FB1E</referredTableID>
<keyObject>FF6BFEDF-004E-6DB6-5628-7F058BE6C9D9</keyObject>
<referredKeyID>FF6BFEDF-004E-6DB6-5628-7F058BE6C9D9</referredKeyID>
<mandatory>true</mandatory>
<refColNames>id_caracLugar</refColNames>
<transferable>true</transferable>
<rely>false</rely>
<columnDependencyConstraintGenerateInDDL>true</columnDependencyConstraintGenerateInDDL>
</FKIndexAssociation>