<?xml version = '1.0' encoding = 'UTF-8'?>
<FKIndexAssociation class="oracle.dbtools.crest.model.design.relational.FKIndexAssociation" directorySegmentName="seg_1" id="B1C88BFF-250B-E436-1D9B-2F2C1451D7F1" containerWithKeyObject="6D92CEBC-AA1F-E199-7942-ECD93D6A5E01" localFKIndex="0036F5A7-7735-5C16-5E5E-88D1A2B58AEB" name="controlesTransito_via1_FK">
<createdBy>H3C4</createdBy>
<createdTime>2022-06-22 05:09:00 UTC</createdTime>
<generatorID>8D449D99-52E5-E0C5-7D5E-3A86E5D18D7C</generatorID>
<ownerDesignName>dbITBOY</ownerDesignName>
<referredTableLongName>via1</referredTableLongName>
<deleteRule>NO ACTION</deleteRule>
<referredTableID>A4538B5B-A960-B99F-07B5-D1F55D0153C7</referredTableID>
<keyObject>17071A88-28AF-9E86-4BF6-3AA57EDC73F8</keyObject>
<referredKeyID>17071A88-28AF-9E86-4BF6-3AA57EDC73F8</referredKeyID>
<mandatory>true</mandatory>
<refColNames>id_caracVia1</refColNames>
<transferable>true</transferable>
<rely>false</rely>
<columnDependencyConstraintGenerateInDDL>true</columnDependencyConstraintGenerateInDDL>
</FKIndexAssociation>