<?xml version = '1.0' encoding = 'UTF-8'?>
<FKIndexAssociation class="oracle.dbtools.crest.model.design.relational.FKIndexAssociation" directorySegmentName="seg_1" id="BDF1082C-712C-E811-5CD1-23E6BC902470" containerWithKeyObject="14708B5C-C7CB-76D9-BAAB-C105366001E2" localFKIndex="EAB27C74-094A-C674-BC72-2E3799A25D8A" name="correspondioAnexo2_anexo2_FK">
<createdBy>H3C4</createdBy>
<createdTime>2022-06-22 05:09:00 UTC</createdTime>
<generatorID>22319CEE-3B53-60BC-0E35-B328F1FEC98C</generatorID>
<ownerDesignName>dbITBOY</ownerDesignName>
<referredTableLongName>anexo2</referredTableLongName>
<deleteRule>NO ACTION</deleteRule>
<referredTableID>513BE12B-4EBA-FD02-BD20-753D812F31D0</referredTableID>
<keyObject>743963A5-BF4F-4F40-E43F-940ABD954E1F</keyObject>
<referredKeyID>743963A5-BF4F-4F40-E43F-940ABD954E1F</referredKeyID>
<mandatory>true</mandatory>
<refColNames>id_anexo2,ITBOY_id_casoAccidente</refColNames>
<transferable>true</transferable>
<rely>false</rely>
<columnDependencyConstraintGenerateInDDL>true</columnDependencyConstraintGenerateInDDL>
</FKIndexAssociation>