<?xml version = '1.0' encoding = 'UTF-8'?>
<FKIndexAssociation class="oracle.dbtools.crest.model.design.relational.FKIndexAssociation" directorySegmentName="seg_1" id="C70EDCD1-EFAD-B381-DE04-775E3A14C378" containerWithKeyObject="3ED5AC97-3038-FC6E-1189-870D19081CBE" localFKIndex="0901E893-1F20-AB2D-9D7D-34398EBEB385" name="embriaguezVictima_detallesVictima_FK">
<createdBy>H3C4</createdBy>
<createdTime>2022-06-22 05:09:00 UTC</createdTime>
<generatorID>3E3305B6-EEB4-2CD7-DEA0-2693C78ABC45</generatorID>
<ownerDesignName>dbITBOY</ownerDesignName>
<referredTableLongName>detallesVictima</referredTableLongName>
<deleteRule>NO ACTION</deleteRule>
<referredTableID>C140EEE3-21D2-447F-24A2-8E754098450D</referredTableID>
<keyObject>A1CE5051-3E76-DCC9-32F8-F965624F1644</keyObject>
<referredKeyID>A1CE5051-3E76-DCC9-32F8-F965624F1644</referredKeyID>
<mandatory>true</mandatory>
<refColNames>id_victimaDetalles</refColNames>
<transferable>true</transferable>
<rely>false</rely>
<columnDependencyConstraintGenerateInDDL>true</columnDependencyConstraintGenerateInDDL>
</FKIndexAssociation>