<?xml version = '1.0' encoding = 'UTF-8'?>
<FKIndexAssociation class="oracle.dbtools.crest.model.design.relational.FKIndexAssociation" directorySegmentName="seg_1" id="D0A79B96-70C9-9E13-BE8F-D5BBD1BFA77B" containerWithKeyObject="4ECE15CC-07B3-A824-6FE3-3DA88A82F304" localFKIndex="A17ECB3C-C5CD-D185-CAC7-64A2958E956E" name="ConductoresVehiculosPropietariosAnexo1_anexo1_FK">
<createdBy>H3C4</createdBy>
<createdTime>2022-06-22 05:09:00 UTC</createdTime>
<generatorID>7F92712C-E714-084C-F02A-1129A615486D</generatorID>
<ownerDesignName>dbITBOY</ownerDesignName>
<referredTableLongName>anexo1</referredTableLongName>
<deleteRule>NO ACTION</deleteRule>
<referredTableID>A0AECE08-50DB-D504-6BB9-02E17A73DB35</referredTableID>
<keyObject>C4C42657-F330-B015-BE33-0C5425C11961</keyObject>
<referredKeyID>C4C42657-F330-B015-BE33-0C5425C11961</referredKeyID>
<mandatory>true</mandatory>
<refColNames>id_anexo1,ITBOY_id_casoAccidente</refColNames>
<transferable>true</transferable>
<rely>false</rely>
<columnDependencyConstraintGenerateInDDL>true</columnDependencyConstraintGenerateInDDL>
</FKIndexAssociation>