<?xml version = '1.0' encoding = 'UTF-8'?>
<FKIndexAssociation class="oracle.dbtools.crest.model.design.relational.FKIndexAssociation" directorySegmentName="seg_1" id="DAA77F5E-2621-66E3-8094-919B65981EC4" containerWithKeyObject="08B61A8D-1C21-F7B1-4252-07597814DBE7" localFKIndex="FA0AD4E7-FFC9-2537-D8B5-25EC14CE2D86" name="calzadas_via2_FK">
<createdBy>H3C4</createdBy>
<createdTime>2022-06-22 05:09:00 UTC</createdTime>
<generatorID>8608AED3-6B31-9FCA-1115-F0EE5179E3C4</generatorID>
<ownerDesignName>dbITBOY</ownerDesignName>
<referredTableLongName>via2</referredTableLongName>
<deleteRule>NO ACTION</deleteRule>
<referredTableID>110BA952-E231-5230-9EEC-13FEA77F0F89</referredTableID>
<keyObject>5177FA37-9347-DDD0-0A72-4FE2497EAAA9</keyObject>
<referredKeyID>5177FA37-9347-DDD0-0A72-4FE2497EAAA9</referredKeyID>
<mandatory>true</mandatory>
<refColNames>id_caracVia2</refColNames>
<transferable>true</transferable>
<rely>false</rely>
<columnDependencyConstraintGenerateInDDL>true</columnDependencyConstraintGenerateInDDL>
</FKIndexAssociation>