<?xml version = '1.0' encoding = 'UTF-8'?>
<FKIndexAssociation class="oracle.dbtools.crest.model.design.relational.FKIndexAssociation" directorySegmentName="seg_1" id="DB2E365A-5616-94BB-7AE7-395D6DCB2066" containerWithKeyObject="3CD6B69C-1B70-A830-651B-BBD6E2B20F2F" localFKIndex="7B0B98F9-B48D-B968-1656-D35DE8C691B8" name="examen_conductor_FK">
<createdBy>H3C4</createdBy>
<createdTime>2022-06-22 05:09:00 UTC</createdTime>
<generatorID>BAE17E69-8599-1916-CA4B-D6D3E30FA459</generatorID>
<ownerDesignName>dbITBOY</ownerDesignName>
<referredTableLongName>conductor</referredTableLongName>
<deleteRule>NO ACTION</deleteRule>
<referredTableID>1252F5FD-6F12-2B8E-8E83-2446664779B7</referredTableID>
<keyObject>09B0C5E3-8AD8-862C-FCC4-2706F838EB02</keyObject>
<referredKeyID>09B0C5E3-8AD8-862C-FCC4-2706F838EB02</referredKeyID>
<mandatory>true</mandatory>
<refColNames>id_conductor</refColNames>
<transferable>true</transferable>
<rely>false</rely>
<columnDependencyConstraintGenerateInDDL>true</columnDependencyConstraintGenerateInDDL>
</FKIndexAssociation>