<?xml version = '1.0' encoding = 'UTF-8'?>
<FKIndexAssociation class="oracle.dbtools.crest.model.design.relational.FKIndexAssociation" directorySegmentName="seg_1" id="DD3FD1C4-864A-1394-C89B-5C78AFDF2D6C" containerWithKeyObject="8F1AEFED-15E1-CD37-E534-25D997CC4E89" localFKIndex="2E44594F-FF1E-14A5-EF56-A936A74D2635" name="condicion_detallesVictima_FK">
<createdBy>H3C4</createdBy>
<createdTime>2022-06-22 05:09:00 UTC</createdTime>
<generatorID>65AD8546-F3D7-1459-EB6A-5C34A983F8A2</generatorID>
<ownerDesignName>dbITBOY</ownerDesignName>
<referredTableLongName>detallesVictima</referredTableLongName>
<deleteRule>NO ACTION</deleteRule>
<referredTableID>C140EEE3-21D2-447F-24A2-8E754098450D</referredTableID>
<keyObject>A1CE5051-3E76-DCC9-32F8-F965624F1644</keyObject>
<referredKeyID>A1CE5051-3E76-DCC9-32F8-F965624F1644</referredKeyID>
<mandatory>true</mandatory>
<refColNames>id_victimaDetalles</refColNames>
<transferable>true</transferable>
<rely>false</rely>
<columnDependencyConstraintGenerateInDDL>true</columnDependencyConstraintGenerateInDDL>
</FKIndexAssociation>