<?xml version = '1.0' encoding = 'UTF-8'?>
<FKIndexAssociation class="oracle.dbtools.crest.model.design.relational.FKIndexAssociation" directorySegmentName="seg_1" id="DFAD219B-21A8-588A-4B30-5C506EFFFD20" containerWithKeyObject="8330B2BD-34D0-73CC-6F2F-F25975D1F506" localFKIndex="B35DE9BB-9695-938B-85DF-9676CBD837C1" name="caracteristicasVia_informePolicial_FK">
<createdBy>H3C4</createdBy>
<createdTime>2022-06-22 05:09:00 UTC</createdTime>
<generatorID>8EFD8879-E5F2-0D60-6E75-729D92977D1D</generatorID>
<ownerDesignName>dbITBOY</ownerDesignName>
<referredTableLongName>informePolicial</referredTableLongName>
<deleteRule>NO ACTION</deleteRule>
<referredTableID>E8F30D0C-F257-5D69-381E-A0B0A71EDDC7</referredTableID>
<keyObject>5F322C3E-AD4E-993E-D629-5E89FF325F00</keyObject>
<referredKeyID>5F322C3E-AD4E-993E-D629-5E89FF325F00</referredKeyID>
<mandatory>true</mandatory>
<refColNames>id_informe,ITBOY_id_casoAccidente</refColNames>
<transferable>true</transferable>
<rely>false</rely>
<columnDependencyConstraintGenerateInDDL>true</columnDependencyConstraintGenerateInDDL>
</FKIndexAssociation>