<?xml version = '1.0' encoding = 'UTF-8'?>
<FKIndexAssociation class="oracle.dbtools.crest.model.design.relational.FKIndexAssociation" directorySegmentName="seg_1" id="F40FC6C2-C844-4ADB-B644-02C3DBB7669E" containerWithKeyObject="AF2CE047-E6F1-7546-6454-346F4CE1F82F" localFKIndex="EC5F5E45-2346-32E5-C826-E5C85EB83AA6" name="ChoqueObjetoFijo_claseAccidente_FK">
<createdBy>H3C4</createdBy>
<createdTime>2022-06-22 05:09:00 UTC</createdTime>
<generatorID>AC9AB259-3B26-5958-A9C2-91EBDE23667A</generatorID>
<ownerDesignName>dbITBOY</ownerDesignName>
<referredTableLongName>claseAccidente</referredTableLongName>
<deleteRule>NO ACTION</deleteRule>
<referredTableID>15D9946F-E45F-61BD-AD7C-055FA1821BBA</referredTableID>
<keyObject>0EF52B31-7D8F-D93D-E92F-BF9CE3AF5115</keyObject>
<referredKeyID>0EF52B31-7D8F-D93D-E92F-BF9CE3AF5115</referredKeyID>
<mandatory>true</mandatory>
<refColNames>id_claseAccidente,informePolicial_id_informe,informePolicial_id_casoAccidente</refColNames>
<transferable>true</transferable>
<rely>false</rely>
<columnDependencyConstraintGenerateInDDL>true</columnDependencyConstraintGenerateInDDL>
</FKIndexAssociation>