<?xml version = '1.0' encoding = 'UTF-8'?>
<FKIndexAssociation class="oracle.dbtools.crest.model.design.relational.FKIndexAssociation" directorySegmentName="seg_1" id="F472F3F2-99A3-2713-CCE5-B3E1E661E2CD" containerWithKeyObject="513BE12B-4EBA-FD02-BD20-753D812F31D0" localFKIndex="60BD1D7E-7283-83EB-12D2-03E7EB39C209" name="anexo2_ITBOY_FK">
<createdBy>H3C4</createdBy>
<createdTime>2022-06-22 05:09:00 UTC</createdTime>
<generatorID>B954508D-4909-9AC2-BBD4-BFF9DD7531D6</generatorID>
<ownerDesignName>dbITBOY</ownerDesignName>
<referredTableLongName>ITBOY</referredTableLongName>
<deleteRule>NO ACTION</deleteRule>
<referredTableID>5119F1D8-C015-071E-C35C-551FA6A709D6</referredTableID>
<keyObject>D52A02E3-0253-03EA-1D3A-9A290CC3245F</keyObject>
<referredKeyID>D52A02E3-0253-03EA-1D3A-9A290CC3245F</referredKeyID>
<mandatory>true</mandatory>
<refColNames>id_casoAccidente</refColNames>
<transferable>true</transferable>
<rely>false</rely>
<columnDependencyConstraintGenerateInDDL>true</columnDependencyConstraintGenerateInDDL>
</FKIndexAssociation>