<?xml version = '1.0' encoding = 'UTF-8'?>
<FKIndexAssociation class="oracle.dbtools.crest.model.design.relational.FKIndexAssociation" directorySegmentName="seg_1" id="F5192CF3-2115-160A-AE1A-80CACDFAB3D0" containerWithKeyObject="E4F24E0C-3C7B-388F-A2AB-4AB8F5205AB3" localFKIndex="97281495-C670-F868-CD74-6E5DEEF15B6E" name="ChoqueObjeto_claseAccidente_FK">
<createdBy>H3C4</createdBy>
<createdTime>2022-06-22 05:09:00 UTC</createdTime>
<generatorID>1D0C99FC-7B8C-70DD-D5A3-D1188825BF17</generatorID>
<ownerDesignName>dbITBOY</ownerDesignName>
<referredTableLongName>claseAccidente</referredTableLongName>
<deleteRule>NO ACTION</deleteRule>
<referredTableID>15D9946F-E45F-61BD-AD7C-055FA1821BBA</referredTableID>
<keyObject>0EF52B31-7D8F-D93D-E92F-BF9CE3AF5115</keyObject>
<referredKeyID>0EF52B31-7D8F-D93D-E92F-BF9CE3AF5115</referredKeyID>
<mandatory>true</mandatory>
<refColNames>id_claseAccidente,informePolicial_id_informe,informePolicial_id_casoAccidente</refColNames>
<transferable>true</transferable>
<rely>false</rely>
<columnDependencyConstraintGenerateInDDL>true</columnDependencyConstraintGenerateInDDL>
</FKIndexAssociation>