<?xml version = '1.0' encoding = 'UTF-8'?>
<Table class="oracle.dbtools.crest.model.design.relational.Table" directorySegmentName="seg_2" id="076486A8-40D3-243D-16A0-BEBE19A82754" name="via2Croquis">
<createdBy>H3C4</createdBy>
<createdTime>2022-06-22 05:09:00 UTC</createdTime>
<generatorID>FFBD09B7-5EC1-5E39-9476-AD04A3BCE06C</generatorID>
<ownerDesignName>dbITBOY</ownerDesignName>
<allowColumnReorder>false</allowColumnReorder>
<existDependencyGenerateInDDl>true</existDependencyGenerateInDDl>
<parsed>true</parsed>
<columns itemClass="oracle.dbtools.crest.model.design.relational.Column">
<Column name="id_via2" id="DA8D1895-8C35-7735-F1B3-D4F650B02230">
<createdBy>H3C4</createdBy>
<createdTime>2022-06-22 05:09:00 UTC</createdTime>
<generatorID>013A52C2-09B8-84B3-043C-A02DBEC7427E</generatorID>
<ownerDesignName>dbITBOY</ownerDesignName>
<useDomainConstraints>false</useDomainConstraints>
<use>1</use>
<logicalDatatype>LOGDT011</logicalDatatype>
<ownDataTypeParameters>,,</ownDataTypeParameters>
<autoIncrementCycle>false</autoIncrementCycle>
</Column>
<Column name="radio" id="4785412F-BE23-5F79-3933-92A200BC1623">
<createdBy>H3C4</createdBy>
<createdTime>2022-06-22 05:09:00 UTC</createdTime>
<generatorID>8BD55588-B9E9-8A61-2D54-E2EE24909F75</generatorID>
<ownerDesignName>dbITBOY</ownerDesignName>
<nullsAllowed>true</nullsAllowed>
<useDomainConstraints>false</useDomainConstraints>
<use>1</use>
<logicalDatatype>LOGDT020</logicalDatatype>
<ownDataTypeParameters>,,</ownDataTypeParameters>
<autoIncrementCycle>false</autoIncrementCycle>
</Column>
<Column name="peralte" id="482F6F91-AD1C-F14D-535B-4D49773E27C2">
<createdBy>H3C4</createdBy>
<createdTime>2022-06-22 05:09:00 UTC</createdTime>
<generatorID>336062F9-7784-B7DA-0F53-A5AFB5A3C19D</generatorID>
<ownerDesignName>dbITBOY</ownerDesignName>
<nullsAllowed>true</nullsAllowed>
<useDomainConstraints>false</useDomainConstraints>
<use>1</use>
<logicalDatatype>LOGDT020</logicalDatatype>
<ownDataTypeParameters>,,</ownDataTypeParameters>
<autoIncrementCycle>false</autoIncrementCycle>
</Column>
<Column name="pendiente" id="0154D1E9-FFA1-0C4D-960D-B73212B405A6">
<createdBy>H3C4</createdBy>
<createdTime>2022-06-22 05:09:00 UTC</createdTime>
<generatorID>142F2646-BD90-B24B-8BC0-B9E5411D68C6</generatorID>
<ownerDesignName>dbITBOY</ownerDesignName>
<nullsAllowed>true</nullsAllowed>
<useDomainConstraints>false</useDomainConstraints>
<use>1</use>
<logicalDatatype>LOGDT020</logicalDatatype>
<ownDataTypeParameters>,,</ownDataTypeParameters>
<autoIncrementCycle>false</autoIncrementCycle>
</Column>
<Column name="croquis_id_croquis" id="2BC00741-5EFB-A6BF-684E-DC78CB6DDC57">
<createdBy>H3C4</createdBy>
<createdTime>2022-06-22 05:09:00 UTC</createdTime>
<generatorID>E04FEF09-AC4C-231C-0BEA-349621B3C3E1</generatorID>
<ownerDesignName>dbITBOY</ownerDesignName>
<useDomainConstraints>false</useDomainConstraints>
<use>1</use>
<logicalDatatype>LOGDT011</logicalDatatype>
<ownDataTypeParameters>,,</ownDataTypeParameters>
<previousColumn>false</previousColumn>
<autoIncrementCycle>false</autoIncrementCycle>
<associations>
<colAssociation fkAssociation="A379564F-DCB7-6619-B4A1-81964840ED21" referredColumn="B9D8BE57-6E4D-4B56-611C-4BA4E344666D"/>
</associations>
</Column>
<Column name="croquis_id_casoAccidente" id="0E0F407F-EC3C-14E7-2931-887BB01EC0BF">
<createdBy>H3C4</createdBy>
<createdTime>2022-06-22 05:09:00 UTC</createdTime>
<generatorID>C2511019-09D9-46AE-9649-6B30120A467C</generatorID>
<ownerDesignName>dbITBOY</ownerDesignName>
<useDomainConstraints>false</useDomainConstraints>
<use>1</use>
<logicalDatatype>LOGDT019</logicalDatatype>
<ownDataTypeParameters>,,</ownDataTypeParameters>
<previousColumn>false</previousColumn>
<autoIncrementCycle>false</autoIncrementCycle>
<associations>
<colAssociation fkAssociation="A379564F-DCB7-6619-B4A1-81964840ED21" referredColumn="FCF81A68-CB87-388D-ED4F-C5BE2DA5CB2C"/>
</associations>
</Column>
</columns>
<indexes itemClass="oracle.dbtools.crest.model.design.relational.Index">
<ind_PK_UK id="F867C35A-DB40-DA33-6DD5-AC55E36E7B50" name="via2Croquis_PK">
<createdBy>H3C4</createdBy>
<createdTime>2022-06-22 05:09:00 UTC</createdTime>
<generatorID>9339AAC3-A6B0-7B3D-376A-94C8E08EC3CB</generatorID>
<ownerDesignName>dbITBOY</ownerDesignName>
<pk>true</pk>
<indexState>Primary Constraint</indexState>
<isSurrogateKey>false</isSurrogateKey>
<indexColumnUsage>
<colUsage columnID="DA8D1895-8C35-7735-F1B3-D4F650B02230"/>
</indexColumnUsage>
</ind_PK_UK>
<ind_PK_UK id="F2A29549-8C2D-0761-6F78-5545E4ED75E9" name="via2Croquis__IDX">
<createdBy>H3C4</createdBy>
<createdTime>2022-06-22 05:09:00 UTC</createdTime>
<ownerDesignName>dbITBOY</ownerDesignName>
<indexState>Unique Plain Index</indexState>
<isSurrogateKey>false</isSurrogateKey>
<relationGeneratorID>A1EC59DB-A339-2142-A2E6-B8B63D32F6C4</relationGeneratorID>
<indexColumnUsage>
<colUsage columnID="2BC00741-5EFB-A6BF-684E-DC78CB6DDC57"/>
<colUsage columnID="0E0F407F-EC3C-14E7-2931-887BB01EC0BF"/>
</indexColumnUsage>
</ind_PK_UK>
<ind_PK_UK id="1FFC145E-1D15-1495-8F03-2066EA8A86D5" name="via2Croquis_croquis_FK">
<createdBy>H3C4</createdBy>
<createdTime>2022-06-22 05:09:00 UTC</createdTime>
<generatorID>A1EC59DB-A339-2142-A2E6-B8B63D32F6C4</generatorID>
<ownerDesignName>dbITBOY</ownerDesignName>
<indexState>Foreign Key</indexState>
<isSurrogateKey>false</isSurrogateKey>
<indexColumnUsage>
<colUsage columnID="2BC00741-5EFB-A6BF-684E-DC78CB6DDC57"/>
<colUsage columnID="0E0F407F-EC3C-14E7-2931-887BB01EC0BF"/>
</indexColumnUsage>
</ind_PK_UK>
</indexes>
</Table>