<?xml version = '1.0' encoding = 'UTF-8'?>
<Table class="oracle.dbtools.crest.model.design.relational.Table" directorySegmentName="seg_2" id="110BA952-E231-5230-9EEC-13FEA77F0F89" name="via2">
<createdBy>H3C4</createdBy>
<createdTime>2022-06-22 05:09:00 UTC</createdTime>
<generatorID>EB7D5B84-CC3C-46D7-B147-9B9FDE83B04F</generatorID>
<ownerDesignName>dbITBOY</ownerDesignName>
<allowColumnReorder>false</allowColumnReorder>
<existDependencyGenerateInDDl>true</existDependencyGenerateInDDl>
<parsed>true</parsed>
<columns itemClass="oracle.dbtools.crest.model.design.relational.Column">
<Column name="id_caracVia2" id="760E4E4C-6519-2CF0-BBC1-92E3D3AD08FB">
<createdBy>H3C4</createdBy>
<createdTime>2022-06-22 05:09:00 UTC</createdTime>
<generatorID>A9AC639E-C5B1-73EC-DF51-9BC07A047536</generatorID>
<ownerDesignName>dbITBOY</ownerDesignName>
<useDomainConstraints>false</useDomainConstraints>
<use>1</use>
<logicalDatatype>LOGDT011</logicalDatatype>
<ownDataTypeParameters>,,</ownDataTypeParameters>
<autoIncrementCycle>false</autoIncrementCycle>
</Column>
<Column name="caracteristicasVia_id_caracVia" id="6D4041FA-753A-B4F9-BF24-6CB676AA421A">
<createdBy>H3C4</createdBy>
<createdTime>2022-06-22 05:09:00 UTC</createdTime>
<generatorID>F23A21C8-D091-D699-E255-4848DF55695C</generatorID>
<ownerDesignName>dbITBOY</ownerDesignName>
<useDomainConstraints>false</useDomainConstraints>
<use>1</use>
<logicalDatatype>LOGDT011</logicalDatatype>
<ownDataTypeParameters>,,</ownDataTypeParameters>
<previousColumn>false</previousColumn>
<autoIncrementCycle>false</autoIncrementCycle>
<associations>
<colAssociation fkAssociation="8DE8091D-5221-F4FF-7383-74577E2AF164" referredColumn="0ABE4661-235A-724E-A400-214DA3F15CCC"/>
</associations>
</Column>
</columns>
<indexes itemClass="oracle.dbtools.crest.model.design.relational.Index">
<ind_PK_UK id="5177FA37-9347-DDD0-0A72-4FE2497EAAA9" name="via2_PK">
<createdBy>H3C4</createdBy>
<createdTime>2022-06-22 05:09:00 UTC</createdTime>
<generatorID>8EFCC78F-BEAB-3D83-EE31-2474827DF537</generatorID>
<ownerDesignName>dbITBOY</ownerDesignName>
<pk>true</pk>
<indexState>Primary Constraint</indexState>
<isSurrogateKey>false</isSurrogateKey>
<indexColumnUsage>
<colUsage columnID="760E4E4C-6519-2CF0-BBC1-92E3D3AD08FB"/>
</indexColumnUsage>
</ind_PK_UK>
<ind_PK_UK id="E827F04B-BCA5-36A8-F95B-AF522F48CC7B" name="via2__IDX">
<createdBy>H3C4</createdBy>
<createdTime>2022-06-22 05:09:00 UTC</createdTime>
<ownerDesignName>dbITBOY</ownerDesignName>
<indexState>Unique Plain Index</indexState>
<isSurrogateKey>false</isSurrogateKey>
<relationGeneratorID>EC4F7A8D-60F9-4212-01C2-91A3353ED6F8</relationGeneratorID>
<indexColumnUsage>
<colUsage columnID="6D4041FA-753A-B4F9-BF24-6CB676AA421A"/>
</indexColumnUsage>
</ind_PK_UK>
<ind_PK_UK id="D0104FF1-1D8B-1012-24CC-BA1CBC3E325B" name="via2_caracteristicasVia_FK">
<createdBy>H3C4</createdBy>
<createdTime>2022-06-22 05:09:00 UTC</createdTime>
<generatorID>EC4F7A8D-60F9-4212-01C2-91A3353ED6F8</generatorID>
<ownerDesignName>dbITBOY</ownerDesignName>
<indexState>Foreign Key</indexState>
<isSurrogateKey>false</isSurrogateKey>
<indexColumnUsage>
<colUsage columnID="6D4041FA-753A-B4F9-BF24-6CB676AA421A"/>
</indexColumnUsage>
</ind_PK_UK>
</indexes>
</Table>