<?xml version = '1.0' encoding = 'UTF-8'?>
<Table class="oracle.dbtools.crest.model.design.relational.Table" directorySegmentName="seg_2" id="183CAA55-3AB2-1369-002A-DA2330E733D4" name="radioAccion">
<createdBy>H3C4</createdBy>
<createdTime>2022-06-22 05:09:00 UTC</createdTime>
<generatorID>96BCB1EA-6034-F5F6-E0D5-064C2213839B</generatorID>
<ownerDesignName>dbITBOY</ownerDesignName>
<allowColumnReorder>false</allowColumnReorder>
<existDependencyGenerateInDDl>true</existDependencyGenerateInDDl>
<parsed>true</parsed>
<columns itemClass="oracle.dbtools.crest.model.design.relational.Column">
<Column name="id_radioAccion" id="9A85D948-46D4-2456-160F-3BD424FE621F">
<createdBy>H3C4</createdBy>
<createdTime>2022-06-22 05:09:00 UTC</createdTime>
<generatorID>066216E7-0EEE-4B0F-23B8-08042D57FDB0</generatorID>
<ownerDesignName>dbITBOY</ownerDesignName>
<nullsAllowed>true</nullsAllowed>
<use>0</use>
<ownDataTypeParameters>,,</ownDataTypeParameters>
<autoIncrementCycle>false</autoIncrementCycle>
</Column>
<Column name="nacional" id="A5524305-1BBF-8A40-730C-D83ACCC26A9C">
<createdBy>H3C4</createdBy>
<createdTime>2022-06-22 05:09:00 UTC</createdTime>
<generatorID>D8544A1C-AB36-2EB6-D5D2-42EBD541DC5D</generatorID>
<ownerDesignName>dbITBOY</ownerDesignName>
<nullsAllowed>true</nullsAllowed>
<useDomainConstraints>false</useDomainConstraints>
<use>1</use>
<logicalDatatype>LOGDT006</logicalDatatype>
<dataTypeSize>1 CHAR</dataTypeSize>
<ownDataTypeParameters>1 CHAR,,</ownDataTypeParameters>
<autoIncrementCycle>false</autoIncrementCycle>
</Column>
<Column name="municipal" id="36A1D090-B6B0-D842-9977-35A68D5C4BB6">
<createdBy>H3C4</createdBy>
<createdTime>2022-06-22 05:09:00 UTC</createdTime>
<generatorID>908A6DA2-7651-9CCA-EEB7-67D8059FF8BB</generatorID>
<ownerDesignName>dbITBOY</ownerDesignName>
<nullsAllowed>true</nullsAllowed>
<useDomainConstraints>false</useDomainConstraints>
<use>1</use>
<logicalDatatype>LOGDT006</logicalDatatype>
<dataTypeSize>1 CHAR</dataTypeSize>
<ownDataTypeParameters>1 CHAR,,</ownDataTypeParameters>
<autoIncrementCycle>false</autoIncrementCycle>
</Column>
<Column name="VehiculoPropietario_id_propietarioClaseVehiculo" id="FFE70B94-9EF8-E354-C970-35EA29BDC5E0">
<createdBy>H3C4</createdBy>
<createdTime>2022-06-22 05:09:00 UTC</createdTime>
<generatorID>F860DD7B-5C63-B208-D377-564C7A286374</generatorID>
<ownerDesignName>dbITBOY</ownerDesignName>
<useDomainConstraints>false</useDomainConstraints>
<use>1</use>
<logicalDatatype>LOGDT011</logicalDatatype>
<ownDataTypeParameters>,,</ownDataTypeParameters>
<previousColumn>false</previousColumn>
<autoIncrementCycle>false</autoIncrementCycle>
<associations>
<colAssociation fkAssociation="52E20D06-EF91-8584-2939-40F93D3E5C34" referredColumn="0B62441C-3BF5-3DAA-0CA2-7F2ECC8E297E"/>
</associations>
</Column>
</columns>
<indexes itemClass="oracle.dbtools.crest.model.design.relational.Index">
<ind_PK_UK id="565DDA1C-035D-049B-37DE-DF4A922C0830" name="radioAccion__IDX">
<createdBy>H3C4</createdBy>
<createdTime>2022-06-22 05:09:00 UTC</createdTime>
<ownerDesignName>dbITBOY</ownerDesignName>
<indexState>Unique Plain Index</indexState>
<isSurrogateKey>false</isSurrogateKey>
<relationGeneratorID>345AC1B9-FEA8-E30C-820F-B5D7971C2F2D</relationGeneratorID>
<indexColumnUsage>
<colUsage columnID="FFE70B94-9EF8-E354-C970-35EA29BDC5E0"/>
</indexColumnUsage>
</ind_PK_UK>
<ind_PK_UK id="3559BF24-DB29-E6C6-19E0-16C764619F94" name="radioAccion_VehiculoPropietario_FK">
<createdBy>H3C4</createdBy>
<createdTime>2022-06-22 05:09:00 UTC</createdTime>
<generatorID>345AC1B9-FEA8-E30C-820F-B5D7971C2F2D</generatorID>
<ownerDesignName>dbITBOY</ownerDesignName>
<indexState>Foreign Key</indexState>
<isSurrogateKey>false</isSurrogateKey>
<indexColumnUsage>
<colUsage columnID="FFE70B94-9EF8-E354-C970-35EA29BDC5E0"/>
</indexColumnUsage>
</ind_PK_UK>
</indexes>
</Table>