<?xml version = '1.0' encoding = 'UTF-8'?>
<Table class="oracle.dbtools.crest.model.design.relational.Table" directorySegmentName="seg_2" id="37B69FA3-08D0-E544-2ED9-BF1AF53DB0AF" name="ResponsabilidadExtracondicional">
<createdBy>H3C4</createdBy>
<createdTime>2022-06-22 05:09:00 UTC</createdTime>
<generatorID>4167937E-6622-209C-74A0-40B69434A116</generatorID>
<ownerDesignName>dbITBOY</ownerDesignName>
<allowColumnReorder>false</allowColumnReorder>
<existDependencyGenerateInDDl>true</existDependencyGenerateInDDl>
<parsed>true</parsed>
<columns itemClass="oracle.dbtools.crest.model.design.relational.Column">
<Column name="id_RE" id="40963DC6-15F8-D007-21C5-C5347A4F44BA">
<createdBy>H3C4</createdBy>
<createdTime>2022-06-22 05:09:00 UTC</createdTime>
<generatorID>9ED56105-7EDE-4BB6-23C3-6234475A2AFF</generatorID>
<ownerDesignName>dbITBOY</ownerDesignName>
<useDomainConstraints>false</useDomainConstraints>
<use>1</use>
<logicalDatatype>LOGDT011</logicalDatatype>
<ownDataTypeParameters>,,</ownDataTypeParameters>
<autoIncrementCycle>false</autoIncrementCycle>
</Column>
<Column name="si" id="A6555E22-7B57-2846-4ABD-8FA54A9BEAC1">
<createdBy>H3C4</createdBy>
<createdTime>2022-06-22 05:09:00 UTC</createdTime>
<generatorID>5C0ED5AC-52EB-4110-9522-C6723EA2FC69</generatorID>
<ownerDesignName>dbITBOY</ownerDesignName>
<nullsAllowed>true</nullsAllowed>
<useDomainConstraints>false</useDomainConstraints>
<use>1</use>
<logicalDatatype>LOGDT006</logicalDatatype>
<dataTypeSize>1 CHAR</dataTypeSize>
<ownDataTypeParameters>1 CHAR,,</ownDataTypeParameters>
<autoIncrementCycle>false</autoIncrementCycle>
</Column>
<Column name="no" id="F26F1A1B-3A6D-D12A-52B2-258164AEFD9E">
<createdBy>H3C4</createdBy>
<createdTime>2022-06-22 05:09:00 UTC</createdTime>
<generatorID>64FA3255-C6D8-F7D9-B7FD-E5AF62EDC4D0</generatorID>
<ownerDesignName>dbITBOY</ownerDesignName>
<nullsAllowed>true</nullsAllowed>
<useDomainConstraints>false</useDomainConstraints>
<use>1</use>
<logicalDatatype>LOGDT006</logicalDatatype>
<dataTypeSize>1 CHAR</dataTypeSize>
<ownDataTypeParameters>1 CHAR,,</ownDataTypeParameters>
<autoIncrementCycle>false</autoIncrementCycle>
</Column>
<Column name="numero" id="3389CC17-2D1A-B246-9962-CA7F7EFDCEDE">
<createdBy>H3C4</createdBy>
<createdTime>2022-06-22 05:09:00 UTC</createdTime>
<generatorID>EA8A7A79-F718-5464-CD04-E59E8F44A06F</generatorID>
<ownerDesignName>dbITBOY</ownerDesignName>
<nullsAllowed>true</nullsAllowed>
<useDomainConstraints>false</useDomainConstraints>
<use>1</use>
<logicalDatatype>LOGDT024</logicalDatatype>
<dataTypeSize>255 CHAR</dataTypeSize>
<ownDataTypeParameters>255 CHAR,,</ownDataTypeParameters>
<autoIncrementCycle>false</autoIncrementCycle>
</Column>
<Column name="aseguradora" id="43E47ACB-4B26-F0B4-491C-54C89C2FC655">
<createdBy>H3C4</createdBy>
<createdTime>2022-06-22 05:09:00 UTC</createdTime>
<generatorID>66C5B802-37E7-5C6D-655D-2D47FA54475E</generatorID>
<ownerDesignName>dbITBOY</ownerDesignName>
<nullsAllowed>true</nullsAllowed>
<useDomainConstraints>false</useDomainConstraints>
<use>1</use>
<logicalDatatype>LOGDT024</logicalDatatype>
<dataTypeSize>255 CHAR</dataTypeSize>
<ownDataTypeParameters>255 CHAR,,</ownDataTypeParameters>
<autoIncrementCycle>false</autoIncrementCycle>
</Column>
<Column name="vencimiento" id="D1998D24-9B7E-5099-FFA9-951806B99B2E">
<createdBy>H3C4</createdBy>
<createdTime>2022-06-22 05:09:00 UTC</createdTime>
<generatorID>062D48D5-A1B4-1700-5A74-94CA67C7577F</generatorID>
<ownerDesignName>dbITBOY</ownerDesignName>
<nullsAllowed>true</nullsAllowed>
<useDomainConstraints>false</useDomainConstraints>
<use>1</use>
<logicalDatatype>LOGDT007</logicalDatatype>
<ownDataTypeParameters>,,</ownDataTypeParameters>
<autoIncrementCycle>false</autoIncrementCycle>
</Column>
<Column name="Vehiculo_Vehiculo_ID" id="61288F44-973F-DF8D-9B70-E200C91BEE2A">
<createdBy>H3C4</createdBy>
<createdTime>2022-06-22 05:09:00 UTC</createdTime>
<ownerDesignName>dbITBOY</ownerDesignName>
<useDomainConstraints>false</useDomainConstraints>
<use>1</use>
<logicalDatatype>LOGDT019</logicalDatatype>
<ownDataTypeParameters>,,</ownDataTypeParameters>
<previousColumn>false</previousColumn>
<autoIncrementCycle>false</autoIncrementCycle>
<associations>
<colAssociation fkAssociation="0B775488-4ADA-FC07-308B-0761755E7B80" referredColumn="FF4068A6-507F-5E18-5636-E6EE2A447ACA"/>
</associations>
</Column>
</columns>
<indexes itemClass="oracle.dbtools.crest.model.design.relational.Index">
<ind_PK_UK id="EA854A6C-CF01-AF00-2AE0-53565B41658C" name="ResponsabilidadExtracondicional_PK">
<createdBy>H3C4</createdBy>
<createdTime>2022-06-22 05:09:00 UTC</createdTime>
<generatorID>8CF6862A-2202-25B0-FA5C-BF201F8109DC</generatorID>
<ownerDesignName>dbITBOY</ownerDesignName>
<pk>true</pk>
<indexState>Primary Constraint</indexState>
<isSurrogateKey>false</isSurrogateKey>
<indexColumnUsage>
<colUsage columnID="40963DC6-15F8-D007-21C5-C5347A4F44BA"/>
</indexColumnUsage>
</ind_PK_UK>
<ind_PK_UK id="3237768F-F68E-F02D-A227-654DF7C0B61D" name="ResponsabilidadExtracondicional__IDX">
<createdBy>H3C4</createdBy>
<createdTime>2022-06-22 05:09:00 UTC</createdTime>
<ownerDesignName>dbITBOY</ownerDesignName>
<indexState>Unique Plain Index</indexState>
<isSurrogateKey>false</isSurrogateKey>
<relationGeneratorID>F6EE5821-A2C7-CD4B-E24E-4B9AF69CD98B</relationGeneratorID>
<indexColumnUsage>
<colUsage columnID="61288F44-973F-DF8D-9B70-E200C91BEE2A"/>
</indexColumnUsage>
</ind_PK_UK>
<ind_PK_UK id="39112B30-8320-0FE7-9904-A45A72D12E7B" name="ResponsabilidadExtracondicional_Vehiculo_FK">
<createdBy>H3C4</createdBy>
<createdTime>2022-06-22 05:09:00 UTC</createdTime>
<generatorID>F6EE5821-A2C7-CD4B-E24E-4B9AF69CD98B</generatorID>
<ownerDesignName>dbITBOY</ownerDesignName>
<indexState>Foreign Key</indexState>
<isSurrogateKey>false</isSurrogateKey>
<indexColumnUsage>
<colUsage columnID="61288F44-973F-DF8D-9B70-E200C91BEE2A"/>
</indexColumnUsage>
</ind_PK_UK>
</indexes>
</Table>