<?xml version = '1.0' encoding = 'UTF-8'?>
<Table class="oracle.dbtools.crest.model.design.relational.Table" directorySegmentName="seg_2" id="5A261392-9335-2C0D-1F1D-FA9A53EF1265" name="Vehiculo">
<createdBy>H3C4</createdBy>
<createdTime>2022-06-22 05:09:00 UTC</createdTime>
<generatorID>D1D76900-CA0C-9F73-9DB0-202BA6DA9271</generatorID>
<ownerDesignName>dbITBOY</ownerDesignName>
<allowColumnReorder>false</allowColumnReorder>
<existDependencyGenerateInDDl>true</existDependencyGenerateInDDl>
<parsed>true</parsed>
<columns itemClass="oracle.dbtools.crest.model.design.relational.Column">
<Column name="id_vehiculo" id="27FA9749-E0D5-8D8E-F846-9F9C5DB40954">
<createdBy>H3C4</createdBy>
<createdTime>2022-06-22 05:09:00 UTC</createdTime>
<generatorID>C2C94838-EE51-F056-5C50-87DFF71D5A05</generatorID>
<ownerDesignName>dbITBOY</ownerDesignName>
<nullsAllowed>true</nullsAllowed>
<use>0</use>
<ownDataTypeParameters>,,</ownDataTypeParameters>
<autoIncrementCycle>false</autoIncrementCycle>
</Column>
<Column name="placa" id="CCAC2030-EAE5-B655-59D6-73EDF5C1930B">
<createdBy>H3C4</createdBy>
<createdTime>2022-06-22 05:09:00 UTC</createdTime>
<generatorID>209B0459-DDE6-CC15-A1B0-2448E95F16B7</generatorID>
<ownerDesignName>dbITBOY</ownerDesignName>
<nullsAllowed>true</nullsAllowed>
<useDomainConstraints>false</useDomainConstraints>
<use>1</use>
<logicalDatatype>LOGDT024</logicalDatatype>
<dataTypeSize>8 CHAR</dataTypeSize>
<ownDataTypeParameters>8 CHAR,,</ownDataTypeParameters>
<autoIncrementCycle>false</autoIncrementCycle>
</Column>
<Column name="placaRemolque" id="0B857462-6F19-5325-9129-9DFD7541A033">
<createdBy>H3C4</createdBy>
<createdTime>2022-06-22 05:09:00 UTC</createdTime>
<generatorID>74863350-DB2C-FF23-34C8-1BF66FD5EDC1</generatorID>
<ownerDesignName>dbITBOY</ownerDesignName>
<nullsAllowed>true</nullsAllowed>
<useDomainConstraints>false</useDomainConstraints>
<use>1</use>
<logicalDatatype>LOGDT024</logicalDatatype>
<dataTypeSize>10 CHAR</dataTypeSize>
<ownDataTypeParameters>10 CHAR,,</ownDataTypeParameters>
<autoIncrementCycle>false</autoIncrementCycle>
</Column>
<Column name="marca" id="D6386C5F-278E-440B-FFEE-2F50C0138EFF">
<createdBy>H3C4</createdBy>
<createdTime>2022-06-22 05:09:00 UTC</createdTime>
<generatorID>E76B6A38-4972-6365-08E8-058E2825C08D</generatorID>
<ownerDesignName>dbITBOY</ownerDesignName>
<nullsAllowed>true</nullsAllowed>
<useDomainConstraints>false</useDomainConstraints>
<use>1</use>
<logicalDatatype>LOGDT024</logicalDatatype>
<dataTypeSize>10 CHAR</dataTypeSize>
<ownDataTypeParameters>10 CHAR,,</ownDataTypeParameters>
<autoIncrementCycle>false</autoIncrementCycle>
</Column>
<Column name="linea" id="7767CDBB-6046-4EBD-D10F-B9A65630A1AC">
<createdBy>H3C4</createdBy>
<createdTime>2022-06-22 05:09:00 UTC</createdTime>
<generatorID>1085BB5E-6C92-0332-6C00-98C103CC143D</generatorID>
<ownerDesignName>dbITBOY</ownerDesignName>
<nullsAllowed>true</nullsAllowed>
<useDomainConstraints>false</useDomainConstraints>
<use>1</use>
<logicalDatatype>LOGDT024</logicalDatatype>
<dataTypeSize>10 CHAR</dataTypeSize>
<ownDataTypeParameters>10 CHAR,,</ownDataTypeParameters>
<autoIncrementCycle>false</autoIncrementCycle>
</Column>
<Column name="color" id="0F5D9477-E77F-EB1C-F140-132E2BDEB045">
<createdBy>H3C4</createdBy>
<createdTime>2022-06-22 05:09:00 UTC</createdTime>
<generatorID>226793F7-FD7F-9D9F-C82B-7D3361DF772D</generatorID>
<ownerDesignName>dbITBOY</ownerDesignName>
<nullsAllowed>true</nullsAllowed>
<useDomainConstraints>false</useDomainConstraints>
<use>1</use>
<logicalDatatype>LOGDT024</logicalDatatype>
<dataTypeSize>10 CHAR</dataTypeSize>
<ownDataTypeParameters>10 CHAR,,</ownDataTypeParameters>
<autoIncrementCycle>false</autoIncrementCycle>
</Column>
<Column name="modelo" id="9D65C110-5180-20C1-D3BF-A190E21F490D">
<createdBy>H3C4</createdBy>
<createdTime>2022-06-22 05:09:00 UTC</createdTime>
<generatorID>015C6F44-DB63-BAF5-9145-AFF69C011F06</generatorID>
<ownerDesignName>dbITBOY</ownerDesignName>
<nullsAllowed>true</nullsAllowed>
<useDomainConstraints>false</useDomainConstraints>
<use>1</use>
<logicalDatatype>LOGDT024</logicalDatatype>
<dataTypeSize>10 CHAR</dataTypeSize>
<ownDataTypeParameters>10 CHAR,,</ownDataTypeParameters>
<autoIncrementCycle>false</autoIncrementCycle>
</Column>
<Column name="carroceria" id="AE2A61FD-CE5E-9312-2680-2323FEB05204">
<createdBy>H3C4</createdBy>
<createdTime>2022-06-22 05:09:00 UTC</createdTime>
<generatorID>81CFDD47-6A92-203F-4B33-780497CDACB6</generatorID>
<ownerDesignName>dbITBOY</ownerDesignName>
<nullsAllowed>true</nullsAllowed>
<useDomainConstraints>false</useDomainConstraints>
<use>1</use>
<logicalDatatype>LOGDT024</logicalDatatype>
<dataTypeSize>10 CHAR</dataTypeSize>
<ownDataTypeParameters>10 CHAR,,</ownDataTypeParameters>
<autoIncrementCycle>false</autoIncrementCycle>
</Column>
<Column name="ton" id="73283844-6F73-61C8-4970-8EE81BDCE5B1">
<createdBy>H3C4</createdBy>
<createdTime>2022-06-22 05:09:00 UTC</createdTime>
<generatorID>107AAD6F-3FFE-8240-4B4E-9A1609F3DDD8</generatorID>
<ownerDesignName>dbITBOY</ownerDesignName>
<nullsAllowed>true</nullsAllowed>
<useDomainConstraints>false</useDomainConstraints>
<use>1</use>
<logicalDatatype>LOGDT024</logicalDatatype>
<dataTypeSize>10 CHAR</dataTypeSize>
<ownDataTypeParameters>10 CHAR,,</ownDataTypeParameters>
<autoIncrementCycle>false</autoIncrementCycle>
</Column>
<Column name="numPasajeros" id="3378A5F0-AE14-DE6C-9106-3F0695D707E4">
<createdBy>H3C4</createdBy>
<createdTime>2022-06-22 05:09:00 UTC</createdTime>
<generatorID>A5B41849-413B-D235-893B-B41A049C6579</generatorID>
<ownerDesignName>dbITBOY</ownerDesignName>
<nullsAllowed>true</nullsAllowed>
<useDomainConstraints>false</useDomainConstraints>
<use>1</use>
<logicalDatatype>LOGDT011</logicalDatatype>
<ownDataTypeParameters>,,</ownDataTypeParameters>
<autoIncrementCycle>false</autoIncrementCycle>
</Column>
<Column name="licenciaTrans" id="3F111235-2F06-A58A-9A43-466F481ECE58">
<createdBy>H3C4</createdBy>
<createdTime>2022-06-22 05:09:00 UTC</createdTime>
<generatorID>FCA53EE7-BE43-3C75-D7A3-F6C754CC3798</generatorID>
<ownerDesignName>dbITBOY</ownerDesignName>
<nullsAllowed>true</nullsAllowed>
<useDomainConstraints>false</useDomainConstraints>
<use>1</use>
<logicalDatatype>LOGDT011</logicalDatatype>
<ownDataTypeParameters>,,</ownDataTypeParameters>
<autoIncrementCycle>false</autoIncrementCycle>
</Column>
<Column name="empresa" id="8ED033A1-24BC-C82C-7B1A-9C1DD850F66E">
<createdBy>H3C4</createdBy>
<createdTime>2022-06-22 05:09:00 UTC</createdTime>
<generatorID>5DE5B2D0-BBD5-5B51-9F01-65A93FE42FDC</generatorID>
<ownerDesignName>dbITBOY</ownerDesignName>
<nullsAllowed>true</nullsAllowed>
<useDomainConstraints>false</useDomainConstraints>
<use>1</use>
<logicalDatatype>LOGDT024</logicalDatatype>
<dataTypeSize>255 CHAR</dataTypeSize>
<ownDataTypeParameters>255 CHAR,,</ownDataTypeParameters>
<autoIncrementCycle>false</autoIncrementCycle>
</Column>
<Column name="matriculadoEn" id="87F70427-7616-2096-5352-48157D80597B">
<createdBy>H3C4</createdBy>
<createdTime>2022-06-22 05:09:00 UTC</createdTime>
<generatorID>CDDDD2D9-D5E4-089B-5895-E761094EA3A5</generatorID>
<ownerDesignName>dbITBOY</ownerDesignName>
<nullsAllowed>true</nullsAllowed>
<useDomainConstraints>false</useDomainConstraints>
<use>1</use>
<logicalDatatype>LOGDT024</logicalDatatype>
<dataTypeSize>255 CHAR</dataTypeSize>
<ownDataTypeParameters>255 CHAR,,</ownDataTypeParameters>
<autoIncrementCycle>false</autoIncrementCycle>
</Column>
<Column name="inmovilizadoEn" id="93FD219E-AF05-47BE-6DEC-9881D4DE408C">
<createdBy>H3C4</createdBy>
<createdTime>2022-06-22 05:09:00 UTC</createdTime>
<generatorID>E9B5D761-9BE6-1E83-A23F-6D6DB2F2443F</generatorID>
<ownerDesignName>dbITBOY</ownerDesignName>
<nullsAllowed>true</nullsAllowed>
<useDomainConstraints>false</useDomainConstraints>
<use>1</use>
<logicalDatatype>LOGDT024</logicalDatatype>
<dataTypeSize>255 CHAR</dataTypeSize>
<ownDataTypeParameters>255 CHAR,,</ownDataTypeParameters>
<autoIncrementCycle>false</autoIncrementCycle>
</Column>
<Column name="aDisposicionDe" id="79218F81-8EF0-1595-E9C0-5FA785FD3756">
<createdBy>H3C4</createdBy>
<createdTime>2022-06-22 05:09:00 UTC</createdTime>
<generatorID>6B2E7656-05BA-0CC7-8DBD-286147ADE256</generatorID>
<ownerDesignName>dbITBOY</ownerDesignName>
<nullsAllowed>true</nullsAllowed>
<useDomainConstraints>false</useDomainConstraints>
<use>1</use>
<logicalDatatype>LOGDT024</logicalDatatype>
<dataTypeSize>255 CHAR</dataTypeSize>
<ownDataTypeParameters>255 CHAR,,</ownDataTypeParameters>
<autoIncrementCycle>false</autoIncrementCycle>
</Column>
<Column name="tarjetasRegistro" id="BCF672DD-880C-C939-22EF-0D0E39FF32D4">
<createdBy>H3C4</createdBy>
<createdTime>2022-06-22 05:09:00 UTC</createdTime>
<generatorID>F368981C-9459-EF6F-6152-555FFA23EBB7</generatorID>
<ownerDesignName>dbITBOY</ownerDesignName>
<nullsAllowed>true</nullsAllowed>
<useDomainConstraints>false</useDomainConstraints>
<use>1</use>
<logicalDatatype>LOGDT024</logicalDatatype>
<dataTypeSize>255 CHAR</dataTypeSize>
<ownDataTypeParameters>255 CHAR,,</ownDataTypeParameters>
<autoIncrementCycle>false</autoIncrementCycle>
</Column>
<Column name="NIT" id="0194DF7D-B203-6ACE-B38E-E71306CBCDC5">
<createdBy>H3C4</createdBy>
<createdTime>2022-06-22 05:09:00 UTC</createdTime>
<generatorID>28862512-A3F2-6029-AFDA-AB14A6187756</generatorID>
<ownerDesignName>dbITBOY</ownerDesignName>
<nullsAllowed>true</nullsAllowed>
<useDomainConstraints>false</useDomainConstraints>
<use>1</use>
<logicalDatatype>LOGDT024</logicalDatatype>
<dataTypeSize>255 CHAR</dataTypeSize>
<ownDataTypeParameters>255 CHAR,,</ownDataTypeParameters>
<autoIncrementCycle>false</autoIncrementCycle>
</Column>
<Column name="ConductoresVehiculosPropietarios_id_ConductoresVehiculosPropietarios" id="6AD02C0E-16C6-8A09-4712-C87EEC00695F">
<createdBy>H3C4</createdBy>
<createdTime>2022-06-22 05:09:00 UTC</createdTime>
<generatorID>1DB96F61-6AC2-4A0E-46BE-64330FE6A6E3</generatorID>
<ownerDesignName>dbITBOY</ownerDesignName>
<useDomainConstraints>false</useDomainConstraints>
<use>1</use>
<logicalDatatype>LOGDT011</logicalDatatype>
<ownDataTypeParameters>,,</ownDataTypeParameters>
<previousColumn>false</previousColumn>
<autoIncrementCycle>false</autoIncrementCycle>
<associations>
<colAssociation fkAssociation="D3B60BCB-D935-D8A9-548D-E957C07374E9" referredColumn="71099396-DD0D-2975-5BBF-221D6DD78284"/>
</associations>
</Column>
<Column name="Vehiculo_ID" id="FF4068A6-507F-5E18-5636-E6EE2A447ACA">
<createdBy>H3C4</createdBy>
<createdTime>2022-06-22 05:09:00 UTC</createdTime>
<ownerDesignName>dbITBOY</ownerDesignName>
<useDomainConstraints>false</useDomainConstraints>
<use>1</use>
<logicalDatatype>LOGDT019</logicalDatatype>
<ownDataTypeParameters>,,</ownDataTypeParameters>
<autoIncrementColumn>true</autoIncrementColumn>
<identityColumn>true</identityColumn>
<autoIncrementCycle>false</autoIncrementCycle>
<isSurrogateColumn>true</isSurrogateColumn>
</Column>
</columns>
<indexes itemClass="oracle.dbtools.crest.model.design.relational.Index">
<ind_PK_UK id="DF10D42C-437C-12AD-8F62-9D31D0B890FF" name="Vehiculo_PK">
<createdBy>H3C4</createdBy>
<createdTime>2022-06-22 05:09:00 UTC</createdTime>
<ownerDesignName>dbITBOY</ownerDesignName>
<pk>true</pk>
<indexState>Primary Constraint</indexState>
<indexColumnUsage>
<colUsage columnID="FF4068A6-507F-5E18-5636-E6EE2A447ACA"/>
</indexColumnUsage>
</ind_PK_UK>
<ind_PK_UK id="E925C70B-B85B-FFB3-230A-FF5A62202440" name="Vehiculo__IDX">
<createdBy>H3C4</createdBy>
<createdTime>2022-06-22 05:09:00 UTC</createdTime>
<ownerDesignName>dbITBOY</ownerDesignName>
<indexState>Unique Plain Index</indexState>
<isSurrogateKey>false</isSurrogateKey>
<relationGeneratorID>48611064-2039-597D-B26D-125BD96D26F9</relationGeneratorID>
<indexColumnUsage>
<colUsage columnID="6AD02C0E-16C6-8A09-4712-C87EEC00695F"/>
</indexColumnUsage>
</ind_PK_UK>
<ind_PK_UK id="F642DCE2-E75E-2ABB-2311-277D81039CC9" name="Vehiculo_ConductoresVehiculosPropietarios_FK">
<createdBy>H3C4</createdBy>
<createdTime>2022-06-22 05:09:00 UTC</createdTime>
<generatorID>48611064-2039-597D-B26D-125BD96D26F9</generatorID>
<ownerDesignName>dbITBOY</ownerDesignName>
<indexState>Foreign Key</indexState>
<isSurrogateKey>false</isSurrogateKey>
<indexColumnUsage>
<colUsage columnID="6AD02C0E-16C6-8A09-4712-C87EEC00695F"/>
</indexColumnUsage>
</ind_PK_UK>
</indexes>
</Table>