<?xml version = '1.0' encoding = 'UTF-8'?>
<Table class="oracle.dbtools.crest.model.design.relational.Table" directorySegmentName="seg_2" id="72E47C5B-4E82-5C17-8E85-19323E56172F" name="senalesVerticales">
<createdBy>H3C4</createdBy>
<createdTime>2022-06-22 05:09:00 UTC</createdTime>
<generatorID>1C2F9045-57F4-CBE3-490F-A071302EDCD7</generatorID>
<ownerDesignName>dbITBOY</ownerDesignName>
<allowColumnReorder>false</allowColumnReorder>
<existDependencyGenerateInDDl>true</existDependencyGenerateInDDl>
<parsed>true</parsed>
<columns itemClass="oracle.dbtools.crest.model.design.relational.Column">
<Column name="id_senalesVerticales" id="D1211B48-9A26-9024-5E44-48D72EF52CAF">
<createdBy>H3C4</createdBy>
<createdTime>2022-06-22 05:09:00 UTC</createdTime>
<generatorID>A9AE3318-617D-4B98-0DB0-3BA2B6B9CF70</generatorID>
<ownerDesignName>dbITBOY</ownerDesignName>
<useDomainConstraints>false</useDomainConstraints>
<use>1</use>
<logicalDatatype>LOGDT011</logicalDatatype>
<ownDataTypeParameters>,,</ownDataTypeParameters>
<autoIncrementCycle>false</autoIncrementCycle>
</Column>
<Column name="DePare" id="0D5D36DB-D009-EE7A-C778-16F3ADCCC12D">
<createdBy>H3C4</createdBy>
<createdTime>2022-06-22 05:09:00 UTC</createdTime>
<generatorID>640AD2E6-01E2-0455-20EA-C51A912110C6</generatorID>
<ownerDesignName>dbITBOY</ownerDesignName>
<nullsAllowed>true</nullsAllowed>
<useDomainConstraints>false</useDomainConstraints>
<use>1</use>
<logicalDatatype>LOGDT006</logicalDatatype>
<dataTypeSize>1 CHAR</dataTypeSize>
<ownDataTypeParameters>1 CHAR,,</ownDataTypeParameters>
<autoIncrementCycle>false</autoIncrementCycle>
</Column>
<Column name="CedaElPaso" id="D1529C51-C422-239C-AE76-232232F9B09B">
<createdBy>H3C4</createdBy>
<createdTime>2022-06-22 05:09:00 UTC</createdTime>
<generatorID>FFD3CCAF-D7F4-256B-7E8A-8B8E77937AEE</generatorID>
<ownerDesignName>dbITBOY</ownerDesignName>
<nullsAllowed>true</nullsAllowed>
<useDomainConstraints>false</useDomainConstraints>
<use>1</use>
<logicalDatatype>LOGDT006</logicalDatatype>
<dataTypeSize>1 CHAR</dataTypeSize>
<ownDataTypeParameters>1 CHAR,,</ownDataTypeParameters>
<autoIncrementCycle>false</autoIncrementCycle>
</Column>
<Column name="DeNoGire" id="A29AE3AC-2B7F-255E-CC7A-6DDD9597C992">
<createdBy>H3C4</createdBy>
<createdTime>2022-06-22 05:09:00 UTC</createdTime>
<generatorID>8DF89019-6A57-B49C-2295-CBF1DA7EEA70</generatorID>
<ownerDesignName>dbITBOY</ownerDesignName>
<nullsAllowed>true</nullsAllowed>
<useDomainConstraints>false</useDomainConstraints>
<use>1</use>
<logicalDatatype>LOGDT006</logicalDatatype>
<dataTypeSize>1 CHAR</dataTypeSize>
<ownDataTypeParameters>1 CHAR,,</ownDataTypeParameters>
<autoIncrementCycle>false</autoIncrementCycle>
</Column>
<Column name="DeSentidoVial" id="B5170985-7325-1E0B-8927-F1E4D8A61728">
<createdBy>H3C4</createdBy>
<createdTime>2022-06-22 05:09:00 UTC</createdTime>
<generatorID>47807AB2-F4AE-70E9-2B01-CB940A868501</generatorID>
<ownerDesignName>dbITBOY</ownerDesignName>
<nullsAllowed>true</nullsAllowed>
<useDomainConstraints>false</useDomainConstraints>
<use>1</use>
<logicalDatatype>LOGDT006</logicalDatatype>
<dataTypeSize>1 CHAR</dataTypeSize>
<ownDataTypeParameters>1 CHAR,,</ownDataTypeParameters>
<autoIncrementCycle>false</autoIncrementCycle>
</Column>
<Column name="DeNoAdelantar" id="A346DF7A-1F94-E8D5-BC2A-2A443A9C3915">
<createdBy>H3C4</createdBy>
<createdTime>2022-06-22 05:09:00 UTC</createdTime>
<generatorID>535FB7AB-386E-5E12-1EA4-639765E50D6E</generatorID>
<ownerDesignName>dbITBOY</ownerDesignName>
<nullsAllowed>true</nullsAllowed>
<useDomainConstraints>false</useDomainConstraints>
<use>1</use>
<logicalDatatype>LOGDT006</logicalDatatype>
<dataTypeSize>1 CHAR</dataTypeSize>
<ownDataTypeParameters>1 CHAR,,</ownDataTypeParameters>
<autoIncrementCycle>false</autoIncrementCycle>
</Column>
<Column name="DeVelocidadMax" id="C36B4B7A-1579-E39E-C190-035AC97252D9">
<createdBy>H3C4</createdBy>
<createdTime>2022-06-22 05:09:00 UTC</createdTime>
<generatorID>5F264C53-B6C1-70A7-CA37-20AA67E682E7</generatorID>
<ownerDesignName>dbITBOY</ownerDesignName>
<nullsAllowed>true</nullsAllowed>
<useDomainConstraints>false</useDomainConstraints>
<use>1</use>
<logicalDatatype>LOGDT006</logicalDatatype>
<dataTypeSize>1 CHAR</dataTypeSize>
<ownDataTypeParameters>1 CHAR,,</ownDataTypeParameters>
<autoIncrementCycle>false</autoIncrementCycle>
</Column>
<Column name="otra" id="C8024BDA-55C1-58BF-05E7-6DACB573D339">
<createdBy>H3C4</createdBy>
<createdTime>2022-06-22 05:09:00 UTC</createdTime>
<generatorID>793E9704-5F62-A60D-B08A-E2289C12CE11</generatorID>
<ownerDesignName>dbITBOY</ownerDesignName>
<nullsAllowed>true</nullsAllowed>
<useDomainConstraints>false</useDomainConstraints>
<use>1</use>
<logicalDatatype>LOGDT024</logicalDatatype>
<dataTypeSize>255 CHAR</dataTypeSize>
<ownDataTypeParameters>255 CHAR,,</ownDataTypeParameters>
<autoIncrementCycle>false</autoIncrementCycle>
</Column>
<Column name="ninguna" id="A74495AE-5650-82D1-A419-0FC80F6AC10A">
<createdBy>H3C4</createdBy>
<createdTime>2022-06-22 05:09:00 UTC</createdTime>
<generatorID>178755DB-7910-64C9-FFA9-C378416C6CFB</generatorID>
<ownerDesignName>dbITBOY</ownerDesignName>
<nullsAllowed>true</nullsAllowed>
<useDomainConstraints>false</useDomainConstraints>
<use>1</use>
<logicalDatatype>LOGDT006</logicalDatatype>
<dataTypeSize>1 CHAR</dataTypeSize>
<ownDataTypeParameters>1 CHAR,,</ownDataTypeParameters>
<autoIncrementCycle>false</autoIncrementCycle>
</Column>
<Column name="controlesTransito_id_controlesTransito" id="0B7EF672-0F22-7E0D-E20F-B3B3D853F360">
<createdBy>H3C4</createdBy>
<createdTime>2022-06-22 05:09:00 UTC</createdTime>
<generatorID>4BF77008-C050-1410-E9BB-D8BDBA6D1B56</generatorID>
<ownerDesignName>dbITBOY</ownerDesignName>
<useDomainConstraints>false</useDomainConstraints>
<use>1</use>
<logicalDatatype>LOGDT011</logicalDatatype>
<ownDataTypeParameters>,,</ownDataTypeParameters>
<previousColumn>false</previousColumn>
<autoIncrementCycle>false</autoIncrementCycle>
<associations>
<colAssociation fkAssociation="0C3B65DB-A83B-778B-D5DB-43CC370389AF" referredColumn="BE078BD5-19F4-FA2A-C726-D4AC3E8C2F39"/>
</associations>
</Column>
</columns>
<indexes itemClass="oracle.dbtools.crest.model.design.relational.Index">
<ind_PK_UK id="1D999E61-8992-D3A6-392B-C405422E5971" name="senalesVerticales_PK">
<createdBy>H3C4</createdBy>
<createdTime>2022-06-22 05:09:00 UTC</createdTime>
<generatorID>0F62D810-AFE1-8183-A1CF-1466CE9EBFBD</generatorID>
<ownerDesignName>dbITBOY</ownerDesignName>
<pk>true</pk>
<indexState>Primary Constraint</indexState>
<isSurrogateKey>false</isSurrogateKey>
<indexColumnUsage>
<colUsage columnID="D1211B48-9A26-9024-5E44-48D72EF52CAF"/>
</indexColumnUsage>
</ind_PK_UK>
<ind_PK_UK id="5D679DD9-F1A9-0C52-544D-A4787DBE1C4D" name="senalesVerticales__IDX">
<createdBy>H3C4</createdBy>
<createdTime>2022-06-22 05:09:00 UTC</createdTime>
<ownerDesignName>dbITBOY</ownerDesignName>
<indexState>Unique Plain Index</indexState>
<isSurrogateKey>false</isSurrogateKey>
<relationGeneratorID>9EF0FA16-02E6-0C47-991F-5F46536B9A18</relationGeneratorID>
<indexColumnUsage>
<colUsage columnID="0B7EF672-0F22-7E0D-E20F-B3B3D853F360"/>
</indexColumnUsage>
</ind_PK_UK>
<ind_PK_UK id="F319771D-FB66-178C-2AAD-BBA798537ED7" name="senalesVerticales_controlesTransito_FK">
<createdBy>H3C4</createdBy>
<createdTime>2022-06-22 05:09:00 UTC</createdTime>
<generatorID>9EF0FA16-02E6-0C47-991F-5F46536B9A18</generatorID>
<ownerDesignName>dbITBOY</ownerDesignName>
<indexState>Foreign Key</indexState>
<isSurrogateKey>false</isSurrogateKey>
<indexColumnUsage>
<colUsage columnID="0B7EF672-0F22-7E0D-E20F-B3B3D853F360"/>
</indexColumnUsage>
</ind_PK_UK>
</indexes>
</Table>