<?xml version = '1.0' encoding = 'UTF-8'?>
<Table class="oracle.dbtools.crest.model.design.relational.Table" directorySegmentName="seg_2" id="742A4196-62E8-1915-DDE9-99D58195885B" name="propietario">
<createdBy>H3C4</createdBy>
<createdTime>2022-06-22 05:09:00 UTC</createdTime>
<generatorID>78DA7CE9-878D-631E-834D-B4EDF7084A7E</generatorID>
<ownerDesignName>dbITBOY</ownerDesignName>
<allowColumnReorder>false</allowColumnReorder>
<existDependencyGenerateInDDl>true</existDependencyGenerateInDDl>
<parsed>true</parsed>
<columns itemClass="oracle.dbtools.crest.model.design.relational.Column">
<Column name="id_propietario" id="C324561A-857B-003C-9669-1BF1FD3D6581">
<createdBy>H3C4</createdBy>
<createdTime>2022-06-22 05:09:00 UTC</createdTime>
<generatorID>6CCE3041-5058-5B94-A2EF-A5BE253ED272</generatorID>
<ownerDesignName>dbITBOY</ownerDesignName>
<useDomainConstraints>false</useDomainConstraints>
<use>1</use>
<logicalDatatype>LOGDT011</logicalDatatype>
<ownDataTypeParameters>,,</ownDataTypeParameters>
<autoIncrementCycle>false</autoIncrementCycle>
</Column>
<Column name="informePolicial_id_informe" id="6EA46B5B-A284-E2B9-0D77-2501DC1DF41A">
<createdBy>H3C4</createdBy>
<createdTime>2022-06-22 05:09:00 UTC</createdTime>
<generatorID>CC137D28-80BE-D8A0-43C3-7FEA99FB20D7</generatorID>
<ownerDesignName>dbITBOY</ownerDesignName>
<useDomainConstraints>false</useDomainConstraints>
<use>1</use>
<logicalDatatype>LOGDT011</logicalDatatype>
<ownDataTypeParameters>,,</ownDataTypeParameters>
<previousColumn>false</previousColumn>
<autoIncrementCycle>false</autoIncrementCycle>
<associations>
<colAssociation fkAssociation="8BA49471-6FA2-F64E-BF3F-0BC8F9357C34" referredColumn="9EFEBADA-2792-6048-2D47-218668130EA0"/>
</associations>
</Column>
<Column name="informePolicial_id_casoAccidente" id="26B6CF9C-C715-5FAF-3F58-33F7C5BFE1A5">
<createdBy>H3C4</createdBy>
<createdTime>2022-06-22 05:09:00 UTC</createdTime>
<generatorID>BE80FE45-EB65-3370-4321-76CACD7C7B80</generatorID>
<ownerDesignName>dbITBOY</ownerDesignName>
<useDomainConstraints>false</useDomainConstraints>
<use>1</use>
<logicalDatatype>LOGDT019</logicalDatatype>
<ownDataTypeParameters>,,</ownDataTypeParameters>
<previousColumn>false</previousColumn>
<autoIncrementCycle>false</autoIncrementCycle>
<associations>
<colAssociation fkAssociation="8BA49471-6FA2-F64E-BF3F-0BC8F9357C34" referredColumn="EB3F6094-3B03-2C37-A02E-52207638B421"/>
</associations>
</Column>
</columns>
<indexes itemClass="oracle.dbtools.crest.model.design.relational.Index">
<ind_PK_UK id="04FB1177-EF1B-7BF9-1D18-496D828148C0" name="propietario_PK">
<createdBy>H3C4</createdBy>
<createdTime>2022-06-22 05:09:00 UTC</createdTime>
<generatorID>203DEB7B-9228-38AB-1BB4-4E4761FC5AF4</generatorID>
<ownerDesignName>dbITBOY</ownerDesignName>
<pk>true</pk>
<indexState>Primary Constraint</indexState>
<isSurrogateKey>false</isSurrogateKey>
<indexColumnUsage>
<colUsage columnID="C324561A-857B-003C-9669-1BF1FD3D6581"/>
</indexColumnUsage>
</ind_PK_UK>
<ind_PK_UK id="5606AC25-3B8F-5E9B-ABC6-AC012253385E" name="propietario__IDX">
<createdBy>H3C4</createdBy>
<createdTime>2022-06-22 05:09:00 UTC</createdTime>
<ownerDesignName>dbITBOY</ownerDesignName>
<indexState>Unique Plain Index</indexState>
<isSurrogateKey>false</isSurrogateKey>
<relationGeneratorID>D49B1C18-10BE-DCE7-7BAB-0442F2A8911D</relationGeneratorID>
<indexColumnUsage>
<colUsage columnID="6EA46B5B-A284-E2B9-0D77-2501DC1DF41A"/>
<colUsage columnID="26B6CF9C-C715-5FAF-3F58-33F7C5BFE1A5"/>
</indexColumnUsage>
</ind_PK_UK>
<ind_PK_UK id="7AC3751D-15C2-25A9-7F86-8E4F4FE62950" name="propietario_informePolicial_FK">
<createdBy>H3C4</createdBy>
<createdTime>2022-06-22 05:09:00 UTC</createdTime>
<generatorID>D49B1C18-10BE-DCE7-7BAB-0442F2A8911D</generatorID>
<ownerDesignName>dbITBOY</ownerDesignName>
<indexState>Foreign Key</indexState>
<isSurrogateKey>false</isSurrogateKey>
<indexColumnUsage>
<colUsage columnID="6EA46B5B-A284-E2B9-0D77-2501DC1DF41A"/>
<colUsage columnID="26B6CF9C-C715-5FAF-3F58-33F7C5BFE1A5"/>
</indexColumnUsage>
</ind_PK_UK>
</indexes>
</Table>