<?xml version = '1.0' encoding = 'UTF-8'?>
<Table class="oracle.dbtools.crest.model.design.relational.Table" directorySegmentName="seg_2" id="8884D15E-CDD7-F336-7D44-4B5B8983C705" name="SOAT">
<createdBy>H3C4</createdBy>
<createdTime>2022-06-22 05:09:00 UTC</createdTime>
<generatorID>67C9FAD5-E2B6-F060-C09E-596EA3291AE8</generatorID>
<ownerDesignName>dbITBOY</ownerDesignName>
<allowColumnReorder>false</allowColumnReorder>
<existDependencyGenerateInDDl>true</existDependencyGenerateInDDl>
<parsed>true</parsed>
<columns itemClass="oracle.dbtools.crest.model.design.relational.Column">
<Column name="id_vehiculoSoat" id="D70371A9-2761-1DCA-341C-36AD12037402">
<createdBy>H3C4</createdBy>
<createdTime>2022-06-22 05:09:00 UTC</createdTime>
<generatorID>4CB3597D-0B97-FB90-922D-18FAF9F4B22B</generatorID>
<ownerDesignName>dbITBOY</ownerDesignName>
<useDomainConstraints>false</useDomainConstraints>
<use>1</use>
<logicalDatatype>LOGDT011</logicalDatatype>
<ownDataTypeParameters>,,</ownDataTypeParameters>
<autoIncrementCycle>false</autoIncrementCycle>
</Column>
<Column name="si" id="CEB9AB59-EA02-0B00-33CF-12EE0E692FF4">
<createdBy>H3C4</createdBy>
<createdTime>2022-06-22 05:09:00 UTC</createdTime>
<generatorID>D6FF08B9-29FC-6268-D557-1BD1BDB482AB</generatorID>
<ownerDesignName>dbITBOY</ownerDesignName>
<nullsAllowed>true</nullsAllowed>
<useDomainConstraints>false</useDomainConstraints>
<use>1</use>
<logicalDatatype>LOGDT006</logicalDatatype>
<dataTypeSize>1 CHAR</dataTypeSize>
<ownDataTypeParameters>1 CHAR,,</ownDataTypeParameters>
<autoIncrementCycle>false</autoIncrementCycle>
</Column>
<Column name="no" id="F2D9AAE1-9FE6-07EE-2504-816ED9B7A727">
<createdBy>H3C4</createdBy>
<createdTime>2022-06-22 05:09:00 UTC</createdTime>
<generatorID>D00E3A98-49E8-40B9-AD53-F453DBFAB766</generatorID>
<ownerDesignName>dbITBOY</ownerDesignName>
<nullsAllowed>true</nullsAllowed>
<useDomainConstraints>false</useDomainConstraints>
<use>1</use>
<logicalDatatype>LOGDT006</logicalDatatype>
<dataTypeSize>1 CHAR</dataTypeSize>
<ownDataTypeParameters>1 CHAR,,</ownDataTypeParameters>
<autoIncrementCycle>false</autoIncrementCycle>
</Column>
<Column name="Vehiculo_Vehiculo_ID" id="EC78A94D-93DE-D24B-4C5B-256A4CD57E8F">
<createdBy>H3C4</createdBy>
<createdTime>2022-06-22 05:09:00 UTC</createdTime>
<ownerDesignName>dbITBOY</ownerDesignName>
<useDomainConstraints>false</useDomainConstraints>
<use>1</use>
<logicalDatatype>LOGDT019</logicalDatatype>
<ownDataTypeParameters>,,</ownDataTypeParameters>
<previousColumn>false</previousColumn>
<autoIncrementCycle>false</autoIncrementCycle>
<associations>
<colAssociation fkAssociation="D7D00054-DA09-8BC6-C7C6-04D1D53C9AF6" referredColumn="FF4068A6-507F-5E18-5636-E6EE2A447ACA"/>
</associations>
</Column>
</columns>
<indexes itemClass="oracle.dbtools.crest.model.design.relational.Index">
<ind_PK_UK id="F02B283E-FB66-D2EF-6D1D-5870FAB6319E" name="SOAT_PK">
<createdBy>H3C4</createdBy>
<createdTime>2022-06-22 05:09:00 UTC</createdTime>
<generatorID>268C84C3-43DA-0298-B879-63B34C842394</generatorID>
<ownerDesignName>dbITBOY</ownerDesignName>
<pk>true</pk>
<indexState>Primary Constraint</indexState>
<isSurrogateKey>false</isSurrogateKey>
<indexColumnUsage>
<colUsage columnID="D70371A9-2761-1DCA-341C-36AD12037402"/>
</indexColumnUsage>
</ind_PK_UK>
<ind_PK_UK id="AAD0A651-5E11-EED2-AF2D-12CC9B3339BD" name="SOAT__IDX">
<createdBy>H3C4</createdBy>
<createdTime>2022-06-22 05:09:00 UTC</createdTime>
<ownerDesignName>dbITBOY</ownerDesignName>
<indexState>Unique Plain Index</indexState>
<isSurrogateKey>false</isSurrogateKey>
<relationGeneratorID>89847FB4-17F7-DAEE-2600-82EA516B8E3E</relationGeneratorID>
<indexColumnUsage>
<colUsage columnID="EC78A94D-93DE-D24B-4C5B-256A4CD57E8F"/>
</indexColumnUsage>
</ind_PK_UK>
<ind_PK_UK id="CF90415B-56F7-94A5-99AD-E6E19F22ED25" name="SOAT_Vehiculo_FK">
<createdBy>H3C4</createdBy>
<createdTime>2022-06-22 05:09:00 UTC</createdTime>
<generatorID>89847FB4-17F7-DAEE-2600-82EA516B8E3E</generatorID>
<ownerDesignName>dbITBOY</ownerDesignName>
<indexState>Foreign Key</indexState>
<isSurrogateKey>false</isSurrogateKey>
<indexColumnUsage>
<colUsage columnID="EC78A94D-93DE-D24B-4C5B-256A4CD57E8F"/>
</indexColumnUsage>
</ind_PK_UK>
</indexes>
</Table>