<?xml version = '1.0' encoding = 'UTF-8'?>
<Table class="oracle.dbtools.crest.model.design.relational.Table" directorySegmentName="seg_2" id="969FECBF-AC8F-A6D9-60BA-52A507B28427" name="senalesHorizontales">
<createdBy>H3C4</createdBy>
<createdTime>2022-06-22 05:09:00 UTC</createdTime>
<generatorID>F07472C6-0502-7690-6548-D21120B9EDFA</generatorID>
<ownerDesignName>dbITBOY</ownerDesignName>
<allowColumnReorder>false</allowColumnReorder>
<existDependencyGenerateInDDl>true</existDependencyGenerateInDDl>
<parsed>true</parsed>
<columns itemClass="oracle.dbtools.crest.model.design.relational.Column">
<Column name="id_senalesHorizontales" id="B7D58CA5-70D9-A495-3025-23251F0CC386">
<createdBy>H3C4</createdBy>
<createdTime>2022-06-22 05:09:00 UTC</createdTime>
<generatorID>BD8E3BC4-05F4-5D45-1192-DD17ABDFBB77</generatorID>
<ownerDesignName>dbITBOY</ownerDesignName>
<useDomainConstraints>false</useDomainConstraints>
<use>1</use>
<logicalDatatype>LOGDT011</logicalDatatype>
<ownDataTypeParameters>,,</ownDataTypeParameters>
<autoIncrementCycle>false</autoIncrementCycle>
</Column>
<Column name="ZonaPeatonal" id="F1A7B46B-B805-8924-C4E3-19DAF6C5A596">
<createdBy>H3C4</createdBy>
<createdTime>2022-06-22 05:09:00 UTC</createdTime>
<generatorID>C606F1FA-4681-FF32-840C-44969E33F156</generatorID>
<ownerDesignName>dbITBOY</ownerDesignName>
<nullsAllowed>true</nullsAllowed>
<useDomainConstraints>false</useDomainConstraints>
<use>1</use>
<logicalDatatype>LOGDT006</logicalDatatype>
<dataTypeSize>1 CHAR</dataTypeSize>
<ownDataTypeParameters>1 CHAR,,</ownDataTypeParameters>
<autoIncrementCycle>false</autoIncrementCycle>
</Column>
<Column name="LineaPare" id="E538857C-6F57-0577-5CF6-53F6BD596A1D">
<createdBy>H3C4</createdBy>
<createdTime>2022-06-22 05:09:00 UTC</createdTime>
<generatorID>5D4EDDFD-7846-0541-AB41-86C1A7DA39B7</generatorID>
<ownerDesignName>dbITBOY</ownerDesignName>
<nullsAllowed>true</nullsAllowed>
<useDomainConstraints>false</useDomainConstraints>
<use>1</use>
<logicalDatatype>LOGDT006</logicalDatatype>
<dataTypeSize>1 CHAR</dataTypeSize>
<ownDataTypeParameters>1 CHAR,,</ownDataTypeParameters>
<autoIncrementCycle>false</autoIncrementCycle>
</Column>
<Column name="lineaCentralAmarillaContinua" id="7983E6EE-AF15-09F1-8C2D-BA021FD343B7">
<createdBy>H3C4</createdBy>
<createdTime>2022-06-22 05:09:00 UTC</createdTime>
<generatorID>D94783F2-3C82-5404-1D91-349FB8B81BAF</generatorID>
<ownerDesignName>dbITBOY</ownerDesignName>
<nullsAllowed>true</nullsAllowed>
<useDomainConstraints>false</useDomainConstraints>
<use>1</use>
<logicalDatatype>LOGDT006</logicalDatatype>
<dataTypeSize>1 CHAR</dataTypeSize>
<ownDataTypeParameters>1 CHAR,,</ownDataTypeParameters>
<autoIncrementCycle>false</autoIncrementCycle>
</Column>
<Column name="lineaCentralAmarillaSegmentada" id="3D958672-E33C-4416-732D-97BAAEC4F6EA">
<createdBy>H3C4</createdBy>
<createdTime>2022-06-22 05:09:00 UTC</createdTime>
<generatorID>553D7DA9-4692-96F7-1D80-02661312EC3F</generatorID>
<ownerDesignName>dbITBOY</ownerDesignName>
<nullsAllowed>true</nullsAllowed>
<useDomainConstraints>false</useDomainConstraints>
<use>1</use>
<logicalDatatype>LOGDT006</logicalDatatype>
<dataTypeSize>1 CHAR</dataTypeSize>
<ownDataTypeParameters>1 CHAR,,</ownDataTypeParameters>
<autoIncrementCycle>false</autoIncrementCycle>
</Column>
<Column name="lineaCarrilBlancaContinua" id="FAD607C8-11F4-ABAF-A60B-2CC33DFE9AD8">
<createdBy>H3C4</createdBy>
<createdTime>2022-06-22 05:09:00 UTC</createdTime>
<generatorID>7857C820-2D5B-7DE6-C738-0A291AD458ED</generatorID>
<ownerDesignName>dbITBOY</ownerDesignName>
<nullsAllowed>true</nullsAllowed>
<useDomainConstraints>false</useDomainConstraints>
<use>1</use>
<logicalDatatype>LOGDT006</logicalDatatype>
<dataTypeSize>1 CHAR</dataTypeSize>
<ownDataTypeParameters>1 CHAR,,</ownDataTypeParameters>
<autoIncrementCycle>false</autoIncrementCycle>
</Column>
<Column name="lineaCarrilBlancaSegmentada" id="44F2B8D4-5717-B326-1A42-2A19043CA38F">
<createdBy>H3C4</createdBy>
<createdTime>2022-06-22 05:09:00 UTC</createdTime>
<generatorID>C41ACDB7-6672-849E-DD86-A9A06A325C70</generatorID>
<ownerDesignName>dbITBOY</ownerDesignName>
<nullsAllowed>true</nullsAllowed>
<useDomainConstraints>false</useDomainConstraints>
<use>1</use>
<logicalDatatype>LOGDT006</logicalDatatype>
<dataTypeSize>1 CHAR</dataTypeSize>
<ownDataTypeParameters>1 CHAR,,</ownDataTypeParameters>
<autoIncrementCycle>false</autoIncrementCycle>
</Column>
<Column name="lineaCarrilBlancaLBA" id="2E748A48-B949-3DFE-B1FF-EF0F9A4064A5">
<createdBy>H3C4</createdBy>
<createdTime>2022-06-22 05:09:00 UTC</createdTime>
<generatorID>7A10A565-0199-488B-8B93-DACFF723F1F6</generatorID>
<ownerDesignName>dbITBOY</ownerDesignName>
<nullsAllowed>true</nullsAllowed>
<useDomainConstraints>false</useDomainConstraints>
<use>1</use>
<logicalDatatype>LOGDT006</logicalDatatype>
<dataTypeSize>1 CHAR</dataTypeSize>
<ownDataTypeParameters>1 CHAR,,</ownDataTypeParameters>
<autoIncrementCycle>false</autoIncrementCycle>
</Column>
<Column name="lineaCarrilBlancaLA" id="08E7A440-F7FE-896F-2800-C54A50673C5B">
<createdBy>H3C4</createdBy>
<createdTime>2022-06-22 05:09:00 UTC</createdTime>
<generatorID>90405B83-708C-BF66-022C-B15780C94ECA</generatorID>
<ownerDesignName>dbITBOY</ownerDesignName>
<nullsAllowed>true</nullsAllowed>
<useDomainConstraints>false</useDomainConstraints>
<use>1</use>
<logicalDatatype>LOGDT006</logicalDatatype>
<dataTypeSize>1 CHAR</dataTypeSize>
<ownDataTypeParameters>1 CHAR,,</ownDataTypeParameters>
<autoIncrementCycle>false</autoIncrementCycle>
</Column>
<Column name="flechas" id="6F7E4D54-EC5F-7E62-8751-294910B71E3E">
<createdBy>H3C4</createdBy>
<createdTime>2022-06-22 05:09:00 UTC</createdTime>
<generatorID>BD2659C7-B072-9756-54B8-D22B5970A743</generatorID>
<ownerDesignName>dbITBOY</ownerDesignName>
<nullsAllowed>true</nullsAllowed>
<useDomainConstraints>false</useDomainConstraints>
<use>1</use>
<logicalDatatype>LOGDT006</logicalDatatype>
<dataTypeSize>1 CHAR</dataTypeSize>
<ownDataTypeParameters>1 CHAR,,</ownDataTypeParameters>
<autoIncrementCycle>false</autoIncrementCycle>
</Column>
<Column name="leyendas" id="DD288A11-14AA-D376-4A28-4FA655B54C11">
<createdBy>H3C4</createdBy>
<createdTime>2022-06-22 05:09:00 UTC</createdTime>
<generatorID>2E1FC611-E52D-964F-FB75-580C78ADA6DB</generatorID>
<ownerDesignName>dbITBOY</ownerDesignName>
<nullsAllowed>true</nullsAllowed>
<useDomainConstraints>false</useDomainConstraints>
<use>1</use>
<logicalDatatype>LOGDT006</logicalDatatype>
<dataTypeSize>1 CHAR</dataTypeSize>
<ownDataTypeParameters>1 CHAR,,</ownDataTypeParameters>
<autoIncrementCycle>false</autoIncrementCycle>
</Column>
<Column name="simbolos" id="C57D634D-7373-0C7F-1CA2-A4D5E02BC17B">
<createdBy>H3C4</createdBy>
<createdTime>2022-06-22 05:09:00 UTC</createdTime>
<generatorID>A76E4020-7482-1BF1-377C-59348F7A8B96</generatorID>
<ownerDesignName>dbITBOY</ownerDesignName>
<nullsAllowed>true</nullsAllowed>
<useDomainConstraints>false</useDomainConstraints>
<use>1</use>
<logicalDatatype>LOGDT006</logicalDatatype>
<dataTypeSize>1 CHAR</dataTypeSize>
<ownDataTypeParameters>1 CHAR,,</ownDataTypeParameters>
<autoIncrementCycle>false</autoIncrementCycle>
</Column>
<Column name="otraSenal" id="108B4677-B117-47B3-69FE-AC348F30C741">
<createdBy>H3C4</createdBy>
<createdTime>2022-06-22 05:09:00 UTC</createdTime>
<generatorID>5B8F7F8A-D69A-30E7-6465-35A85A3E4D7D</generatorID>
<ownerDesignName>dbITBOY</ownerDesignName>
<nullsAllowed>true</nullsAllowed>
<useDomainConstraints>false</useDomainConstraints>
<use>1</use>
<logicalDatatype>LOGDT024</logicalDatatype>
<dataTypeSize>255 CHAR</dataTypeSize>
<ownDataTypeParameters>255 CHAR,,</ownDataTypeParameters>
<autoIncrementCycle>false</autoIncrementCycle>
</Column>
<Column name="controlesTransito_id_controlesTransito" id="A368245D-F6E6-DD44-7250-4A719A5628A7">
<createdBy>H3C4</createdBy>
<createdTime>2022-06-22 05:09:00 UTC</createdTime>
<generatorID>AFD61A60-FF52-C041-DD34-3DF1B96815A0</generatorID>
<ownerDesignName>dbITBOY</ownerDesignName>
<useDomainConstraints>false</useDomainConstraints>
<use>1</use>
<logicalDatatype>LOGDT011</logicalDatatype>
<ownDataTypeParameters>,,</ownDataTypeParameters>
<previousColumn>false</previousColumn>
<autoIncrementCycle>false</autoIncrementCycle>
<associations>
<colAssociation fkAssociation="0F6928B7-9089-A943-F6B9-57D07003A62B" referredColumn="BE078BD5-19F4-FA2A-C726-D4AC3E8C2F39"/>
</associations>
</Column>
</columns>
<indexes itemClass="oracle.dbtools.crest.model.design.relational.Index">
<ind_PK_UK id="0B62A302-158D-5D80-F8C5-B3016B6C4D51" name="senalesHorizontales_PK">
<createdBy>H3C4</createdBy>
<createdTime>2022-06-22 05:09:00 UTC</createdTime>
<generatorID>FF6A63D3-B3D5-DC73-4A8F-C05876BFAB54</generatorID>
<ownerDesignName>dbITBOY</ownerDesignName>
<pk>true</pk>
<indexState>Primary Constraint</indexState>
<isSurrogateKey>false</isSurrogateKey>
<indexColumnUsage>
<colUsage columnID="B7D58CA5-70D9-A495-3025-23251F0CC386"/>
</indexColumnUsage>
</ind_PK_UK>
<ind_PK_UK id="CECB2966-23D7-1AD1-5A36-92CA4E7B997E" name="senalesHorizontales__IDX">
<createdBy>H3C4</createdBy>
<createdTime>2022-06-22 05:09:00 UTC</createdTime>
<ownerDesignName>dbITBOY</ownerDesignName>
<indexState>Unique Plain Index</indexState>
<isSurrogateKey>false</isSurrogateKey>
<relationGeneratorID>0F22BBD4-FEFF-F7B8-E56C-CB5E923DD565</relationGeneratorID>
<indexColumnUsage>
<colUsage columnID="A368245D-F6E6-DD44-7250-4A719A5628A7"/>
</indexColumnUsage>
</ind_PK_UK>
<ind_PK_UK id="3B335AC9-F655-322A-82A0-B349295809BC" name="senalesHorizontales_controlesTransito_FK">
<createdBy>H3C4</createdBy>
<createdTime>2022-06-22 05:09:00 UTC</createdTime>
<generatorID>0F22BBD4-FEFF-F7B8-E56C-CB5E923DD565</generatorID>
<ownerDesignName>dbITBOY</ownerDesignName>
<indexState>Foreign Key</indexState>
<isSurrogateKey>false</isSurrogateKey>
<indexColumnUsage>
<colUsage columnID="A368245D-F6E6-DD44-7250-4A719A5628A7"/>
</indexColumnUsage>
</ind_PK_UK>
</indexes>
</Table>