<?xml version = '1.0' encoding = 'UTF-8'?>
<Table class="oracle.dbtools.crest.model.design.relational.Table" directorySegmentName="seg_2" id="A4538B5B-A960-B99F-07B5-D1F55D0153C7" name="via1">
<createdBy>H3C4</createdBy>
<createdTime>2022-06-22 05:09:00 UTC</createdTime>
<generatorID>790A0606-53AB-BB77-9613-42D079DACF36</generatorID>
<ownerDesignName>dbITBOY</ownerDesignName>
<allowColumnReorder>false</allowColumnReorder>
<existDependencyGenerateInDDl>true</existDependencyGenerateInDDl>
<parsed>true</parsed>
<columns itemClass="oracle.dbtools.crest.model.design.relational.Column">
<Column name="id_caracVia1" id="70239ED3-3EB6-4B06-199E-C3DF3FA9F02C">
<createdBy>H3C4</createdBy>
<createdTime>2022-06-22 05:09:00 UTC</createdTime>
<generatorID>7F6C6966-E602-C7A1-F98E-9AB5E40ED513</generatorID>
<ownerDesignName>dbITBOY</ownerDesignName>
<use>0</use>
<ownDataTypeParameters>,,</ownDataTypeParameters>
<autoIncrementCycle>false</autoIncrementCycle>
</Column>
<Column name="caracteristicasVia_id_caracVia" id="F6305C34-DD3D-7237-7B9C-96A8CFDEE76E">
<createdBy>H3C4</createdBy>
<createdTime>2022-06-22 05:09:00 UTC</createdTime>
<generatorID>3CF49B4C-91BC-882F-8458-4C3DB7D698B1</generatorID>
<ownerDesignName>dbITBOY</ownerDesignName>
<useDomainConstraints>false</useDomainConstraints>
<use>1</use>
<logicalDatatype>LOGDT011</logicalDatatype>
<ownDataTypeParameters>,,</ownDataTypeParameters>
<previousColumn>false</previousColumn>
<autoIncrementCycle>false</autoIncrementCycle>
<associations>
<colAssociation fkAssociation="9455893E-5CD5-AAF8-BD57-E4B45B3BA611" referredColumn="0ABE4661-235A-724E-A400-214DA3F15CCC"/>
</associations>
</Column>
</columns>
<indexes itemClass="oracle.dbtools.crest.model.design.relational.Index">
<ind_PK_UK id="17071A88-28AF-9E86-4BF6-3AA57EDC73F8" name="via1_PK">
<createdBy>H3C4</createdBy>
<createdTime>2022-06-22 05:09:00 UTC</createdTime>
<generatorID>90D20048-E36B-F4E2-1EDC-211BF66E2043</generatorID>
<ownerDesignName>dbITBOY</ownerDesignName>
<pk>true</pk>
<indexState>Primary Constraint</indexState>
<isSurrogateKey>false</isSurrogateKey>
<indexColumnUsage>
<colUsage columnID="70239ED3-3EB6-4B06-199E-C3DF3FA9F02C"/>
</indexColumnUsage>
</ind_PK_UK>
<ind_PK_UK id="49225DA2-8592-E8D5-5F91-73819B6EAC46" name="via1__IDX">
<createdBy>H3C4</createdBy>
<createdTime>2022-06-22 05:09:00 UTC</createdTime>
<ownerDesignName>dbITBOY</ownerDesignName>
<indexState>Unique Plain Index</indexState>
<isSurrogateKey>false</isSurrogateKey>
<relationGeneratorID>5E0FBC06-D186-8CA3-59C2-0FD38DEFE1B8</relationGeneratorID>
<indexColumnUsage>
<colUsage columnID="F6305C34-DD3D-7237-7B9C-96A8CFDEE76E"/>
</indexColumnUsage>
</ind_PK_UK>
<ind_PK_UK id="A9BC1873-47B2-EECF-2B0E-1B9EA4BEC07F" name="via1_caracteristicasVia_FK">
<createdBy>H3C4</createdBy>
<createdTime>2022-06-22 05:09:00 UTC</createdTime>
<generatorID>5E0FBC06-D186-8CA3-59C2-0FD38DEFE1B8</generatorID>
<ownerDesignName>dbITBOY</ownerDesignName>
<indexState>Foreign Key</indexState>
<isSurrogateKey>false</isSurrogateKey>
<indexColumnUsage>
<colUsage columnID="F6305C34-DD3D-7237-7B9C-96A8CFDEE76E"/>
</indexColumnUsage>
</ind_PK_UK>
</indexes>
</Table>