<?xml version = '1.0' encoding = 'UTF-8'?>
<Table class="oracle.dbtools.crest.model.design.relational.Table" directorySegmentName="seg_2" id="A6C10D40-9D31-B1C9-8F89-D9D1E4015290" name="via1Croquis">
<createdBy>H3C4</createdBy>
<createdTime>2022-06-22 05:09:00 UTC</createdTime>
<generatorID>A038D23D-4730-8A36-F242-648F9D84B486</generatorID>
<ownerDesignName>dbITBOY</ownerDesignName>
<allowColumnReorder>false</allowColumnReorder>
<existDependencyGenerateInDDl>true</existDependencyGenerateInDDl>
<parsed>true</parsed>
<columns itemClass="oracle.dbtools.crest.model.design.relational.Column">
<Column name="id_via1" id="CD3C7B57-0846-3485-20C5-1ADFD0A767A6">
<createdBy>H3C4</createdBy>
<createdTime>2022-06-22 05:09:00 UTC</createdTime>
<generatorID>3312CE5D-4575-AF86-D2A4-5E1712991142</generatorID>
<ownerDesignName>dbITBOY</ownerDesignName>
<useDomainConstraints>false</useDomainConstraints>
<use>1</use>
<logicalDatatype>LOGDT011</logicalDatatype>
<ownDataTypeParameters>,,</ownDataTypeParameters>
<autoIncrementCycle>false</autoIncrementCycle>
</Column>
<Column name="radio" id="5AA1DC91-7BAB-B367-1B9F-282501BB5D2B">
<createdBy>H3C4</createdBy>
<createdTime>2022-06-22 05:09:00 UTC</createdTime>
<generatorID>C9DC14F7-FAF1-6D4F-45B8-172876077871</generatorID>
<ownerDesignName>dbITBOY</ownerDesignName>
<nullsAllowed>true</nullsAllowed>
<useDomainConstraints>false</useDomainConstraints>
<use>1</use>
<logicalDatatype>LOGDT020</logicalDatatype>
<ownDataTypeParameters>,,</ownDataTypeParameters>
<autoIncrementCycle>false</autoIncrementCycle>
</Column>
<Column name="peralte" id="6EC15030-A0A3-19D3-B4E2-63E2C0C33DF8">
<createdBy>H3C4</createdBy>
<createdTime>2022-06-22 05:09:00 UTC</createdTime>
<generatorID>856AA292-1344-6B60-1895-37989BB342E9</generatorID>
<ownerDesignName>dbITBOY</ownerDesignName>
<nullsAllowed>true</nullsAllowed>
<useDomainConstraints>false</useDomainConstraints>
<use>1</use>
<logicalDatatype>LOGDT020</logicalDatatype>
<ownDataTypeParameters>,,</ownDataTypeParameters>
<autoIncrementCycle>false</autoIncrementCycle>
</Column>
<Column name="pendiente" id="FFAB04EE-E8C9-EEB1-4BEE-EB313D78F2EB">
<createdBy>H3C4</createdBy>
<createdTime>2022-06-22 05:09:00 UTC</createdTime>
<generatorID>2450DF26-24BF-B654-7831-6C64591680DD</generatorID>
<ownerDesignName>dbITBOY</ownerDesignName>
<nullsAllowed>true</nullsAllowed>
<useDomainConstraints>false</useDomainConstraints>
<use>1</use>
<logicalDatatype>LOGDT020</logicalDatatype>
<ownDataTypeParameters>,,</ownDataTypeParameters>
<autoIncrementCycle>false</autoIncrementCycle>
</Column>
<Column name="croquis_id_croquis" id="DDF7B0D8-99B4-B4AF-2C1A-0C3884BF62D8">
<createdBy>H3C4</createdBy>
<createdTime>2022-06-22 05:09:00 UTC</createdTime>
<generatorID>7102E012-72AA-8024-C422-9BE54011A5F3</generatorID>
<ownerDesignName>dbITBOY</ownerDesignName>
<useDomainConstraints>false</useDomainConstraints>
<use>1</use>
<logicalDatatype>LOGDT011</logicalDatatype>
<ownDataTypeParameters>,,</ownDataTypeParameters>
<previousColumn>false</previousColumn>
<autoIncrementCycle>false</autoIncrementCycle>
<associations>
<colAssociation fkAssociation="06E529CE-BA23-A2AA-B645-54685FA96E95" referredColumn="B9D8BE57-6E4D-4B56-611C-4BA4E344666D"/>
</associations>
</Column>
<Column name="croquis_id_casoAccidente" id="8C24D7BD-906E-DEF3-E604-193F0E075324">
<createdBy>H3C4</createdBy>
<createdTime>2022-06-22 05:09:00 UTC</createdTime>
<generatorID>8CE86DAA-CE73-3DF8-99DE-D1678796F6EF</generatorID>
<ownerDesignName>dbITBOY</ownerDesignName>
<useDomainConstraints>false</useDomainConstraints>
<use>1</use>
<logicalDatatype>LOGDT019</logicalDatatype>
<ownDataTypeParameters>,,</ownDataTypeParameters>
<previousColumn>false</previousColumn>
<autoIncrementCycle>false</autoIncrementCycle>
<associations>
<colAssociation fkAssociation="06E529CE-BA23-A2AA-B645-54685FA96E95" referredColumn="FCF81A68-CB87-388D-ED4F-C5BE2DA5CB2C"/>
</associations>
</Column>
</columns>
<indexes itemClass="oracle.dbtools.crest.model.design.relational.Index">
<ind_PK_UK id="EC26D975-EBA1-1F8A-5415-4C88762FA5E4" name="via1Croquis_PK">
<createdBy>H3C4</createdBy>
<createdTime>2022-06-22 05:09:00 UTC</createdTime>
<generatorID>DFC0D3FB-99AC-1900-E06F-8D0F0B6614A6</generatorID>
<ownerDesignName>dbITBOY</ownerDesignName>
<pk>true</pk>
<indexState>Primary Constraint</indexState>
<isSurrogateKey>false</isSurrogateKey>
<indexColumnUsage>
<colUsage columnID="CD3C7B57-0846-3485-20C5-1ADFD0A767A6"/>
</indexColumnUsage>
</ind_PK_UK>
<ind_PK_UK id="1C3CE64B-3B9A-6400-9622-D18B452DA68F" name="via1Croquis__IDX">
<createdBy>H3C4</createdBy>
<createdTime>2022-06-22 05:09:00 UTC</createdTime>
<ownerDesignName>dbITBOY</ownerDesignName>
<indexState>Unique Plain Index</indexState>
<isSurrogateKey>false</isSurrogateKey>
<relationGeneratorID>87C11060-1F4D-42D0-684B-CE2777F5E016</relationGeneratorID>
<indexColumnUsage>
<colUsage columnID="DDF7B0D8-99B4-B4AF-2C1A-0C3884BF62D8"/>
<colUsage columnID="8C24D7BD-906E-DEF3-E604-193F0E075324"/>
</indexColumnUsage>
</ind_PK_UK>
<ind_PK_UK id="2E9644D0-10F5-A424-C2B8-474EBBD000B7" name="via1Croquis_croquis_FK">
<createdBy>H3C4</createdBy>
<createdTime>2022-06-22 05:09:00 UTC</createdTime>
<generatorID>87C11060-1F4D-42D0-684B-CE2777F5E016</generatorID>
<ownerDesignName>dbITBOY</ownerDesignName>
<indexState>Foreign Key</indexState>
<isSurrogateKey>false</isSurrogateKey>
<indexColumnUsage>
<colUsage columnID="DDF7B0D8-99B4-B4AF-2C1A-0C3884BF62D8"/>
<colUsage columnID="8C24D7BD-906E-DEF3-E604-193F0E075324"/>
</indexColumnUsage>
</ind_PK_UK>
</indexes>
</Table>