<?xml version = '1.0' encoding = 'UTF-8'?>
<Table class="oracle.dbtools.crest.model.design.relational.Table" directorySegmentName="seg_2" id="BAE86210-5A9C-6609-08BE-174EAE9971CF" name="visibilidad">
<createdBy>H3C4</createdBy>
<createdTime>2022-06-22 05:09:00 UTC</createdTime>
<generatorID>28EB577E-A450-7E46-A375-04986CCD0A7C</generatorID>
<ownerDesignName>dbITBOY</ownerDesignName>
<allowColumnReorder>false</allowColumnReorder>
<existDependencyGenerateInDDl>true</existDependencyGenerateInDDl>
<parsed>true</parsed>
<columns itemClass="oracle.dbtools.crest.model.design.relational.Column">
<Column name="id_visibilidad" id="07F1FB0C-2553-F4DC-3E8D-33E115C3A335">
<createdBy>H3C4</createdBy>
<createdTime>2022-06-22 05:09:00 UTC</createdTime>
<generatorID>065C3860-77D5-531A-8CB6-5625D5F60C73</generatorID>
<ownerDesignName>dbITBOY</ownerDesignName>
<useDomainConstraints>false</useDomainConstraints>
<use>1</use>
<logicalDatatype>LOGDT011</logicalDatatype>
<ownDataTypeParameters>,,</ownDataTypeParameters>
<autoIncrementCycle>false</autoIncrementCycle>
</Column>
<Column name="normal" id="1A17864E-AB22-DF60-9C27-9582D3E4ECC6">
<createdBy>H3C4</createdBy>
<createdTime>2022-06-22 05:09:00 UTC</createdTime>
<generatorID>AB66FCFC-21A3-5870-1628-6FF81EA3D57C</generatorID>
<ownerDesignName>dbITBOY</ownerDesignName>
<nullsAllowed>true</nullsAllowed>
<useDomainConstraints>false</useDomainConstraints>
<use>1</use>
<logicalDatatype>LOGDT006</logicalDatatype>
<dataTypeSize>1 CHAR</dataTypeSize>
<ownDataTypeParameters>1 CHAR,,</ownDataTypeParameters>
<autoIncrementCycle>false</autoIncrementCycle>
</Column>
<Column name="disminuidaPorCasetas" id="2AD07AE5-2FFA-CFB9-36E9-ED2B5877590A">
<createdBy>H3C4</createdBy>
<createdTime>2022-06-22 05:09:00 UTC</createdTime>
<generatorID>58B3F893-E127-3982-E6C5-A6463369B87B</generatorID>
<ownerDesignName>dbITBOY</ownerDesignName>
<nullsAllowed>true</nullsAllowed>
<useDomainConstraints>false</useDomainConstraints>
<use>1</use>
<logicalDatatype>LOGDT006</logicalDatatype>
<dataTypeSize>1 CHAR</dataTypeSize>
<ownDataTypeParameters>1 CHAR,,</ownDataTypeParameters>
<autoIncrementCycle>false</autoIncrementCycle>
</Column>
<Column name="disminuidaPorConstruccion" id="BBDB9702-FEE8-BC30-38CE-BD1852D92CBD">
<createdBy>H3C4</createdBy>
<createdTime>2022-06-22 05:09:00 UTC</createdTime>
<generatorID>7DDB3E7E-CA30-2726-DDB3-D661D146F734</generatorID>
<ownerDesignName>dbITBOY</ownerDesignName>
<nullsAllowed>true</nullsAllowed>
<useDomainConstraints>false</useDomainConstraints>
<use>1</use>
<logicalDatatype>LOGDT006</logicalDatatype>
<dataTypeSize>1 CHAR</dataTypeSize>
<ownDataTypeParameters>1 CHAR,,</ownDataTypeParameters>
<autoIncrementCycle>false</autoIncrementCycle>
</Column>
<Column name="disminuidaPorVallas" id="CA03D723-35A9-EB8D-18FD-20CE4DC3C671">
<createdBy>H3C4</createdBy>
<createdTime>2022-06-22 05:09:00 UTC</createdTime>
<generatorID>A0DFA662-825B-74DC-9111-C07E54730B16</generatorID>
<ownerDesignName>dbITBOY</ownerDesignName>
<nullsAllowed>true</nullsAllowed>
<useDomainConstraints>false</useDomainConstraints>
<use>1</use>
<logicalDatatype>LOGDT006</logicalDatatype>
<dataTypeSize>1 CHAR</dataTypeSize>
<ownDataTypeParameters>1 CHAR,,</ownDataTypeParameters>
<autoIncrementCycle>false</autoIncrementCycle>
</Column>
<Column name="disminuidaPorArbolVegetacion" id="AE58ACF9-1926-74AC-F191-B6D7CDB95C54">
<createdBy>H3C4</createdBy>
<createdTime>2022-06-22 05:09:00 UTC</createdTime>
<generatorID>A7E5DAEF-E5A7-CE81-AA67-18011F03DE89</generatorID>
<ownerDesignName>dbITBOY</ownerDesignName>
<nullsAllowed>true</nullsAllowed>
<useDomainConstraints>false</useDomainConstraints>
<use>1</use>
<logicalDatatype>LOGDT006</logicalDatatype>
<dataTypeSize>1 CHAR</dataTypeSize>
<ownDataTypeParameters>1 CHAR,,</ownDataTypeParameters>
<autoIncrementCycle>false</autoIncrementCycle>
</Column>
<Column name="disminuidaPorVehiculoEstacionado" id="83BE2F6A-BFE7-2021-A9BA-550C7AC9DE81">
<createdBy>H3C4</createdBy>
<createdTime>2022-06-22 05:09:00 UTC</createdTime>
<generatorID>B32A315C-72A9-00B2-4149-E58BBC4F18CD</generatorID>
<ownerDesignName>dbITBOY</ownerDesignName>
<nullsAllowed>true</nullsAllowed>
<useDomainConstraints>false</useDomainConstraints>
<use>1</use>
<logicalDatatype>LOGDT006</logicalDatatype>
<dataTypeSize>1 CHAR</dataTypeSize>
<ownDataTypeParameters>1 CHAR,,</ownDataTypeParameters>
<autoIncrementCycle>false</autoIncrementCycle>
</Column>
<Column name="disminuidaPorEncadilamiento" id="0E081A9D-B77B-DA81-8BC6-855EECA0B018">
<createdBy>H3C4</createdBy>
<createdTime>2022-06-22 05:09:00 UTC</createdTime>
<generatorID>613FFE1A-EE5C-CE66-78CB-749A9A7BC3D7</generatorID>
<ownerDesignName>dbITBOY</ownerDesignName>
<nullsAllowed>true</nullsAllowed>
<useDomainConstraints>false</useDomainConstraints>
<use>1</use>
<logicalDatatype>LOGDT006</logicalDatatype>
<dataTypeSize>1 CHAR</dataTypeSize>
<ownDataTypeParameters>1 CHAR,,</ownDataTypeParameters>
<autoIncrementCycle>false</autoIncrementCycle>
</Column>
<Column name="disminuidaPorPoste" id="89C7129C-E353-30D6-DF1D-0A2B9014A260">
<createdBy>H3C4</createdBy>
<createdTime>2022-06-22 05:09:00 UTC</createdTime>
<generatorID>40AFA07F-7599-5C1D-57A8-D6EDCE97FE75</generatorID>
<ownerDesignName>dbITBOY</ownerDesignName>
<nullsAllowed>true</nullsAllowed>
<useDomainConstraints>false</useDomainConstraints>
<use>1</use>
<logicalDatatype>LOGDT006</logicalDatatype>
<dataTypeSize>1 CHAR</dataTypeSize>
<ownDataTypeParameters>1 CHAR,,</ownDataTypeParameters>
<autoIncrementCycle>false</autoIncrementCycle>
</Column>
<Column name="otros" id="E15BF68F-61BB-92BF-D288-A8C1F1006A05">
<createdBy>H3C4</createdBy>
<createdTime>2022-06-22 05:09:00 UTC</createdTime>
<generatorID>8B1BEA6E-0D2A-33DB-13CE-23CF6A8525B0</generatorID>
<ownerDesignName>dbITBOY</ownerDesignName>
<nullsAllowed>true</nullsAllowed>
<useDomainConstraints>false</useDomainConstraints>
<use>1</use>
<logicalDatatype>LOGDT024</logicalDatatype>
<dataTypeSize>255 CHAR</dataTypeSize>
<ownDataTypeParameters>255 CHAR,,</ownDataTypeParameters>
<autoIncrementCycle>false</autoIncrementCycle>
</Column>
<Column name="via1_id_caracVia1" id="2F282C20-8C73-CA90-FEE9-F57EB2E8614A">
<createdBy>H3C4</createdBy>
<createdTime>2022-06-22 05:09:00 UTC</createdTime>
<generatorID>97CEBB87-2801-BFCF-72C9-2B201279FD40</generatorID>
<ownerDesignName>dbITBOY</ownerDesignName>
<use>0</use>
<ownDataTypeParameters>,,</ownDataTypeParameters>
<previousColumn>false</previousColumn>
<autoIncrementCycle>false</autoIncrementCycle>
<associations>
<colAssociation fkAssociation="CEB68460-078B-92F9-481D-D6EA6A38ADC3" referredColumn="70239ED3-3EB6-4B06-199E-C3DF3FA9F02C"/>
</associations>
</Column>
<Column name="via2_id_caracVia2" id="BB42FCBD-CBCB-744B-5062-9466F78BEC40">
<createdBy>H3C4</createdBy>
<createdTime>2022-06-22 05:09:00 UTC</createdTime>
<generatorID>2596D8DC-CE2F-4521-E9A9-CDEBD35595AF</generatorID>
<ownerDesignName>dbITBOY</ownerDesignName>
<useDomainConstraints>false</useDomainConstraints>
<use>1</use>
<logicalDatatype>LOGDT011</logicalDatatype>
<ownDataTypeParameters>,,</ownDataTypeParameters>
<previousColumn>false</previousColumn>
<autoIncrementCycle>false</autoIncrementCycle>
<associations>
<colAssociation fkAssociation="6E56CBFE-58CD-81BB-44E9-068A5969D362" referredColumn="760E4E4C-6519-2CF0-BBC1-92E3D3AD08FB"/>
</associations>
</Column>
</columns>
<indexes itemClass="oracle.dbtools.crest.model.design.relational.Index">
<ind_PK_UK id="71266DA7-7FCF-161D-F9AD-FA5F1A268FFC" name="visibilidad_PK">
<createdBy>H3C4</createdBy>
<createdTime>2022-06-22 05:09:00 UTC</createdTime>
<generatorID>324D4430-D5D3-0023-9079-6D95692B13FB</generatorID>
<ownerDesignName>dbITBOY</ownerDesignName>
<pk>true</pk>
<indexState>Primary Constraint</indexState>
<isSurrogateKey>false</isSurrogateKey>
<indexColumnUsage>
<colUsage columnID="07F1FB0C-2553-F4DC-3E8D-33E115C3A335"/>
</indexColumnUsage>
</ind_PK_UK>
<ind_PK_UK id="D5DD51A6-D6DF-4964-6C66-897DF87F77C6" name="visibilidad__IDX">
<createdBy>H3C4</createdBy>
<createdTime>2022-06-22 05:09:00 UTC</createdTime>
<ownerDesignName>dbITBOY</ownerDesignName>
<indexState>Unique Plain Index</indexState>
<isSurrogateKey>false</isSurrogateKey>
<relationGeneratorID>84AD2DAD-9A2E-A55C-2486-D8C9FFC41AD7</relationGeneratorID>
<indexColumnUsage>
<colUsage columnID="2F282C20-8C73-CA90-FEE9-F57EB2E8614A"/>
</indexColumnUsage>
</ind_PK_UK>
<ind_PK_UK id="CCF04C93-9C92-907B-0F0D-1AEC9B15DB20" name="visibilidad__IDXv1">
<createdBy>H3C4</createdBy>
<createdTime>2022-06-22 05:09:00 UTC</createdTime>
<ownerDesignName>dbITBOY</ownerDesignName>
<indexState>Unique Plain Index</indexState>
<isSurrogateKey>false</isSurrogateKey>
<relationGeneratorID>F1549D6A-0F5D-08CC-2B0A-7A296F9CCA16</relationGeneratorID>
<indexColumnUsage>
<colUsage columnID="BB42FCBD-CBCB-744B-5062-9466F78BEC40"/>
</indexColumnUsage>
</ind_PK_UK>
<ind_PK_UK id="6D756880-A053-87EE-BC3D-64751C8F25F8" name="visibilidad_via1_FK">
<createdBy>H3C4</createdBy>
<createdTime>2022-06-22 05:09:00 UTC</createdTime>
<generatorID>84AD2DAD-9A2E-A55C-2486-D8C9FFC41AD7</generatorID>
<ownerDesignName>dbITBOY</ownerDesignName>
<indexState>Foreign Key</indexState>
<isSurrogateKey>false</isSurrogateKey>
<indexColumnUsage>
<colUsage columnID="2F282C20-8C73-CA90-FEE9-F57EB2E8614A"/>
</indexColumnUsage>
</ind_PK_UK>
<ind_PK_UK id="F684E45F-55E8-BD91-371E-699C6DC6A6A7" name="visibilidad_via2_FK">
<createdBy>H3C4</createdBy>
<createdTime>2022-06-22 05:09:00 UTC</createdTime>
<generatorID>F1549D6A-0F5D-08CC-2B0A-7A296F9CCA16</generatorID>
<ownerDesignName>dbITBOY</ownerDesignName>
<indexState>Foreign Key</indexState>
<isSurrogateKey>false</isSurrogateKey>
<indexColumnUsage>
<colUsage columnID="BB42FCBD-CBCB-744B-5062-9466F78BEC40"/>
</indexColumnUsage>
</ind_PK_UK>
</indexes>
</Table>