<?xml version = '1.0' encoding = 'UTF-8'?>
<Entity class="oracle.dbtools.crest.model.design.logical.Entity" directorySegmentName="seg_0" id="1B5CC370-232C-2F0E-1869-76C904E00258" name="MismoConductor">
<createdBy>H3C4</createdBy>
<createdTime>2022-06-22 02:23:23 UTC</createdTime>
<ownerDesignName>dbITBOY</ownerDesignName>
<engineerTo>
<item key="BD738D14-369A-73E6-F8D7-1C0E8D2AD1AC" value="true"/>
</engineerTo>
<adequatelyNormalized>NO</adequatelyNormalized>
<expectedVolumes>0</expectedVolumes>
<fwdEngineeringStrategyName>Single Table</fwdEngineeringStrategyName>
<growthPercent>0</growthPercent>
<growthType>Year</growthType>
<maxVolumes>9999999</maxVolumes>
<minVolumes>0</minVolumes>
<normalForm>Third</normalForm>
<attributes itemClass="oracle.dbtools.crest.model.design.logical.Attribute">
<Attribute name="id_propietarioConductor" id="A5082AEF-6121-5B46-D841-F0609CA217E9">
<createdBy>H3C4</createdBy>
<createdTime>2022-06-22 02:23:34 UTC</createdTime>
<ownerDesignName>dbITBOY</ownerDesignName>
<engineerTo>
<item key="BD738D14-369A-73E6-F8D7-1C0E8D2AD1AC" value="true"/>
</engineerTo>
<useDomainConstraints>false</useDomainConstraints>
<use>1</use>
<logicalDatatype>LOGDT011</logicalDatatype>
<ownDataTypeParameters>,,</ownDataTypeParameters>
</Attribute>
<Attribute name="si" id="65D5FD69-331C-6FFC-940E-F8DE93CF4942">
<createdBy>H3C4</createdBy>
<createdTime>2022-06-22 02:23:50 UTC</createdTime>
<ownerDesignName>dbITBOY</ownerDesignName>
<engineerTo>
<item key="BD738D14-369A-73E6-F8D7-1C0E8D2AD1AC" value="true"/>
</engineerTo>
<nullsAllowed>true</nullsAllowed>
<useDomainConstraints>false</useDomainConstraints>
<use>1</use>
<logicalDatatype>LOGDT006</logicalDatatype>
<dataTypeSize>1 CHAR</dataTypeSize>
<ownDataTypeParameters>1 CHAR,,</ownDataTypeParameters>
</Attribute>
<Attribute name="no" id="B447EB90-2B71-B879-714D-F6FB66706A2A">
<createdBy>H3C4</createdBy>
<createdTime>2022-06-22 02:24:00 UTC</createdTime>
<ownerDesignName>dbITBOY</ownerDesignName>
<engineerTo>
<item key="BD738D14-369A-73E6-F8D7-1C0E8D2AD1AC" value="true"/>
</engineerTo>
<nullsAllowed>true</nullsAllowed>
<useDomainConstraints>false</useDomainConstraints>
<use>1</use>
<logicalDatatype>LOGDT006</logicalDatatype>
<dataTypeSize>1 CHAR</dataTypeSize>
<ownDataTypeParameters>1 CHAR,,</ownDataTypeParameters>
</Attribute>
<Attribute name="apellidoNombre_1" id="D815AF36-4B72-306F-A85A-C81C39FB5673">
<createdBy>H3C4</createdBy>
<createdTime>2022-06-22 02:24:28 UTC</createdTime>
<ownerDesignName>dbITBOY</ownerDesignName>
<engineerTo>
<item key="BD738D14-369A-73E6-F8D7-1C0E8D2AD1AC" value="true"/>
</engineerTo>
<nullsAllowed>true</nullsAllowed>
<useDomainConstraints>false</useDomainConstraints>
<use>1</use>
<logicalDatatype>LOGDT024</logicalDatatype>
<dataTypeSize>255 CHAR</dataTypeSize>
<ownDataTypeParameters>255 CHAR,,</ownDataTypeParameters>
</Attribute>
<Attribute name="doc" id="CACBBA1E-D4DC-B8EC-3336-9E3ED25FC4DE">
<createdBy>H3C4</createdBy>
<createdTime>2022-06-22 02:24:06 UTC</createdTime>
<ownerDesignName>dbITBOY</ownerDesignName>
<engineerTo>
<item key="BD738D14-369A-73E6-F8D7-1C0E8D2AD1AC" value="true"/>
</engineerTo>
<nullsAllowed>true</nullsAllowed>
<useDomainConstraints>false</useDomainConstraints>
<use>1</use>
<logicalDatatype>LOGDT024</logicalDatatype>
<dataTypeSize>4 CHAR</dataTypeSize>
<ownDataTypeParameters>4 CHAR,,</ownDataTypeParameters>
</Attribute>
<Attribute name="identificacion" id="EB8618C6-36F9-D43F-4B98-13A48203468D">
<createdBy>H3C4</createdBy>
<createdTime>2022-06-22 02:24:34 UTC</createdTime>
<ownerDesignName>dbITBOY</ownerDesignName>
<engineerTo>
<item key="BD738D14-369A-73E6-F8D7-1C0E8D2AD1AC" value="true"/>
</engineerTo>
<nullsAllowed>true</nullsAllowed>
<useDomainConstraints>false</useDomainConstraints>
<use>1</use>
<logicalDatatype>LOGDT024</logicalDatatype>
<dataTypeSize>25 CHAR</dataTypeSize>
<ownDataTypeParameters>25 CHAR,,</ownDataTypeParameters>
</Attribute>
<Attribute name="descripciopnDañosMateriales" id="F530CB85-1646-2DF0-8C6E-5FF384BDAC67">
<createdBy>H3C4</createdBy>
<createdTime>2022-06-22 02:39:01 UTC</createdTime>
<ownerDesignName>dbITBOY</ownerDesignName>
<engineerTo>
<item key="BD738D14-369A-73E6-F8D7-1C0E8D2AD1AC" value="true"/>
</engineerTo>
<nullsAllowed>true</nullsAllowed>
<useDomainConstraints>false</useDomainConstraints>
<use>1</use>
<logicalDatatype>LOGDT024</logicalDatatype>
<dataTypeSize>255 CHAR</dataTypeSize>
<ownDataTypeParameters>255 CHAR,,</ownDataTypeParameters>
</Attribute>
<Attribute name="id_propietario" id="B2B606AE-5CAB-81E2-868E-2A4452A34F93">
<createdBy>H3C4</createdBy>
<createdTime>2022-06-22 03:18:11 UTC</createdTime>
<generatorID>F73EC19D-246C-C8DD-585F-A63F9EC88A9E</generatorID>
<ownerDesignName>dbITBOY</ownerDesignName>
<engineerTo>
<item key="BD738D14-369A-73E6-F8D7-1C0E8D2AD1AC" value="true"/>
</engineerTo>
<referedAttribute>6CCE3041-5058-5B94-A2EF-A5BE253ED272</referedAttribute>
<useDomainConstraints>false</useDomainConstraints>
<use>1</use>
<logicalDatatype>LOGDT011</logicalDatatype>
<ownDataTypeParameters>,,</ownDataTypeParameters>
</Attribute>
</attributes>
<identifiers itemClass="oracle.dbtools.crest.model.design.logical.CandidateKey">
<identifier id="0255441D-E7EB-0CE8-33B0-202D3E66EE00" name="MismoConductor PK">
<createdBy>H3C4</createdBy>
<createdTime>2022-06-22 02:23:50 UTC</createdTime>
<ownerDesignName>dbITBOY</ownerDesignName>
<engineerTo>
<item key="BD738D14-369A-73E6-F8D7-1C0E8D2AD1AC" value="true"/>
</engineerTo>
<pk>true</pk>
<usedAttributes>
<attributeRef>A5082AEF-6121-5B46-D841-F0609CA217E9</attributeRef>
</usedAttributes>
</identifier>
</identifiers>
</Entity>