<?xml version = '1.0' encoding = 'UTF-8'?>
<Entity class="oracle.dbtools.crest.model.design.logical.Entity" directorySegmentName="seg_0" id="5D915B31-FC7B-7813-13BE-3DAB952A0A61" name="conductor">
<createdBy>H3C4</createdBy>
<createdTime>2022-06-22 01:49:38 UTC</createdTime>
<ownerDesignName>dbITBOY</ownerDesignName>
<engineerTo>
<item key="BD738D14-369A-73E6-F8D7-1C0E8D2AD1AC" value="true"/>
</engineerTo>
<adequatelyNormalized>NO</adequatelyNormalized>
<expectedVolumes>0</expectedVolumes>
<fwdEngineeringStrategyName>Single Table</fwdEngineeringStrategyName>
<growthPercent>0</growthPercent>
<growthType>Year</growthType>
<maxVolumes>9999999</maxVolumes>
<minVolumes>0</minVolumes>
<normalForm>Third</normalForm>
<attributes itemClass="oracle.dbtools.crest.model.design.logical.Attribute">
<Attribute name="id_conductor" id="2E6F1A0C-E8E5-7BE9-1427-7AAE81FA0DD2">
<createdBy>H3C4</createdBy>
<createdTime>2022-06-22 01:49:44 UTC</createdTime>
<ownerDesignName>dbITBOY</ownerDesignName>
<engineerTo>
<item key="BD738D14-369A-73E6-F8D7-1C0E8D2AD1AC" value="true"/>
</engineerTo>
<useDomainConstraints>false</useDomainConstraints>
<use>1</use>
<logicalDatatype>LOGDT011</logicalDatatype>
<ownDataTypeParameters>,,</ownDataTypeParameters>
</Attribute>
<Attribute name="apellidosNombre" id="E790757D-313A-4112-E331-9A42EA3240BE">
<createdBy>H3C4</createdBy>
<createdTime>2022-06-22 01:49:53 UTC</createdTime>
<ownerDesignName>dbITBOY</ownerDesignName>
<engineerTo>
<item key="BD738D14-369A-73E6-F8D7-1C0E8D2AD1AC" value="true"/>
</engineerTo>
<useDomainConstraints>false</useDomainConstraints>
<use>1</use>
<logicalDatatype>LOGDT024</logicalDatatype>
<dataTypeSize>255 CHAR</dataTypeSize>
<ownDataTypeParameters>255 CHAR,,</ownDataTypeParameters>
</Attribute>
<Attribute name="doc" id="1D6E192C-0B6A-3E62-4A70-9FB71A9CB8B7">
<createdBy>H3C4</createdBy>
<createdTime>2022-06-22 01:50:22 UTC</createdTime>
<ownerDesignName>dbITBOY</ownerDesignName>
<engineerTo>
<item key="BD738D14-369A-73E6-F8D7-1C0E8D2AD1AC" value="true"/>
</engineerTo>
<nullsAllowed>true</nullsAllowed>
<useDomainConstraints>false</useDomainConstraints>
<use>1</use>
<logicalDatatype>LOGDT024</logicalDatatype>
<dataTypeSize>4 CHAR</dataTypeSize>
<ownDataTypeParameters>4 CHAR,,</ownDataTypeParameters>
</Attribute>
<Attribute name="identificacion" id="47244424-2D06-B700-7E2E-7B2BD2A4E305">
<createdBy>H3C4</createdBy>
<createdTime>2022-06-22 01:51:01 UTC</createdTime>
<ownerDesignName>dbITBOY</ownerDesignName>
<engineerTo>
<item key="BD738D14-369A-73E6-F8D7-1C0E8D2AD1AC" value="true"/>
</engineerTo>
<nullsAllowed>true</nullsAllowed>
<useDomainConstraints>false</useDomainConstraints>
<use>1</use>
<logicalDatatype>LOGDT024</logicalDatatype>
<dataTypeSize>15 CHAR</dataTypeSize>
<ownDataTypeParameters>15 CHAR,,</ownDataTypeParameters>
</Attribute>
<Attribute name="nacionalidad" id="450F3899-3A31-DA81-5397-9CDF25C7A68A">
<createdBy>H3C4</createdBy>
<createdTime>2022-06-22 01:51:17 UTC</createdTime>
<ownerDesignName>dbITBOY</ownerDesignName>
<engineerTo>
<item key="BD738D14-369A-73E6-F8D7-1C0E8D2AD1AC" value="true"/>
</engineerTo>
<nullsAllowed>true</nullsAllowed>
<useDomainConstraints>false</useDomainConstraints>
<use>1</use>
<logicalDatatype>LOGDT024</logicalDatatype>
<dataTypeSize>40 CHAR</dataTypeSize>
<ownDataTypeParameters>40 CHAR,,</ownDataTypeParameters>
</Attribute>
<Attribute name="fechaNacimiento" id="5DDF360A-3CD5-7417-3277-0E1F30FA15A7">
<createdBy>H3C4</createdBy>
<createdTime>2022-06-22 01:51:31 UTC</createdTime>
<ownerDesignName>dbITBOY</ownerDesignName>
<engineerTo>
<item key="BD738D14-369A-73E6-F8D7-1C0E8D2AD1AC" value="true"/>
</engineerTo>
<nullsAllowed>true</nullsAllowed>
<useDomainConstraints>false</useDomainConstraints>
<use>1</use>
<logicalDatatype>LOGDT007</logicalDatatype>
<ownDataTypeParameters>,,</ownDataTypeParameters>
</Attribute>
<Attribute name="sexo" id="5B0A3D24-FE6A-25D1-D420-1B3A274EE7BC">
<createdBy>H3C4</createdBy>
<createdTime>2022-06-22 01:52:02 UTC</createdTime>
<ownerDesignName>dbITBOY</ownerDesignName>
<engineerTo>
<item key="BD738D14-369A-73E6-F8D7-1C0E8D2AD1AC" value="true"/>
</engineerTo>
<nullsAllowed>true</nullsAllowed>
<useDomainConstraints>false</useDomainConstraints>
<use>1</use>
<logicalDatatype>LOGDT024</logicalDatatype>
<dataTypeSize>2 CHAR</dataTypeSize>
<ownDataTypeParameters>2 CHAR,,</ownDataTypeParameters>
</Attribute>
<Attribute name="gravedadMuerto" id="D391630B-0E33-72F4-EDE7-FA6427BC43F7">
<createdBy>H3C4</createdBy>
<createdTime>2022-06-22 01:52:28 UTC</createdTime>
<ownerDesignName>dbITBOY</ownerDesignName>
<engineerTo>
<item key="BD738D14-369A-73E6-F8D7-1C0E8D2AD1AC" value="true"/>
</engineerTo>
<nullsAllowed>true</nullsAllowed>
<useDomainConstraints>false</useDomainConstraints>
<use>1</use>
<logicalDatatype>LOGDT006</logicalDatatype>
<dataTypeSize>1 CHAR</dataTypeSize>
<ownDataTypeParameters>1 CHAR,,</ownDataTypeParameters>
</Attribute>
<Attribute name="gravedadHerido" id="171B6E3C-A9CB-E4B9-F1EA-1DD7471F0DD0">
<createdBy>H3C4</createdBy>
<createdTime>2022-06-22 01:53:10 UTC</createdTime>
<ownerDesignName>dbITBOY</ownerDesignName>
<engineerTo>
<item key="BD738D14-369A-73E6-F8D7-1C0E8D2AD1AC" value="true"/>
</engineerTo>
<nullsAllowed>true</nullsAllowed>
<useDomainConstraints>false</useDomainConstraints>
<use>1</use>
<logicalDatatype>LOGDT006</logicalDatatype>
<dataTypeSize>1 CHAR</dataTypeSize>
<ownDataTypeParameters>1 CHAR,,</ownDataTypeParameters>
</Attribute>
<Attribute name="direccionDomicilio" id="1571AFE4-F935-AA3C-D7EA-438FF84589C2">
<createdBy>H3C4</createdBy>
<createdTime>2022-06-22 01:53:26 UTC</createdTime>
<ownerDesignName>dbITBOY</ownerDesignName>
<engineerTo>
<item key="BD738D14-369A-73E6-F8D7-1C0E8D2AD1AC" value="true"/>
</engineerTo>
<nullsAllowed>true</nullsAllowed>
<useDomainConstraints>false</useDomainConstraints>
<use>1</use>
<logicalDatatype>LOGDT024</logicalDatatype>
<dataTypeSize>255 CHAR</dataTypeSize>
<ownDataTypeParameters>255 CHAR,,</ownDataTypeParameters>
</Attribute>
<Attribute name="ciudad" id="E1FD455B-3EA1-386D-2147-57B2BD5602EB">
<createdBy>H3C4</createdBy>
<createdTime>2022-06-22 01:53:41 UTC</createdTime>
<ownerDesignName>dbITBOY</ownerDesignName>
<engineerTo>
<item key="BD738D14-369A-73E6-F8D7-1C0E8D2AD1AC" value="true"/>
</engineerTo>
<nullsAllowed>true</nullsAllowed>
<useDomainConstraints>false</useDomainConstraints>
<use>1</use>
<logicalDatatype>LOGDT024</logicalDatatype>
<dataTypeSize>255 CHAR</dataTypeSize>
<ownDataTypeParameters>255 CHAR,,</ownDataTypeParameters>
</Attribute>
<Attribute name="telefono" id="BE5999C8-BA30-07EC-D2B3-20D7F40CD729">
<createdBy>H3C4</createdBy>
<createdTime>2022-06-22 01:53:50 UTC</createdTime>
<ownerDesignName>dbITBOY</ownerDesignName>
<engineerTo>
<item key="BD738D14-369A-73E6-F8D7-1C0E8D2AD1AC" value="true"/>
</engineerTo>
<nullsAllowed>true</nullsAllowed>
<useDomainConstraints>false</useDomainConstraints>
<use>1</use>
<logicalDatatype>LOGDT024</logicalDatatype>
<dataTypeSize>255 CHAR</dataTypeSize>
<ownDataTypeParameters>255 CHAR,,</ownDataTypeParameters>
</Attribute>
<Attribute name="autorizoSi" id="AABC9BB2-C8E2-3ECE-B581-F4F465994A9D">
<createdBy>H3C4</createdBy>
<createdTime>2022-06-22 01:56:56 UTC</createdTime>
<ownerDesignName>dbITBOY</ownerDesignName>
<engineerTo>
<item key="BD738D14-369A-73E6-F8D7-1C0E8D2AD1AC" value="true"/>
</engineerTo>
<nullsAllowed>true</nullsAllowed>
<useDomainConstraints>false</useDomainConstraints>
<use>1</use>
<logicalDatatype>LOGDT006</logicalDatatype>
<dataTypeSize>1 CHAR</dataTypeSize>
<ownDataTypeParameters>1 CHAR,,</ownDataTypeParameters>
</Attribute>
<Attribute name="autorizoNo" id="EB754C10-94BB-6A32-94B8-8189CD348328">
<createdBy>H3C4</createdBy>
<createdTime>2022-06-22 01:57:03 UTC</createdTime>
<ownerDesignName>dbITBOY</ownerDesignName>
<engineerTo>
<item key="BD738D14-369A-73E6-F8D7-1C0E8D2AD1AC" value="true"/>
</engineerTo>
<nullsAllowed>true</nullsAllowed>
<useDomainConstraints>false</useDomainConstraints>
<use>1</use>
<logicalDatatype>LOGDT006</logicalDatatype>
<dataTypeSize>1 CHAR</dataTypeSize>
<ownDataTypeParameters>1 CHAR,,</ownDataTypeParameters>
</Attribute>
<Attribute name="sitioAtencion" id="A550B460-2A83-A1E6-03F5-6C6266E35CEB">
<createdBy>H3C4</createdBy>
<createdTime>2022-06-22 02:05:56 UTC</createdTime>
<ownerDesignName>dbITBOY</ownerDesignName>
<engineerTo>
<item key="BD738D14-369A-73E6-F8D7-1C0E8D2AD1AC" value="true"/>
</engineerTo>
<nullsAllowed>true</nullsAllowed>
<useDomainConstraints>false</useDomainConstraints>
<use>1</use>
<logicalDatatype>LOGDT024</logicalDatatype>
<dataTypeSize>255 CHAR</dataTypeSize>
<ownDataTypeParameters>255 CHAR,,</ownDataTypeParameters>
</Attribute>
<Attribute name="DesLesiones" id="98C3AECC-B4E7-77C5-FE52-7B1B2EF4B307">
<createdBy>H3C4</createdBy>
<createdTime>2022-06-22 02:06:08 UTC</createdTime>
<ownerDesignName>dbITBOY</ownerDesignName>
<engineerTo>
<item key="BD738D14-369A-73E6-F8D7-1C0E8D2AD1AC" value="true"/>
</engineerTo>
<nullsAllowed>true</nullsAllowed>
<useDomainConstraints>false</useDomainConstraints>
<use>1</use>
<logicalDatatype>LOGDT024</logicalDatatype>
<dataTypeSize>255 CHAR</dataTypeSize>
<ownDataTypeParameters>255 CHAR,,</ownDataTypeParameters>
</Attribute>
<Attribute name="id_ConductoresVehiculosPropietarios" id="6B16EA8C-0E3B-6684-0ADB-D7D513BF18C8">
<createdBy>H3C4</createdBy>
<createdTime>2022-06-22 03:11:52 UTC</createdTime>
<generatorID>F90FA15D-8907-3C89-57D0-EE4DC4993B43</generatorID>
<ownerDesignName>dbITBOY</ownerDesignName>
<engineerTo>
<item key="BD738D14-369A-73E6-F8D7-1C0E8D2AD1AC" value="true"/>
</engineerTo>
<referedAttribute>4F0A0AB2-1FF7-2BEF-7914-62D5667022AB</referedAttribute>
<useDomainConstraints>false</useDomainConstraints>
<use>1</use>
<logicalDatatype>LOGDT011</logicalDatatype>
<ownDataTypeParameters>,,</ownDataTypeParameters>
</Attribute>
</attributes>
<identifiers itemClass="oracle.dbtools.crest.model.design.logical.CandidateKey">
<identifier id="AA6C28DC-0764-08FA-B5B1-AAAFF2F567A4" name="conductor PK">
<createdBy>H3C4</createdBy>
<createdTime>2022-06-22 01:49:51 UTC</createdTime>
<ownerDesignName>dbITBOY</ownerDesignName>
<engineerTo>
<item key="BD738D14-369A-73E6-F8D7-1C0E8D2AD1AC" value="true"/>
</engineerTo>
<pk>true</pk>
<usedAttributes>
<attributeRef>2E6F1A0C-E8E5-7BE9-1427-7AAE81FA0DD2</attributeRef>
</usedAttributes>
</identifier>
</identifiers>
</Entity>