<?xml version = '1.0' encoding = 'UTF-8'?>
<Entity class="oracle.dbtools.crest.model.design.logical.Entity" directorySegmentName="seg_0" id="63FA0573-5F4F-0FE4-F7FD-081853E16109" name="caracteristicasVia">
<createdBy>H3C4</createdBy>
<createdTime>2022-06-22 00:41:24 UTC</createdTime>
<ownerDesignName>dbITBOY</ownerDesignName>
<engineerTo>
<item key="BD738D14-369A-73E6-F8D7-1C0E8D2AD1AC" value="true"/>
</engineerTo>
<adequatelyNormalized>NO</adequatelyNormalized>
<expectedVolumes>0</expectedVolumes>
<fwdEngineeringStrategyName>Single Table</fwdEngineeringStrategyName>
<growthPercent>0</growthPercent>
<growthType>Year</growthType>
<maxVolumes>9999999</maxVolumes>
<minVolumes>0</minVolumes>
<normalForm>Third</normalForm>
<attributes itemClass="oracle.dbtools.crest.model.design.logical.Attribute">
<Attribute name="id_caracVia" id="C3B13519-C8C3-B1EC-DF10-B534305A780D">
<createdBy>H3C4</createdBy>
<createdTime>2022-06-22 00:42:20 UTC</createdTime>
<ownerDesignName>dbITBOY</ownerDesignName>
<engineerTo>
<item key="BD738D14-369A-73E6-F8D7-1C0E8D2AD1AC" value="true"/>
</engineerTo>
<useDomainConstraints>false</useDomainConstraints>
<use>1</use>
<logicalDatatype>LOGDT011</logicalDatatype>
<ownDataTypeParameters>,,</ownDataTypeParameters>
</Attribute>
<Attribute name="id_informe" id="C485260C-78AC-6671-233A-06992584E9FF">
<createdBy>H3C4</createdBy>
<createdTime>2022-06-22 03:00:18 UTC</createdTime>
<generatorID>8EFD8879-E5F2-0D60-6E75-729D92977D1D</generatorID>
<ownerDesignName>dbITBOY</ownerDesignName>
<engineerTo>
<item key="BD738D14-369A-73E6-F8D7-1C0E8D2AD1AC" value="true"/>
</engineerTo>
<referedAttribute>C56435A3-3A34-0192-00F6-C6318842546E</referedAttribute>
<useDomainConstraints>false</useDomainConstraints>
<use>1</use>
<logicalDatatype>LOGDT011</logicalDatatype>
<ownDataTypeParameters>,,</ownDataTypeParameters>
</Attribute>
<Attribute name="id_casoAccidente" id="EA1AB6C8-ADDF-7FEB-5CE9-F68C875DA8D7">
<createdBy>H3C4</createdBy>
<createdTime>2022-06-22 05:05:57 UTC</createdTime>
<generatorID>8EFD8879-E5F2-0D60-6E75-729D92977D1D</generatorID>
<ownerDesignName>dbITBOY</ownerDesignName>
<engineerTo>
<item key="BD738D14-369A-73E6-F8D7-1C0E8D2AD1AC" value="true"/>
</engineerTo>
<referedAttribute>7883039D-9A2A-DAEB-8528-B42DC373E48C</referedAttribute>
<useDomainConstraints>false</useDomainConstraints>
<use>1</use>
<logicalDatatype>LOGDT019</logicalDatatype>
<ownDataTypeParameters>,,</ownDataTypeParameters>
</Attribute>
</attributes>
<identifiers itemClass="oracle.dbtools.crest.model.design.logical.CandidateKey">
<identifier id="F653CD1D-BB65-BA40-E515-742AD3B2582A" name="caracteristicasVia PK">
<createdBy>H3C4</createdBy>
<createdTime>2022-06-22 00:42:28 UTC</createdTime>
<ownerDesignName>dbITBOY</ownerDesignName>
<shouldEngineer>false</shouldEngineer>
<engineerTo>
<item key="BD738D14-369A-73E6-F8D7-1C0E8D2AD1AC" value="false"/>
</engineerTo>
<pk>true</pk>
<usedAttributes>
<attributeRef>C3B13519-C8C3-B1EC-DF10-B534305A780D</attributeRef>
</usedAttributes>
</identifier>
</identifiers>
</Entity>