<?xml version = '1.0' encoding = 'UTF-8'?>
<Entity class="oracle.dbtools.crest.model.design.logical.Entity" directorySegmentName="seg_0" id="790A0606-53AB-BB77-9613-42D079DACF36" name="via1">
<createdBy>H3C4</createdBy>
<createdTime>2022-06-22 00:44:43 UTC</createdTime>
<ownerDesignName>dbITBOY</ownerDesignName>
<engineerTo>
<item key="BD738D14-369A-73E6-F8D7-1C0E8D2AD1AC" value="true"/>
</engineerTo>
<adequatelyNormalized>NO</adequatelyNormalized>
<expectedVolumes>0</expectedVolumes>
<fwdEngineeringStrategyName>Single Table</fwdEngineeringStrategyName>
<growthPercent>0</growthPercent>
<growthType>Year</growthType>
<maxVolumes>9999999</maxVolumes>
<minVolumes>0</minVolumes>
<normalForm>Third</normalForm>
<attributes itemClass="oracle.dbtools.crest.model.design.logical.Attribute">
<Attribute name="id_caracVia1" id="7F6C6966-E602-C7A1-F98E-9AB5E40ED513">
<createdBy>H3C4</createdBy>
<createdTime>2022-06-22 00:44:48 UTC</createdTime>
<ownerDesignName>dbITBOY</ownerDesignName>
<engineerTo>
<item key="BD738D14-369A-73E6-F8D7-1C0E8D2AD1AC" value="true"/>
</engineerTo>
<use>0</use>
<ownDataTypeParameters>,,</ownDataTypeParameters>
</Attribute>
<Attribute name="id_caracVia" id="3CF49B4C-91BC-882F-8458-4C3DB7D698B1">
<createdBy>H3C4</createdBy>
<createdTime>2022-06-22 03:00:40 UTC</createdTime>
<generatorID>5E0FBC06-D186-8CA3-59C2-0FD38DEFE1B8</generatorID>
<ownerDesignName>dbITBOY</ownerDesignName>
<engineerTo>
<item key="BD738D14-369A-73E6-F8D7-1C0E8D2AD1AC" value="true"/>
</engineerTo>
<referedAttribute>C3B13519-C8C3-B1EC-DF10-B534305A780D</referedAttribute>
<useDomainConstraints>false</useDomainConstraints>
<use>1</use>
<logicalDatatype>LOGDT011</logicalDatatype>
<ownDataTypeParameters>,,</ownDataTypeParameters>
</Attribute>
</attributes>
<identifiers itemClass="oracle.dbtools.crest.model.design.logical.CandidateKey">
<identifier id="90D20048-E36B-F4E2-1EDC-211BF66E2043" name="via1 PK">
<createdBy>H3C4</createdBy>
<createdTime>2022-06-22 00:44:53 UTC</createdTime>
<ownerDesignName>dbITBOY</ownerDesignName>
<engineerTo>
<item key="BD738D14-369A-73E6-F8D7-1C0E8D2AD1AC" value="true"/>
</engineerTo>
<pk>true</pk>
<usedAttributes>
<attributeRef>7F6C6966-E602-C7A1-F98E-9AB5E40ED513</attributeRef>
</usedAttributes>
</identifier>
</identifiers>
</Entity>