<?xml version = '1.0' encoding = 'UTF-8'?>
<Entity class="oracle.dbtools.crest.model.design.logical.Entity" directorySegmentName="seg_0" id="796E71BA-75B0-5625-0057-6422D2F210DD" name="ConductoresVehiculosPropietarios">
<createdBy>H3C4</createdBy>
<createdTime>2022-06-22 01:45:11 UTC</createdTime>
<ownerDesignName>dbITBOY</ownerDesignName>
<engineerTo>
<item key="BD738D14-369A-73E6-F8D7-1C0E8D2AD1AC" value="true"/>
</engineerTo>
<adequatelyNormalized>NO</adequatelyNormalized>
<expectedVolumes>0</expectedVolumes>
<fwdEngineeringStrategyName>Single Table</fwdEngineeringStrategyName>
<growthPercent>0</growthPercent>
<growthType>Year</growthType>
<maxVolumes>9999999</maxVolumes>
<minVolumes>0</minVolumes>
<normalForm>Third</normalForm>
<attributes itemClass="oracle.dbtools.crest.model.design.logical.Attribute">
<Attribute name="id_ConductoresVehiculosPropietarios" id="4F0A0AB2-1FF7-2BEF-7914-62D5667022AB">
<createdBy>H3C4</createdBy>
<createdTime>2022-06-22 01:48:27 UTC</createdTime>
<ownerDesignName>dbITBOY</ownerDesignName>
<engineerTo>
<item key="BD738D14-369A-73E6-F8D7-1C0E8D2AD1AC" value="true"/>
</engineerTo>
<useDomainConstraints>false</useDomainConstraints>
<use>1</use>
<logicalDatatype>LOGDT011</logicalDatatype>
<ownDataTypeParameters>,,</ownDataTypeParameters>
</Attribute>
<Attribute name="id_informe" id="7A6596AC-BBA9-1D97-9D98-092FBBBA7448">
<createdBy>H3C4</createdBy>
<createdTime>2022-06-22 03:11:35 UTC</createdTime>
<generatorID>C4A9AC0F-FF3D-BA95-046D-62121C811475</generatorID>
<ownerDesignName>dbITBOY</ownerDesignName>
<engineerTo>
<item key="BD738D14-369A-73E6-F8D7-1C0E8D2AD1AC" value="true"/>
</engineerTo>
<referedAttribute>C56435A3-3A34-0192-00F6-C6318842546E</referedAttribute>
<useDomainConstraints>false</useDomainConstraints>
<use>1</use>
<logicalDatatype>LOGDT011</logicalDatatype>
<ownDataTypeParameters>,,</ownDataTypeParameters>
</Attribute>
<Attribute name="id_casoAccidente" id="2A741DE2-0DCD-C5CA-62F3-2CBAA8A8BEAF">
<createdBy>H3C4</createdBy>
<createdTime>2022-06-22 05:05:57 UTC</createdTime>
<generatorID>C4A9AC0F-FF3D-BA95-046D-62121C811475</generatorID>
<ownerDesignName>dbITBOY</ownerDesignName>
<engineerTo>
<item key="BD738D14-369A-73E6-F8D7-1C0E8D2AD1AC" value="true"/>
</engineerTo>
<referedAttribute>7883039D-9A2A-DAEB-8528-B42DC373E48C</referedAttribute>
<useDomainConstraints>false</useDomainConstraints>
<use>1</use>
<logicalDatatype>LOGDT019</logicalDatatype>
<ownDataTypeParameters>,,</ownDataTypeParameters>
</Attribute>
</attributes>
<identifiers itemClass="oracle.dbtools.crest.model.design.logical.CandidateKey">
<identifier id="284E3B69-F3DC-1417-C5F0-865E918D82D6" name="ConductoresVehiculosPropietarios PK">
<createdBy>H3C4</createdBy>
<createdTime>2022-06-22 01:48:33 UTC</createdTime>
<ownerDesignName>dbITBOY</ownerDesignName>
<shouldEngineer>false</shouldEngineer>
<engineerTo>
<item key="BD738D14-369A-73E6-F8D7-1C0E8D2AD1AC" value="false"/>
</engineerTo>
<pk>true</pk>
<usedAttributes>
<attributeRef>4F0A0AB2-1FF7-2BEF-7914-62D5667022AB</attributeRef>
</usedAttributes>
</identifier>
</identifiers>
</Entity>