<?xml version = '1.0' encoding = 'UTF-8'?>
<Entity class="oracle.dbtools.crest.model.design.logical.Entity" directorySegmentName="seg_0" id="872F24FF-0ED0-13D6-03B3-8280C2311207" name="anexo1">
<createdBy>H3C4</createdBy>
<createdTime>2022-06-22 03:25:53 UTC</createdTime>
<ownerDesignName>dbITBOY</ownerDesignName>
<engineerTo>
<item key="BD738D14-369A-73E6-F8D7-1C0E8D2AD1AC" value="true"/>
</engineerTo>
<adequatelyNormalized>NO</adequatelyNormalized>
<expectedVolumes>0</expectedVolumes>
<fwdEngineeringStrategyName>Single Table</fwdEngineeringStrategyName>
<growthPercent>0</growthPercent>
<growthType>Year</growthType>
<maxVolumes>9999999</maxVolumes>
<minVolumes>0</minVolumes>
<normalForm>Third</normalForm>
<attributes itemClass="oracle.dbtools.crest.model.design.logical.Attribute">
<Attribute name="id_anexo1" id="C7B20FC7-6330-82EC-F2D2-8D9D9C855602">
<createdBy>H3C4</createdBy>
<createdTime>2022-06-22 03:30:08 UTC</createdTime>
<ownerDesignName>dbITBOY</ownerDesignName>
<engineerTo>
<item key="BD738D14-369A-73E6-F8D7-1C0E8D2AD1AC" value="true"/>
</engineerTo>
<useDomainConstraints>false</useDomainConstraints>
<use>1</use>
<logicalDatatype>LOGDT011</logicalDatatype>
<ownDataTypeParameters>,,</ownDataTypeParameters>
</Attribute>
<Attribute name="pertenecienteInformeAccidente" id="FEF17116-59B2-EFF7-5078-E7E61B11F18B">
<createdBy>H3C4</createdBy>
<createdTime>2022-06-22 03:30:18 UTC</createdTime>
<ownerDesignName>dbITBOY</ownerDesignName>
<engineerTo>
<item key="BD738D14-369A-73E6-F8D7-1C0E8D2AD1AC" value="true"/>
</engineerTo>
<nullsAllowed>true</nullsAllowed>
<useDomainConstraints>false</useDomainConstraints>
<use>1</use>
<logicalDatatype>LOGDT024</logicalDatatype>
<dataTypeSize>10 CHAR</dataTypeSize>
<ownDataTypeParameters>10 CHAR,,</ownDataTypeParameters>
</Attribute>
<Attribute name="id_casoAccidente" id="E77B9F9B-2FBC-45E2-9D2B-B9008199D61E">
<createdBy>H3C4</createdBy>
<createdTime>2022-06-22 05:06:19 UTC</createdTime>
<generatorID>6957403C-A3DE-754D-B2A7-FE372B1F078A</generatorID>
<ownerDesignName>dbITBOY</ownerDesignName>
<engineerTo>
<item key="BD738D14-369A-73E6-F8D7-1C0E8D2AD1AC" value="true"/>
</engineerTo>
<referedAttribute>1F501F95-29D0-845F-D9F0-126EA395C268</referedAttribute>
<useDomainConstraints>false</useDomainConstraints>
<use>1</use>
<logicalDatatype>LOGDT019</logicalDatatype>
<ownDataTypeParameters>,,</ownDataTypeParameters>
</Attribute>
</attributes>
<identifiers itemClass="oracle.dbtools.crest.model.design.logical.CandidateKey">
<identifier id="50E4D462-39A3-1BEC-F0F8-656AA9C5E1E3" name="anexo1 PK">
<createdBy>H3C4</createdBy>
<createdTime>2022-06-22 03:30:17 UTC</createdTime>
<ownerDesignName>dbITBOY</ownerDesignName>
<shouldEngineer>false</shouldEngineer>
<engineerTo>
<item key="BD738D14-369A-73E6-F8D7-1C0E8D2AD1AC" value="false"/>
</engineerTo>
<pk>true</pk>
<usedAttributes>
<attributeRef>C7B20FC7-6330-82EC-F2D2-8D9D9C855602</attributeRef>
<attributeRef>E77B9F9B-2FBC-45E2-9D2B-B9008199D61E</attributeRef>
</usedAttributes>
</identifier>
</identifiers>
</Entity>