<?xml version = '1.0' encoding = 'UTF-8'?>
<Entity class="oracle.dbtools.crest.model.design.logical.Entity" directorySegmentName="seg_0" id="8DE00B5C-7582-510E-2302-64F0F99241B4" name="controlesTransito">
<createdBy>H3C4</createdBy>
<createdTime>2022-06-22 00:47:45 UTC</createdTime>
<ownerDesignName>dbITBOY</ownerDesignName>
<engineerTo>
<item key="BD738D14-369A-73E6-F8D7-1C0E8D2AD1AC" value="true"/>
</engineerTo>
<adequatelyNormalized>NO</adequatelyNormalized>
<expectedVolumes>0</expectedVolumes>
<fwdEngineeringStrategyName>Single Table</fwdEngineeringStrategyName>
<growthPercent>0</growthPercent>
<growthType>Year</growthType>
<maxVolumes>9999999</maxVolumes>
<minVolumes>0</minVolumes>
<normalForm>Third</normalForm>
<attributes itemClass="oracle.dbtools.crest.model.design.logical.Attribute">
<Attribute name="id_controlesTransito" id="7BD490DD-10F1-80F3-DA78-63B286CA1E7F">
<createdBy>H3C4</createdBy>
<createdTime>2022-06-22 01:16:11 UTC</createdTime>
<ownerDesignName>dbITBOY</ownerDesignName>
<engineerTo>
<item key="BD738D14-369A-73E6-F8D7-1C0E8D2AD1AC" value="true"/>
</engineerTo>
<useDomainConstraints>false</useDomainConstraints>
<use>1</use>
<logicalDatatype>LOGDT011</logicalDatatype>
<ownDataTypeParameters>,,</ownDataTypeParameters>
</Attribute>
<Attribute name="id_caracVia1" id="50CEE8CB-20F9-A69F-320E-03158D35D4C6">
<createdBy>H3C4</createdBy>
<createdTime>2022-06-22 03:07:50 UTC</createdTime>
<generatorID>8D449D99-52E5-E0C5-7D5E-3A86E5D18D7C</generatorID>
<ownerDesignName>dbITBOY</ownerDesignName>
<engineerTo>
<item key="BD738D14-369A-73E6-F8D7-1C0E8D2AD1AC" value="true"/>
</engineerTo>
<referedAttribute>7F6C6966-E602-C7A1-F98E-9AB5E40ED513</referedAttribute>
<use>0</use>
<ownDataTypeParameters>,,</ownDataTypeParameters>
</Attribute>
<Attribute name="id_caracVia2" id="EAC3B1DE-8911-FEFE-B12D-589A7D94ED86">
<createdBy>H3C4</createdBy>
<createdTime>2022-06-22 03:08:04 UTC</createdTime>
<generatorID>B4F56F91-A959-97A6-7ED2-8FA01C5CFF3A</generatorID>
<ownerDesignName>dbITBOY</ownerDesignName>
<engineerTo>
<item key="BD738D14-369A-73E6-F8D7-1C0E8D2AD1AC" value="true"/>
</engineerTo>
<referedAttribute>A9AC639E-C5B1-73EC-DF51-9BC07A047536</referedAttribute>
<useDomainConstraints>false</useDomainConstraints>
<use>1</use>
<logicalDatatype>LOGDT011</logicalDatatype>
<ownDataTypeParameters>,,</ownDataTypeParameters>
</Attribute>
</attributes>
<identifiers itemClass="oracle.dbtools.crest.model.design.logical.CandidateKey">
<identifier id="C547EE8B-1F31-973E-3633-F7550B200A1E" name="controlesTransito PK">
<createdBy>H3C4</createdBy>
<createdTime>2022-06-22 01:16:26 UTC</createdTime>
<ownerDesignName>dbITBOY</ownerDesignName>
<engineerTo>
<item key="BD738D14-369A-73E6-F8D7-1C0E8D2AD1AC" value="true"/>
</engineerTo>
<pk>true</pk>
<usedAttributes>
<attributeRef>7BD490DD-10F1-80F3-DA78-63B286CA1E7F</attributeRef>
</usedAttributes>
</identifier>
</identifiers>
</Entity>