<?xml version = '1.0' encoding = 'UTF-8'?>
<Entity class="oracle.dbtools.crest.model.design.logical.Entity" directorySegmentName="seg_0" id="A66439B2-13BB-F853-7227-3EE00D819569" name="correspondio">
<createdBy>H3C4</createdBy>
<createdTime>2022-06-22 03:41:28 UTC</createdTime>
<ownerDesignName>dbITBOY</ownerDesignName>
<engineerTo>
<item key="BD738D14-369A-73E6-F8D7-1C0E8D2AD1AC" value="true"/>
</engineerTo>
<adequatelyNormalized>NO</adequatelyNormalized>
<expectedVolumes>0</expectedVolumes>
<fwdEngineeringStrategyName>Single Table</fwdEngineeringStrategyName>
<growthPercent>0</growthPercent>
<growthType>Year</growthType>
<maxVolumes>9999999</maxVolumes>
<minVolumes>0</minVolumes>
<normalForm>Third</normalForm>
<attributes itemClass="oracle.dbtools.crest.model.design.logical.Attribute">
<Attribute name="id_correspondioAnexo1" id="6020B946-F930-19DC-2F15-BE3A4524FFFF">
<createdBy>H3C4</createdBy>
<createdTime>2022-06-22 03:41:57 UTC</createdTime>
<ownerDesignName>dbITBOY</ownerDesignName>
<engineerTo>
<item key="BD738D14-369A-73E6-F8D7-1C0E8D2AD1AC" value="true"/>
</engineerTo>
<useDomainConstraints>false</useDomainConstraints>
<use>1</use>
<logicalDatatype>LOGDT011</logicalDatatype>
<ownDataTypeParameters>,,</ownDataTypeParameters>
</Attribute>
<Attribute name="numeroInvestigacion" id="CC21096B-2CE8-7444-A9F6-DA8FF59006C2">
<createdBy>H3C4</createdBy>
<createdTime>2022-06-22 03:42:12 UTC</createdTime>
<ownerDesignName>dbITBOY</ownerDesignName>
<engineerTo>
<item key="BD738D14-369A-73E6-F8D7-1C0E8D2AD1AC" value="true"/>
</engineerTo>
<nullsAllowed>true</nullsAllowed>
<useDomainConstraints>false</useDomainConstraints>
<use>1</use>
<logicalDatatype>LOGDT011</logicalDatatype>
<ownDataTypeParameters>,,</ownDataTypeParameters>
</Attribute>
<Attribute name="id_anexo1" id="BB7EFBC9-527F-B401-9AEC-0DE6EE30308A">
<createdBy>H3C4</createdBy>
<createdTime>2022-06-22 03:44:14 UTC</createdTime>
<generatorID>9920BC2A-0AED-CE10-1760-CD70EDE82D20</generatorID>
<ownerDesignName>dbITBOY</ownerDesignName>
<engineerTo>
<item key="BD738D14-369A-73E6-F8D7-1C0E8D2AD1AC" value="true"/>
</engineerTo>
<referedAttribute>C7B20FC7-6330-82EC-F2D2-8D9D9C855602</referedAttribute>
<useDomainConstraints>false</useDomainConstraints>
<use>1</use>
<logicalDatatype>LOGDT011</logicalDatatype>
<ownDataTypeParameters>,,</ownDataTypeParameters>
</Attribute>
<Attribute name="id_casoAccidente" id="59C803CE-5310-31E6-FD88-C584DBACE57F">
<createdBy>H3C4</createdBy>
<createdTime>2022-06-22 05:06:19 UTC</createdTime>
<generatorID>9920BC2A-0AED-CE10-1760-CD70EDE82D20</generatorID>
<ownerDesignName>dbITBOY</ownerDesignName>
<engineerTo>
<item key="BD738D14-369A-73E6-F8D7-1C0E8D2AD1AC" value="true"/>
</engineerTo>
<referedAttribute>E77B9F9B-2FBC-45E2-9D2B-B9008199D61E</referedAttribute>
<useDomainConstraints>false</useDomainConstraints>
<use>1</use>
<logicalDatatype>LOGDT019</logicalDatatype>
<ownDataTypeParameters>,,</ownDataTypeParameters>
</Attribute>
</attributes>
<identifiers itemClass="oracle.dbtools.crest.model.design.logical.CandidateKey">
<identifier id="F0B66BCD-BF07-9917-F3C7-216C396A1CD7" name="correspondio PK">
<createdBy>H3C4</createdBy>
<createdTime>2022-06-22 03:42:11 UTC</createdTime>
<ownerDesignName>dbITBOY</ownerDesignName>
<shouldEngineer>false</shouldEngineer>
<engineerTo>
<item key="BD738D14-369A-73E6-F8D7-1C0E8D2AD1AC" value="false"/>
</engineerTo>
<pk>true</pk>
<usedAttributes>
<attributeRef>6020B946-F930-19DC-2F15-BE3A4524FFFF</attributeRef>
</usedAttributes>
</identifier>
</identifiers>
</Entity>