<?xml version = '1.0' encoding = 'UTF-8'?>
<Entity class="oracle.dbtools.crest.model.design.logical.Entity" directorySegmentName="seg_0" id="C3E8042B-3410-6FF2-6089-3CE43EAE67B7" name="ChoqueObjeto">
<createdBy>H3C4</createdBy>
<createdTime>2022-06-22 00:19:34 UTC</createdTime>
<ownerDesignName>dbITBOY</ownerDesignName>
<engineerTo>
<item key="BD738D14-369A-73E6-F8D7-1C0E8D2AD1AC" value="true"/>
</engineerTo>
<adequatelyNormalized>NO</adequatelyNormalized>
<expectedVolumes>0</expectedVolumes>
<fwdEngineeringStrategyName>Single Table</fwdEngineeringStrategyName>
<growthPercent>0</growthPercent>
<growthType>Year</growthType>
<maxVolumes>9999999</maxVolumes>
<minVolumes>0</minVolumes>
<normalForm>Third</normalForm>
<attributes itemClass="oracle.dbtools.crest.model.design.logical.Attribute">
<Attribute name="id_choqueObjeto" id="7273233F-64EA-8803-F9D0-4C1541266715">
<createdBy>H3C4</createdBy>
<createdTime>2022-06-22 00:19:43 UTC</createdTime>
<ownerDesignName>dbITBOY</ownerDesignName>
<engineerTo>
<item key="BD738D14-369A-73E6-F8D7-1C0E8D2AD1AC" value="true"/>
</engineerTo>
<useDomainConstraints>false</useDomainConstraints>
<use>1</use>
<logicalDatatype>LOGDT011</logicalDatatype>
<ownDataTypeParameters>,,</ownDataTypeParameters>
</Attribute>
<Attribute name="vehiculo" id="6EFE5CE7-7CC2-DBA8-AE73-FB9501A6973E">
<createdBy>H3C4</createdBy>
<createdTime>2022-06-22 00:21:34 UTC</createdTime>
<ownerDesignName>dbITBOY</ownerDesignName>
<engineerTo>
<item key="BD738D14-369A-73E6-F8D7-1C0E8D2AD1AC" value="true"/>
</engineerTo>
<nullsAllowed>true</nullsAllowed>
<useDomainConstraints>false</useDomainConstraints>
<use>1</use>
<logicalDatatype>LOGDT006</logicalDatatype>
<dataTypeSize>1</dataTypeSize>
<ownDataTypeParameters>1,,</ownDataTypeParameters>
</Attribute>
<Attribute name="tren" id="F03E6D85-E8F4-6C25-D47B-7FCFAD2D8376">
<createdBy>H3C4</createdBy>
<createdTime>2022-06-22 00:21:46 UTC</createdTime>
<ownerDesignName>dbITBOY</ownerDesignName>
<engineerTo>
<item key="BD738D14-369A-73E6-F8D7-1C0E8D2AD1AC" value="true"/>
</engineerTo>
<nullsAllowed>true</nullsAllowed>
<useDomainConstraints>false</useDomainConstraints>
<use>1</use>
<logicalDatatype>LOGDT006</logicalDatatype>
<dataTypeSize>1 CHAR</dataTypeSize>
<ownDataTypeParameters>1 CHAR,,</ownDataTypeParameters>
</Attribute>
<Attribute name="semoviente" id="927A5ECB-572A-1A47-1B12-B7828F49429B">
<createdBy>H3C4</createdBy>
<createdTime>2022-06-22 00:21:57 UTC</createdTime>
<ownerDesignName>dbITBOY</ownerDesignName>
<engineerTo>
<item key="BD738D14-369A-73E6-F8D7-1C0E8D2AD1AC" value="true"/>
</engineerTo>
<nullsAllowed>true</nullsAllowed>
<useDomainConstraints>false</useDomainConstraints>
<use>1</use>
<logicalDatatype>LOGDT006</logicalDatatype>
<dataTypeSize>1 CHAR</dataTypeSize>
<ownDataTypeParameters>1 CHAR,,</ownDataTypeParameters>
</Attribute>
<Attribute name="id_claseAccidente" id="475006AA-0966-F825-EB39-0CF64CC81941">
<createdBy>H3C4</createdBy>
<createdTime>2022-06-22 02:56:49 UTC</createdTime>
<generatorID>1D0C99FC-7B8C-70DD-D5A3-D1188825BF17</generatorID>
<ownerDesignName>dbITBOY</ownerDesignName>
<engineerTo>
<item key="BD738D14-369A-73E6-F8D7-1C0E8D2AD1AC" value="true"/>
</engineerTo>
<referedAttribute>19A8755A-412E-8318-E4DC-75E39B5C9709</referedAttribute>
<useDomainConstraints>false</useDomainConstraints>
<use>1</use>
<logicalDatatype>LOGDT011</logicalDatatype>
<ownDataTypeParameters>,,</ownDataTypeParameters>
</Attribute>
<Attribute name="id_informe" id="E6E8A741-522E-9231-C6F2-7D0FCDFDC998">
<createdBy>H3C4</createdBy>
<createdTime>2022-06-22 02:56:49 UTC</createdTime>
<generatorID>1D0C99FC-7B8C-70DD-D5A3-D1188825BF17</generatorID>
<ownerDesignName>dbITBOY</ownerDesignName>
<engineerTo>
<item key="BD738D14-369A-73E6-F8D7-1C0E8D2AD1AC" value="true"/>
</engineerTo>
<referedAttribute>E6F4AD2A-C250-E9AC-679F-9A308A9BFD60</referedAttribute>
<useDomainConstraints>false</useDomainConstraints>
<use>1</use>
<logicalDatatype>LOGDT011</logicalDatatype>
<ownDataTypeParameters>,,</ownDataTypeParameters>
</Attribute>
<Attribute name="id_casoAccidente" id="10EA9EAE-B850-AD65-E6B7-3FC3E77CF897">
<createdBy>H3C4</createdBy>
<createdTime>2022-06-22 05:05:57 UTC</createdTime>
<generatorID>1D0C99FC-7B8C-70DD-D5A3-D1188825BF17</generatorID>
<ownerDesignName>dbITBOY</ownerDesignName>
<engineerTo>
<item key="BD738D14-369A-73E6-F8D7-1C0E8D2AD1AC" value="true"/>
</engineerTo>
<referedAttribute>F3AE2D09-4EF3-EB0D-89FD-08FA871A941F</referedAttribute>
<useDomainConstraints>false</useDomainConstraints>
<use>1</use>
<logicalDatatype>LOGDT019</logicalDatatype>
<ownDataTypeParameters>,,</ownDataTypeParameters>
</Attribute>
</attributes>
<identifiers itemClass="oracle.dbtools.crest.model.design.logical.CandidateKey">
<identifier id="9F57C346-6070-D360-002E-A31596BB4FF4" name="Choque PK">
<createdBy>H3C4</createdBy>
<createdTime>2022-06-22 00:20:01 UTC</createdTime>
<ownerDesignName>dbITBOY</ownerDesignName>
<shouldEngineer>false</shouldEngineer>
<engineerTo>
<item key="BD738D14-369A-73E6-F8D7-1C0E8D2AD1AC" value="false"/>
</engineerTo>
<pk>true</pk>
<usedAttributes>
<attributeRef>7273233F-64EA-8803-F9D0-4C1541266715</attributeRef>
</usedAttributes>
</identifier>
</identifiers>
</Entity>