<?xml version = '1.0' encoding = 'UTF-8'?>
<Entity class="oracle.dbtools.crest.model.design.logical.Entity" directorySegmentName="seg_0" id="CA5730F8-551E-9007-6D31-A92328AC0CA7" name="correspondioAnexo2">
<createdBy>H3C4</createdBy>
<createdTime>2022-06-22 04:16:57 UTC</createdTime>
<ownerDesignName>dbITBOY</ownerDesignName>
<engineerTo>
<item key="BD738D14-369A-73E6-F8D7-1C0E8D2AD1AC" value="true"/>
</engineerTo>
<adequatelyNormalized>NO</adequatelyNormalized>
<expectedVolumes>0</expectedVolumes>
<fwdEngineeringStrategyName>Single Table</fwdEngineeringStrategyName>
<growthPercent>0</growthPercent>
<growthType>Year</growthType>
<maxVolumes>9999999</maxVolumes>
<minVolumes>0</minVolumes>
<normalForm>Third</normalForm>
<attributes itemClass="oracle.dbtools.crest.model.design.logical.Attribute">
<Attribute name="id_correspondioAnexo2" id="785D086C-34F8-0FCF-207C-360DD384E0B8">
<createdBy>H3C4</createdBy>
<createdTime>2022-06-22 04:16:57 UTC</createdTime>
<ownerDesignName>dbITBOY</ownerDesignName>
<engineerTo>
<item key="BD738D14-369A-73E6-F8D7-1C0E8D2AD1AC" value="true"/>
</engineerTo>
<useDomainConstraints>false</useDomainConstraints>
<use>1</use>
<logicalDatatype>LOGDT011</logicalDatatype>
<ownDataTypeParameters>,,</ownDataTypeParameters>
</Attribute>
<Attribute name="numeroInvestigacion" id="D3F58480-2E2B-8019-0CE4-56E44E682731">
<createdBy>H3C4</createdBy>
<createdTime>2022-06-22 04:16:57 UTC</createdTime>
<ownerDesignName>dbITBOY</ownerDesignName>
<engineerTo>
<item key="BD738D14-369A-73E6-F8D7-1C0E8D2AD1AC" value="true"/>
</engineerTo>
<nullsAllowed>true</nullsAllowed>
<useDomainConstraints>false</useDomainConstraints>
<use>1</use>
<logicalDatatype>LOGDT011</logicalDatatype>
<ownDataTypeParameters>,,</ownDataTypeParameters>
</Attribute>
<Attribute name="id_anexo2" id="9FE4FC63-E42D-C38C-9440-2FDBF39F5C17">
<createdBy>H3C4</createdBy>
<createdTime>2022-06-22 04:19:56 UTC</createdTime>
<generatorID>22319CEE-3B53-60BC-0E35-B328F1FEC98C</generatorID>
<ownerDesignName>dbITBOY</ownerDesignName>
<engineerTo>
<item key="BD738D14-369A-73E6-F8D7-1C0E8D2AD1AC" value="true"/>
</engineerTo>
<referedAttribute>E69A7C93-19ED-C12A-56EC-33CCD81DAA64</referedAttribute>
<useDomainConstraints>false</useDomainConstraints>
<use>1</use>
<logicalDatatype>LOGDT011</logicalDatatype>
<ownDataTypeParameters>,,</ownDataTypeParameters>
</Attribute>
<Attribute name="id_casoAccidente" id="212A2C0A-42BF-CACC-EA59-D1C973263731">
<createdBy>H3C4</createdBy>
<createdTime>2022-06-22 05:06:53 UTC</createdTime>
<generatorID>22319CEE-3B53-60BC-0E35-B328F1FEC98C</generatorID>
<ownerDesignName>dbITBOY</ownerDesignName>
<engineerTo>
<item key="BD738D14-369A-73E6-F8D7-1C0E8D2AD1AC" value="true"/>
</engineerTo>
<referedAttribute>57BB8D3A-748D-0BD6-8D03-8D5F7E32422F</referedAttribute>
<useDomainConstraints>false</useDomainConstraints>
<use>1</use>
<logicalDatatype>LOGDT019</logicalDatatype>
<ownDataTypeParameters>,,</ownDataTypeParameters>
</Attribute>
</attributes>
<identifiers itemClass="oracle.dbtools.crest.model.design.logical.CandidateKey">
<identifier id="9978CA51-81EC-C901-4837-FC6FFAA6EDCF" name="correspondio PK">
<createdBy>H3C4</createdBy>
<createdTime>2022-06-22 04:16:57 UTC</createdTime>
<ownerDesignName>dbITBOY</ownerDesignName>
<shouldEngineer>false</shouldEngineer>
<engineerTo>
<item key="BD738D14-369A-73E6-F8D7-1C0E8D2AD1AC" value="false"/>
</engineerTo>
<pk>true</pk>
<usedAttributes>
<attributeRef>785D086C-34F8-0FCF-207C-360DD384E0B8</attributeRef>
</usedAttributes>
</identifier>
</identifiers>
</Entity>