<?xml version = '1.0' encoding = 'UTF-8'?>
<Entity class="oracle.dbtools.crest.model.design.logical.Entity" directorySegmentName="seg_0" id="CB9905E1-508C-1836-406C-93E67E596CAF" name="ConductoresVehiculosPropietariosAnexo1">
<createdBy>H3C4</createdBy>
<createdTime>2022-06-22 03:28:55 UTC</createdTime>
<ownerDesignName>dbITBOY</ownerDesignName>
<engineerTo>
<item key="BD738D14-369A-73E6-F8D7-1C0E8D2AD1AC" value="true"/>
</engineerTo>
<adequatelyNormalized>NO</adequatelyNormalized>
<expectedVolumes>0</expectedVolumes>
<fwdEngineeringStrategyName>Single Table</fwdEngineeringStrategyName>
<growthPercent>0</growthPercent>
<growthType>Year</growthType>
<maxVolumes>9999999</maxVolumes>
<minVolumes>0</minVolumes>
<normalForm>Third</normalForm>
<attributes itemClass="oracle.dbtools.crest.model.design.logical.Attribute">
<Attribute name="id_ConductoresVehiculosPropietarios" id="B1075B04-2146-B71B-2E28-B171857226D3">
<createdBy>H3C4</createdBy>
<createdTime>2022-06-22 03:28:55 UTC</createdTime>
<ownerDesignName>dbITBOY</ownerDesignName>
<engineerTo>
<item key="BD738D14-369A-73E6-F8D7-1C0E8D2AD1AC" value="true"/>
</engineerTo>
<useDomainConstraints>false</useDomainConstraints>
<use>1</use>
<logicalDatatype>LOGDT011</logicalDatatype>
<ownDataTypeParameters>,,</ownDataTypeParameters>
</Attribute>
<Attribute name="id_anexo1" id="97FB4734-0114-F1E6-A6D8-C74FB3246886">
<createdBy>H3C4</createdBy>
<createdTime>2022-06-22 03:31:21 UTC</createdTime>
<generatorID>7F92712C-E714-084C-F02A-1129A615486D</generatorID>
<ownerDesignName>dbITBOY</ownerDesignName>
<engineerTo>
<item key="BD738D14-369A-73E6-F8D7-1C0E8D2AD1AC" value="true"/>
</engineerTo>
<referedAttribute>C7B20FC7-6330-82EC-F2D2-8D9D9C855602</referedAttribute>
<useDomainConstraints>false</useDomainConstraints>
<use>1</use>
<logicalDatatype>LOGDT011</logicalDatatype>
<ownDataTypeParameters>,,</ownDataTypeParameters>
</Attribute>
<Attribute name="id_casoAccidente" id="AD3CADE8-B2B3-206C-F82A-223A1822660F">
<createdBy>H3C4</createdBy>
<createdTime>2022-06-22 05:06:19 UTC</createdTime>
<generatorID>7F92712C-E714-084C-F02A-1129A615486D</generatorID>
<ownerDesignName>dbITBOY</ownerDesignName>
<engineerTo>
<item key="BD738D14-369A-73E6-F8D7-1C0E8D2AD1AC" value="true"/>
</engineerTo>
<referedAttribute>E77B9F9B-2FBC-45E2-9D2B-B9008199D61E</referedAttribute>
<useDomainConstraints>false</useDomainConstraints>
<use>1</use>
<logicalDatatype>LOGDT019</logicalDatatype>
<ownDataTypeParameters>,,</ownDataTypeParameters>
</Attribute>
</attributes>
<identifiers itemClass="oracle.dbtools.crest.model.design.logical.CandidateKey">
<identifier id="BFA9E287-405D-19F4-D2EE-E31E5EF13D12" name="ConductoresVehiculosPropietarios PK">
<createdBy>H3C4</createdBy>
<createdTime>2022-06-22 03:28:55 UTC</createdTime>
<ownerDesignName>dbITBOY</ownerDesignName>
<shouldEngineer>false</shouldEngineer>
<engineerTo>
<item key="BD738D14-369A-73E6-F8D7-1C0E8D2AD1AC" value="false"/>
</engineerTo>
<pk>true</pk>
<usedAttributes>
<attributeRef>B1075B04-2146-B71B-2E28-B171857226D3</attributeRef>
</usedAttributes>
</identifier>
</identifiers>
</Entity>