<?xml version = '1.0' encoding = 'UTF-8'?>
<Entity class="oracle.dbtools.crest.model.design.logical.Entity" directorySegmentName="seg_0" id="D5DFF1D1-8499-5614-7494-B18816377B2C" name="ResponsabilidadCivilContractual">
<createdBy>H3C4</createdBy>
<createdTime>2022-06-22 02:18:59 UTC</createdTime>
<ownerDesignName>dbITBOY</ownerDesignName>
<engineerTo>
<item key="BD738D14-369A-73E6-F8D7-1C0E8D2AD1AC" value="true"/>
</engineerTo>
<adequatelyNormalized>NO</adequatelyNormalized>
<expectedVolumes>0</expectedVolumes>
<fwdEngineeringStrategyName>Single Table</fwdEngineeringStrategyName>
<growthPercent>0</growthPercent>
<growthType>Year</growthType>
<maxVolumes>9999999</maxVolumes>
<minVolumes>0</minVolumes>
<normalForm>Third</normalForm>
<attributes itemClass="oracle.dbtools.crest.model.design.logical.Attribute">
<Attribute name="id_RCC" id="1613AA8B-EB94-0B59-0C56-78B6283B93A4">
<createdBy>H3C4</createdBy>
<createdTime>2022-06-22 02:19:16 UTC</createdTime>
<ownerDesignName>dbITBOY</ownerDesignName>
<engineerTo>
<item key="BD738D14-369A-73E6-F8D7-1C0E8D2AD1AC" value="true"/>
</engineerTo>
<useDomainConstraints>false</useDomainConstraints>
<use>1</use>
<logicalDatatype>LOGDT011</logicalDatatype>
<ownDataTypeParameters>,,</ownDataTypeParameters>
</Attribute>
<Attribute name="si" id="94072DF2-C1AD-9D6F-EEAE-FB8896DC42E1">
<createdBy>H3C4</createdBy>
<createdTime>2022-06-22 02:20:02 UTC</createdTime>
<ownerDesignName>dbITBOY</ownerDesignName>
<engineerTo>
<item key="BD738D14-369A-73E6-F8D7-1C0E8D2AD1AC" value="true"/>
</engineerTo>
<nullsAllowed>true</nullsAllowed>
<useDomainConstraints>false</useDomainConstraints>
<use>1</use>
<logicalDatatype>LOGDT006</logicalDatatype>
<dataTypeSize>1 CHAR</dataTypeSize>
<ownDataTypeParameters>1 CHAR,,</ownDataTypeParameters>
</Attribute>
<Attribute name="no" id="97D2B075-6AB7-3714-3431-C181FDB18754">
<createdBy>H3C4</createdBy>
<createdTime>2022-06-22 02:20:10 UTC</createdTime>
<ownerDesignName>dbITBOY</ownerDesignName>
<engineerTo>
<item key="BD738D14-369A-73E6-F8D7-1C0E8D2AD1AC" value="true"/>
</engineerTo>
<nullsAllowed>true</nullsAllowed>
<useDomainConstraints>false</useDomainConstraints>
<use>1</use>
<logicalDatatype>LOGDT006</logicalDatatype>
<dataTypeSize>1 CHAR</dataTypeSize>
<ownDataTypeParameters>1 CHAR,,</ownDataTypeParameters>
</Attribute>
<Attribute name="numero" id="9F7E1499-3B80-2ACD-307F-53AC7F35E815">
<createdBy>H3C4</createdBy>
<createdTime>2022-06-22 02:20:21 UTC</createdTime>
<ownerDesignName>dbITBOY</ownerDesignName>
<engineerTo>
<item key="BD738D14-369A-73E6-F8D7-1C0E8D2AD1AC" value="true"/>
</engineerTo>
<nullsAllowed>true</nullsAllowed>
<useDomainConstraints>false</useDomainConstraints>
<use>1</use>
<logicalDatatype>LOGDT024</logicalDatatype>
<dataTypeSize>255 CHAR</dataTypeSize>
<ownDataTypeParameters>255 CHAR,,</ownDataTypeParameters>
</Attribute>
<Attribute name="aseguradora" id="3BCBA749-F364-15BE-E53D-33E00E1DC3A3">
<createdBy>H3C4</createdBy>
<createdTime>2022-06-22 02:20:39 UTC</createdTime>
<ownerDesignName>dbITBOY</ownerDesignName>
<engineerTo>
<item key="BD738D14-369A-73E6-F8D7-1C0E8D2AD1AC" value="true"/>
</engineerTo>
<nullsAllowed>true</nullsAllowed>
<useDomainConstraints>false</useDomainConstraints>
<use>1</use>
<logicalDatatype>LOGDT024</logicalDatatype>
<dataTypeSize>255 CHAR</dataTypeSize>
<ownDataTypeParameters>255 CHAR,,</ownDataTypeParameters>
</Attribute>
<Attribute name="vencimiento" id="D96EDD4B-F20A-AFAC-7E2B-FB01CECEFC5C">
<createdBy>H3C4</createdBy>
<createdTime>2022-06-22 02:20:45 UTC</createdTime>
<ownerDesignName>dbITBOY</ownerDesignName>
<engineerTo>
<item key="BD738D14-369A-73E6-F8D7-1C0E8D2AD1AC" value="true"/>
</engineerTo>
<nullsAllowed>true</nullsAllowed>
<useDomainConstraints>false</useDomainConstraints>
<use>1</use>
<logicalDatatype>LOGDT007</logicalDatatype>
<ownDataTypeParameters>,,</ownDataTypeParameters>
</Attribute>
</attributes>
<identifiers itemClass="oracle.dbtools.crest.model.design.logical.CandidateKey">
<identifier id="7FDB349B-90C9-D4B0-C925-AE7014FAA3FF" name="ResponsabilidadCivilContractual PK">
<createdBy>H3C4</createdBy>
<createdTime>2022-06-22 02:19:52 UTC</createdTime>
<ownerDesignName>dbITBOY</ownerDesignName>
<engineerTo>
<item key="BD738D14-369A-73E6-F8D7-1C0E8D2AD1AC" value="true"/>
</engineerTo>
<pk>true</pk>
<usedAttributes>
<attributeRef>1613AA8B-EB94-0B59-0C56-78B6283B93A4</attributeRef>
</usedAttributes>
</identifier>
</identifiers>
</Entity>