<?xml version = '1.0' encoding = 'UTF-8'?>
<Entity class="oracle.dbtools.crest.model.design.logical.Entity" directorySegmentName="seg_0" id="E568B0C4-0845-84C2-4FBA-3C9C0E38AB26" name="embriaguez">
<createdBy>H3C4</createdBy>
<createdTime>2022-06-22 01:57:11 UTC</createdTime>
<ownerDesignName>dbITBOY</ownerDesignName>
<engineerTo>
<item key="BD738D14-369A-73E6-F8D7-1C0E8D2AD1AC" value="true"/>
</engineerTo>
<adequatelyNormalized>NO</adequatelyNormalized>
<expectedVolumes>0</expectedVolumes>
<fwdEngineeringStrategyName>Single Table</fwdEngineeringStrategyName>
<growthPercent>0</growthPercent>
<growthType>Year</growthType>
<maxVolumes>9999999</maxVolumes>
<minVolumes>0</minVolumes>
<normalForm>Third</normalForm>
<attributes itemClass="oracle.dbtools.crest.model.design.logical.Attribute">
<Attribute name="id_conductorEmbriaguez" id="234F1A09-D089-3356-B9E5-8DEDBF21ED73">
<createdBy>H3C4</createdBy>
<createdTime>2022-06-22 01:57:20 UTC</createdTime>
<ownerDesignName>dbITBOY</ownerDesignName>
<engineerTo>
<item key="BD738D14-369A-73E6-F8D7-1C0E8D2AD1AC" value="true"/>
</engineerTo>
<useDomainConstraints>false</useDomainConstraints>
<use>1</use>
<logicalDatatype>LOGDT011</logicalDatatype>
<ownDataTypeParameters>,,</ownDataTypeParameters>
</Attribute>
<Attribute name="positivo" id="963128A6-EA83-7BE5-6367-9A153C1F21E2">
<createdBy>H3C4</createdBy>
<createdTime>2022-06-22 01:57:34 UTC</createdTime>
<ownerDesignName>dbITBOY</ownerDesignName>
<engineerTo>
<item key="BD738D14-369A-73E6-F8D7-1C0E8D2AD1AC" value="true"/>
</engineerTo>
<nullsAllowed>true</nullsAllowed>
<useDomainConstraints>false</useDomainConstraints>
<use>1</use>
<logicalDatatype>LOGDT006</logicalDatatype>
<dataTypeSize>1 CHAR</dataTypeSize>
<ownDataTypeParameters>1 CHAR,,</ownDataTypeParameters>
</Attribute>
<Attribute name="negativo" id="DE0CBAB6-4B39-E8E2-0988-05156075D19E">
<createdBy>H3C4</createdBy>
<createdTime>2022-06-22 01:57:46 UTC</createdTime>
<ownerDesignName>dbITBOY</ownerDesignName>
<engineerTo>
<item key="BD738D14-369A-73E6-F8D7-1C0E8D2AD1AC" value="true"/>
</engineerTo>
<nullsAllowed>true</nullsAllowed>
<useDomainConstraints>false</useDomainConstraints>
<use>1</use>
<logicalDatatype>LOGDT006</logicalDatatype>
<dataTypeSize>1 CHAR</dataTypeSize>
<ownDataTypeParameters>1 CHAR,,</ownDataTypeParameters>
</Attribute>
<Attribute name="grado" id="7812182B-3135-F8FD-1A2A-5555D234F26E">
<createdBy>H3C4</createdBy>
<createdTime>2022-06-22 01:57:54 UTC</createdTime>
<ownerDesignName>dbITBOY</ownerDesignName>
<engineerTo>
<item key="BD738D14-369A-73E6-F8D7-1C0E8D2AD1AC" value="true"/>
</engineerTo>
<nullsAllowed>true</nullsAllowed>
<useDomainConstraints>false</useDomainConstraints>
<use>1</use>
<logicalDatatype>LOGDT011</logicalDatatype>
<ownDataTypeParameters>,,</ownDataTypeParameters>
</Attribute>
<Attribute name="id_conductor" id="32FC44A8-E490-1138-56CF-B6BDB0D0C806">
<createdBy>H3C4</createdBy>
<createdTime>2022-06-22 03:13:09 UTC</createdTime>
<generatorID>0BED5BF2-FBCE-5EFA-5F13-4CDE9A624E08</generatorID>
<ownerDesignName>dbITBOY</ownerDesignName>
<engineerTo>
<item key="BD738D14-369A-73E6-F8D7-1C0E8D2AD1AC" value="true"/>
</engineerTo>
<referedAttribute>2E6F1A0C-E8E5-7BE9-1427-7AAE81FA0DD2</referedAttribute>
<useDomainConstraints>false</useDomainConstraints>
<use>1</use>
<logicalDatatype>LOGDT011</logicalDatatype>
<ownDataTypeParameters>,,</ownDataTypeParameters>
</Attribute>
</attributes>
<identifiers itemClass="oracle.dbtools.crest.model.design.logical.CandidateKey">
<identifier id="D7150151-D94B-8532-B203-A67CD14DB252" name="embriaguez PK">
<createdBy>H3C4</createdBy>
<createdTime>2022-06-22 01:57:32 UTC</createdTime>
<ownerDesignName>dbITBOY</ownerDesignName>
<engineerTo>
<item key="BD738D14-369A-73E6-F8D7-1C0E8D2AD1AC" value="true"/>
</engineerTo>
<pk>true</pk>
<usedAttributes>
<attributeRef>234F1A09-D089-3356-B9E5-8DEDBF21ED73</attributeRef>
</usedAttributes>
</identifier>
</identifiers>
</Entity>