<?xml version = '1.0' encoding = 'UTF-8'?>
<Entity class="oracle.dbtools.crest.model.design.logical.Entity" directorySegmentName="seg_0" id="EB7D5B84-CC3C-46D7-B147-9B9FDE83B04F" name="via2">
<createdBy>H3C4</createdBy>
<createdTime>2022-06-22 00:44:57 UTC</createdTime>
<ownerDesignName>dbITBOY</ownerDesignName>
<engineerTo>
<item key="BD738D14-369A-73E6-F8D7-1C0E8D2AD1AC" value="true"/>
</engineerTo>
<adequatelyNormalized>NO</adequatelyNormalized>
<expectedVolumes>0</expectedVolumes>
<fwdEngineeringStrategyName>Single Table</fwdEngineeringStrategyName>
<growthPercent>0</growthPercent>
<growthType>Year</growthType>
<maxVolumes>9999999</maxVolumes>
<minVolumes>0</minVolumes>
<normalForm>Third</normalForm>
<attributes itemClass="oracle.dbtools.crest.model.design.logical.Attribute">
<Attribute name="id_caracVia2" id="A9AC639E-C5B1-73EC-DF51-9BC07A047536">
<createdBy>H3C4</createdBy>
<createdTime>2022-06-22 00:45:13 UTC</createdTime>
<ownerDesignName>dbITBOY</ownerDesignName>
<engineerTo>
<item key="BD738D14-369A-73E6-F8D7-1C0E8D2AD1AC" value="true"/>
</engineerTo>
<useDomainConstraints>false</useDomainConstraints>
<use>1</use>
<logicalDatatype>LOGDT011</logicalDatatype>
<ownDataTypeParameters>,,</ownDataTypeParameters>
</Attribute>
<Attribute name="id_caracVia" id="F23A21C8-D091-D699-E255-4848DF55695C">
<createdBy>H3C4</createdBy>
<createdTime>2022-06-22 03:00:59 UTC</createdTime>
<generatorID>EC4F7A8D-60F9-4212-01C2-91A3353ED6F8</generatorID>
<ownerDesignName>dbITBOY</ownerDesignName>
<engineerTo>
<item key="BD738D14-369A-73E6-F8D7-1C0E8D2AD1AC" value="true"/>
</engineerTo>
<referedAttribute>C3B13519-C8C3-B1EC-DF10-B534305A780D</referedAttribute>
<useDomainConstraints>false</useDomainConstraints>
<use>1</use>
<logicalDatatype>LOGDT011</logicalDatatype>
<ownDataTypeParameters>,,</ownDataTypeParameters>
</Attribute>
</attributes>
<identifiers itemClass="oracle.dbtools.crest.model.design.logical.CandidateKey">
<identifier id="8EFCC78F-BEAB-3D83-EE31-2474827DF537" name="via2 PK">
<createdBy>H3C4</createdBy>
<createdTime>2022-06-22 00:45:31 UTC</createdTime>
<ownerDesignName>dbITBOY</ownerDesignName>
<engineerTo>
<item key="BD738D14-369A-73E6-F8D7-1C0E8D2AD1AC" value="true"/>
</engineerTo>
<pk>true</pk>
<usedAttributes>
<attributeRef>A9AC639E-C5B1-73EC-DF51-9BC07A047536</attributeRef>
</usedAttributes>
</identifier>
</identifiers>
</Entity>