<?xml version = '1.0' encoding = 'UTF-8'?>
<Entity class="oracle.dbtools.crest.model.design.logical.Entity" directorySegmentName="seg_0" id="F81804E9-2B5B-54E1-3CD9-0B429253614B" name="agenteTransito">
<createdBy>H3C4</createdBy>
<createdTime>2022-06-22 01:33:11 UTC</createdTime>
<ownerDesignName>dbITBOY</ownerDesignName>
<engineerTo>
<item key="BD738D14-369A-73E6-F8D7-1C0E8D2AD1AC" value="true"/>
</engineerTo>
<adequatelyNormalized>NO</adequatelyNormalized>
<expectedVolumes>0</expectedVolumes>
<fwdEngineeringStrategyName>Single Table</fwdEngineeringStrategyName>
<growthPercent>0</growthPercent>
<growthType>Year</growthType>
<maxVolumes>9999999</maxVolumes>
<minVolumes>0</minVolumes>
<normalForm>Third</normalForm>
<attributes itemClass="oracle.dbtools.crest.model.design.logical.Attribute">
<Attribute name="id_agenteTransito" id="526E1EB3-FFE0-AF3F-D828-EF48952B2A0A">
<createdBy>H3C4</createdBy>
<createdTime>2022-06-22 01:33:22 UTC</createdTime>
<ownerDesignName>dbITBOY</ownerDesignName>
<engineerTo>
<item key="BD738D14-369A-73E6-F8D7-1C0E8D2AD1AC" value="true"/>
</engineerTo>
<useDomainConstraints>false</useDomainConstraints>
<use>1</use>
<logicalDatatype>LOGDT011</logicalDatatype>
<ownDataTypeParameters>,,</ownDataTypeParameters>
</Attribute>
<Attribute name="agenteTransito" id="D23AD8E5-6B45-5D06-E577-BCFCE788BC0A">
<createdBy>H3C4</createdBy>
<createdTime>2022-06-22 01:33:45 UTC</createdTime>
<ownerDesignName>dbITBOY</ownerDesignName>
<engineerTo>
<item key="BD738D14-369A-73E6-F8D7-1C0E8D2AD1AC" value="true"/>
</engineerTo>
<nullsAllowed>true</nullsAllowed>
<useDomainConstraints>false</useDomainConstraints>
<use>1</use>
<logicalDatatype>LOGDT006</logicalDatatype>
<dataTypeSize>1 CHAR</dataTypeSize>
<ownDataTypeParameters>1 CHAR,,</ownDataTypeParameters>
</Attribute>
<Attribute name="id_controlesTransito" id="F6952FFF-A353-667B-5985-17B785C85A93">
<createdBy>H3C4</createdBy>
<createdTime>2022-06-22 03:09:32 UTC</createdTime>
<generatorID>30751E2E-C0A9-F5E2-7C9E-B3F7D11FE98F</generatorID>
<ownerDesignName>dbITBOY</ownerDesignName>
<engineerTo>
<item key="BD738D14-369A-73E6-F8D7-1C0E8D2AD1AC" value="true"/>
</engineerTo>
<referedAttribute>7BD490DD-10F1-80F3-DA78-63B286CA1E7F</referedAttribute>
<useDomainConstraints>false</useDomainConstraints>
<use>1</use>
<logicalDatatype>LOGDT011</logicalDatatype>
<ownDataTypeParameters>,,</ownDataTypeParameters>
</Attribute>
</attributes>
<identifiers itemClass="oracle.dbtools.crest.model.design.logical.CandidateKey">
<identifier id="D3A4411F-4468-B61B-C70A-F2B1F0D600F1" name="agenteTransito PK">
<createdBy>H3C4</createdBy>
<createdTime>2022-06-22 01:33:34 UTC</createdTime>
<ownerDesignName>dbITBOY</ownerDesignName>
<engineerTo>
<item key="BD738D14-369A-73E6-F8D7-1C0E8D2AD1AC" value="true"/>
</engineerTo>
<pk>true</pk>
<usedAttributes>
<attributeRef>526E1EB3-FFE0-AF3F-D828-EF48952B2A0A</attributeRef>
</usedAttributes>
</identifier>
</identifiers>
</Entity>