<?xml version = '1.0' encoding = 'UTF-8'?>
<Relation class="oracle.dbtools.crest.model.design.logical.Relation" name="conductor_embriaguez" directorySegmentName="seg_0" id="0BED5BF2-FBCE-5EFA-5F13-4CDE9A624E08">
<createdBy>H3C4</createdBy>
<createdTime>2022-06-22 03:13:09 UTC</createdTime>
<ownerDesignName>dbITBOY</ownerDesignName>
<engineerTo>
<item key="BD738D14-369A-73E6-F8D7-1C0E8D2AD1AC" value="true"/>
</engineerTo>
<sourcePk>AA6C28DC-0764-08FA-B5B1-AAAFF2F567A4</sourcePk>
<identifying>false</identifying>
<optionalSource>true</optionalSource>
<optionalTarget>false</optionalTarget>
<sourceCardinality>1</sourceCardinality>
<sourceEntity>5D915B31-FC7B-7813-13BE-3DAB952A0A61</sourceEntity>
<targetCardinalityString>1</targetCardinalityString>
<targetEntity>E568B0C4-0845-84C2-4FBA-3C9C0E38AB26</targetEntity>
<transferable>true</transferable>
<deleteRule>NO ACTION</deleteRule>
</Relation>