<?xml version = '1.0' encoding = 'UTF-8'?>
<Relation class="oracle.dbtools.crest.model.design.logical.Relation" name="via_utilizacionv2" directorySegmentName="seg_0" id="111EF9C9-4731-0EC7-398F-91E5B7EACDEB">
<createdBy>H3C4</createdBy>
<createdTime>2022-06-22 03:03:14 UTC</createdTime>
<ownerDesignName>dbITBOY</ownerDesignName>
<engineerTo>
<item key="BD738D14-369A-73E6-F8D7-1C0E8D2AD1AC" value="true"/>
</engineerTo>
<sourcePk>8EFCC78F-BEAB-3D83-EE31-2474827DF537</sourcePk>
<identifying>false</identifying>
<optionalSource>true</optionalSource>
<optionalTarget>false</optionalTarget>
<sourceCardinality>1</sourceCardinality>
<sourceEntity>EB7D5B84-CC3C-46D7-B147-9B9FDE83B04F</sourceEntity>
<targetCardinalityString>1</targetCardinalityString>
<targetEntity>4C6223C5-4048-05BE-CB44-3BCAE9F5ED39</targetEntity>
<transferable>true</transferable>
<deleteRule>NO ACTION</deleteRule>
</Relation>