<?xml version = '1.0' encoding = 'UTF-8'?>
<Relation class="oracle.dbtools.crest.model.design.logical.Relation" name="vehiculo_nacionalidad" directorySegmentName="seg_0" id="15D7D069-6522-C412-A545-356717ECE629">
<createdBy>H3C4</createdBy>
<createdTime>2022-06-22 03:13:49 UTC</createdTime>
<ownerDesignName>dbITBOY</ownerDesignName>
<engineerTo>
<item key="BD738D14-369A-73E6-F8D7-1C0E8D2AD1AC" value="true"/>
</engineerTo>
<identifying>false</identifying>
<optionalSource>true</optionalSource>
<optionalTarget>false</optionalTarget>
<sourceCardinality>1</sourceCardinality>
<sourceEntity>D1D76900-CA0C-9F73-9DB0-202BA6DA9271</sourceEntity>
<targetCardinalityString>1</targetCardinalityString>
<targetEntity>7DFC2332-81E2-9E85-4C26-9FC92A6ACC93</targetEntity>
<transferable>true</transferable>
<deleteRule>NO ACTION</deleteRule>
</Relation>