<?xml version = '1.0' encoding = 'UTF-8'?>
<Relation class="oracle.dbtools.crest.model.design.logical.Relation" name="clase_choqueObjeto" directorySegmentName="seg_0" id="1D0C99FC-7B8C-70DD-D5A3-D1188825BF17">
<createdBy>H3C4</createdBy>
<createdTime>2022-06-22 02:56:49 UTC</createdTime>
<ownerDesignName>dbITBOY</ownerDesignName>
<engineerTo>
<item key="BD738D14-369A-73E6-F8D7-1C0E8D2AD1AC" value="true"/>
</engineerTo>
<sourcePk>CFC41D3C-88E0-4EDB-E075-5979A71F171E</sourcePk>
<identifying>false</identifying>
<optionalSource>true</optionalSource>
<optionalTarget>false</optionalTarget>
<sourceCardinality>1</sourceCardinality>
<sourceEntity>6A628916-4EDC-FFDB-B0AD-24258D1F98F1</sourceEntity>
<targetCardinalityString>*</targetCardinalityString>
<targetEntity>C3E8042B-3410-6FF2-6089-3CE43EAE67B7</targetEntity>
<transferable>true</transferable>
<deleteRule>NO ACTION</deleteRule>
</Relation>