<?xml version = '1.0' encoding = 'UTF-8'?>
<Relation class="oracle.dbtools.crest.model.design.logical.Relation" name="modalidadTrans_carga" directorySegmentName="seg_0" id="3F59D30C-9B22-E743-A1A1-96C5296E511C">
<createdBy>H3C4</createdBy>
<createdTime>2022-06-22 03:20:14 UTC</createdTime>
<ownerDesignName>dbITBOY</ownerDesignName>
<engineerTo>
<item key="BD738D14-369A-73E6-F8D7-1C0E8D2AD1AC" value="true"/>
</engineerTo>
<sourcePk>44729EC3-1618-9102-E13C-9B16F9442097</sourcePk>
<identifying>false</identifying>
<optionalSource>true</optionalSource>
<optionalTarget>false</optionalTarget>
<sourceCardinality>1</sourceCardinality>
<sourceEntity>FFE0DE29-DA2F-0772-C23B-B96EFE21114F</sourceEntity>
<targetCardinalityString>1</targetCardinalityString>
<targetEntity>2E01C348-E869-298C-9980-62170F216B63</targetEntity>
<transferable>true</transferable>
<deleteRule>NO ACTION</deleteRule>
</Relation>