<?xml version = '1.0' encoding = 'UTF-8'?>
<Relation class="oracle.dbtools.crest.model.design.logical.Relation" name="CVP_vehiculo" directorySegmentName="seg_0" id="48611064-2039-597D-B26D-125BD96D26F9">
<createdBy>H3C4</createdBy>
<createdTime>2022-06-22 03:13:22 UTC</createdTime>
<ownerDesignName>dbITBOY</ownerDesignName>
<engineerTo>
<item key="BD738D14-369A-73E6-F8D7-1C0E8D2AD1AC" value="true"/>
</engineerTo>
<sourcePk>284E3B69-F3DC-1417-C5F0-865E918D82D6</sourcePk>
<identifying>false</identifying>
<optionalSource>true</optionalSource>
<optionalTarget>false</optionalTarget>
<sourceCardinality>1</sourceCardinality>
<sourceEntity>796E71BA-75B0-5625-0057-6422D2F210DD</sourceEntity>
<targetCardinalityString>1</targetCardinalityString>
<targetEntity>D1D76900-CA0C-9F73-9DB0-202BA6DA9271</targetEntity>
<transferable>true</transferable>
<deleteRule>NO ACTION</deleteRule>
</Relation>