<?xml version = '1.0' encoding = 'UTF-8'?>
<Relation class="oracle.dbtools.crest.model.design.logical.Relation" name="propietario_vehiculo" directorySegmentName="seg_0" id="4AEC4A4C-2F60-584F-4E32-4A203964792F">
<createdBy>H3C4</createdBy>
<createdTime>2022-06-22 03:19:09 UTC</createdTime>
<ownerDesignName>dbITBOY</ownerDesignName>
<engineerTo>
<item key="BD738D14-369A-73E6-F8D7-1C0E8D2AD1AC" value="true"/>
</engineerTo>
<sourcePk>203DEB7B-9228-38AB-1BB4-4E4761FC5AF4</sourcePk>
<identifying>false</identifying>
<optionalSource>true</optionalSource>
<optionalTarget>false</optionalTarget>
<sourceCardinality>1</sourceCardinality>
<sourceEntity>78DA7CE9-878D-631E-834D-B4EDF7084A7E</sourceEntity>
<targetCardinalityString>1</targetCardinalityString>
<targetEntity>4F815540-4A3A-E3D2-BE4C-A2E507605924</targetEntity>
<transferable>true</transferable>
<deleteRule>NO ACTION</deleteRule>
</Relation>