<?xml version = '1.0' encoding = 'UTF-8'?>
<Relation class="oracle.dbtools.crest.model.design.logical.Relation" name="conductor_licencia" directorySegmentName="seg_0" id="4CB25626-6ED6-1954-4233-6B6CADAD5863">
<createdBy>H3C4</createdBy>
<createdTime>2022-06-22 03:12:38 UTC</createdTime>
<ownerDesignName>dbITBOY</ownerDesignName>
<engineerTo>
<item key="BD738D14-369A-73E6-F8D7-1C0E8D2AD1AC" value="true"/>
</engineerTo>
<sourcePk>AA6C28DC-0764-08FA-B5B1-AAAFF2F567A4</sourcePk>
<identifying>false</identifying>
<optionalSource>true</optionalSource>
<optionalTarget>false</optionalTarget>
<sourceCardinality>1</sourceCardinality>
<sourceEntity>5D915B31-FC7B-7813-13BE-3DAB952A0A61</sourceEntity>
<targetCardinalityString>1</targetCardinalityString>
<targetEntity>1559A85C-01B1-345D-A529-EED90A037EBF</targetEntity>
<transferable>true</transferable>
<deleteRule>NO ACTION</deleteRule>
</Relation>