<?xml version = '1.0' encoding = 'UTF-8'?>
<Relation class="oracle.dbtools.crest.model.design.logical.Relation" name="controles_reductorVelocidad" directorySegmentName="seg_0" id="53218A48-C171-72B7-7222-C672F6E8A70B">
<createdBy>H3C4</createdBy>
<createdTime>2022-06-22 03:10:26 UTC</createdTime>
<ownerDesignName>dbITBOY</ownerDesignName>
<engineerTo>
<item key="BD738D14-369A-73E6-F8D7-1C0E8D2AD1AC" value="true"/>
</engineerTo>
<sourcePk>C547EE8B-1F31-973E-3633-F7550B200A1E</sourcePk>
<identifying>false</identifying>
<optionalSource>true</optionalSource>
<optionalTarget>false</optionalTarget>
<sourceCardinality>1</sourceCardinality>
<sourceEntity>8DE00B5C-7582-510E-2302-64F0F99241B4</sourceEntity>
<targetCardinalityString>1</targetCardinalityString>
<targetEntity>2D958BD6-0C28-8E35-88E2-9DBF4DA298F2</targetEntity>
<transferable>true</transferable>
<deleteRule>NO ACTION</deleteRule>
</Relation>