<?xml version = '1.0' encoding = 'UTF-8'?>
<Relation class="oracle.dbtools.crest.model.design.logical.Relation" name="vehiculo_RevTecMec" directorySegmentName="seg_0" id="5BA55DB4-68AC-E32C-75D2-EC84C9B712F3">
<createdBy>H3C4</createdBy>
<createdTime>2022-06-22 03:14:05 UTC</createdTime>
<ownerDesignName>dbITBOY</ownerDesignName>
<engineerTo>
<item key="BD738D14-369A-73E6-F8D7-1C0E8D2AD1AC" value="true"/>
</engineerTo>
<identifying>false</identifying>
<optionalSource>true</optionalSource>
<optionalTarget>false</optionalTarget>
<sourceCardinality>1</sourceCardinality>
<sourceEntity>D1D76900-CA0C-9F73-9DB0-202BA6DA9271</sourceEntity>
<targetCardinalityString>1</targetCardinalityString>
<targetEntity>CDE26CF4-A974-2417-D29E-D1E9A53E751C</targetEntity>
<transferable>true</transferable>
<deleteRule>NO ACTION</deleteRule>
</Relation>