<?xml version = '1.0' encoding = 'UTF-8'?>
<Relation class="oracle.dbtools.crest.model.design.logical.Relation" name="caracteristicas_via1" directorySegmentName="seg_0" id="5E0FBC06-D186-8CA3-59C2-0FD38DEFE1B8">
<createdBy>H3C4</createdBy>
<createdTime>2022-06-22 03:00:40 UTC</createdTime>
<ownerDesignName>dbITBOY</ownerDesignName>
<engineerTo>
<item key="BD738D14-369A-73E6-F8D7-1C0E8D2AD1AC" value="true"/>
</engineerTo>
<sourcePk>F653CD1D-BB65-BA40-E515-742AD3B2582A</sourcePk>
<identifying>false</identifying>
<optionalSource>true</optionalSource>
<optionalTarget>false</optionalTarget>
<sourceCardinality>1</sourceCardinality>
<sourceEntity>63FA0573-5F4F-0FE4-F7FD-081853E16109</sourceEntity>
<targetCardinalityString>1</targetCardinalityString>
<targetEntity>790A0606-53AB-BB77-9613-42D079DACF36</targetEntity>
<transferable>true</transferable>
<deleteRule>NO ACTION</deleteRule>
</Relation>