<?xml version = '1.0' encoding = 'UTF-8'?>
<Relation class="oracle.dbtools.crest.model.design.logical.Relation" name="caracteristicas_zona" directorySegmentName="seg_0" id="701EDF60-D3B0-30E4-501C-62BB9F6989F1">
<createdBy>H3C4</createdBy>
<createdTime>2022-06-22 02:59:11 UTC</createdTime>
<ownerDesignName>dbITBOY</ownerDesignName>
<engineerTo>
<item key="BD738D14-369A-73E6-F8D7-1C0E8D2AD1AC" value="true"/>
</engineerTo>
<sourcePk>69CD4780-4593-394C-D4F2-DD63FD4662BE</sourcePk>
<identifying>false</identifying>
<optionalSource>true</optionalSource>
<optionalTarget>false</optionalTarget>
<sourceCardinality>1</sourceCardinality>
<sourceEntity>0DC293B9-CD0A-130A-309C-89BB632F211F</sourceEntity>
<targetCardinalityString>1</targetCardinalityString>
<targetEntity>B7891748-FE0A-3A39-E67A-546FA8C57937</targetEntity>
<transferable>true</transferable>
<deleteRule>NO ACTION</deleteRule>
</Relation>