<?xml version = '1.0' encoding = 'UTF-8'?>
<Relation class="oracle.dbtools.crest.model.design.logical.Relation" name="vehiculo_RCC" directorySegmentName="seg_0" id="79CD998A-48A8-7948-0F1D-8C5567810DEF">
<createdBy>H3C4</createdBy>
<createdTime>2022-06-22 03:15:17 UTC</createdTime>
<ownerDesignName>dbITBOY</ownerDesignName>
<engineerTo>
<item key="BD738D14-369A-73E6-F8D7-1C0E8D2AD1AC" value="true"/>
</engineerTo>
<identifying>false</identifying>
<optionalSource>true</optionalSource>
<optionalTarget>false</optionalTarget>
<sourceCardinality>1</sourceCardinality>
<sourceEntity>D1D76900-CA0C-9F73-9DB0-202BA6DA9271</sourceEntity>
<targetCardinalityString>1</targetCardinalityString>
<targetEntity>D5DFF1D1-8499-5614-7494-B18816377B2C</targetEntity>
<transferable>true</transferable>
<deleteRule>NO ACTION</deleteRule>
</Relation>