<?xml version = '1.0' encoding = 'UTF-8'?>
<Relation class="oracle.dbtools.crest.model.design.logical.Relation" name="via_visibilidad" directorySegmentName="seg_0" id="84AD2DAD-9A2E-A55C-2486-D8C9FFC41AD7">
<createdBy>H3C4</createdBy>
<createdTime>2022-06-22 03:08:15 UTC</createdTime>
<ownerDesignName>dbITBOY</ownerDesignName>
<engineerTo>
<item key="BD738D14-369A-73E6-F8D7-1C0E8D2AD1AC" value="true"/>
</engineerTo>
<sourcePk>90D20048-E36B-F4E2-1EDC-211BF66E2043</sourcePk>
<identifying>false</identifying>
<optionalSource>true</optionalSource>
<optionalTarget>false</optionalTarget>
<sourceCardinality>1</sourceCardinality>
<sourceEntity>790A0606-53AB-BB77-9613-42D079DACF36</sourceEntity>
<targetCardinalityString>1</targetCardinalityString>
<targetEntity>28EB577E-A450-7E46-A375-04986CCD0A7C</targetEntity>
<transferable>true</transferable>
<deleteRule>NO ACTION</deleteRule>
</Relation>