<?xml version = '1.0' encoding = 'UTF-8'?>
<Relation class="oracle.dbtools.crest.model.design.logical.Relation" name="vehiculo_SOAT" directorySegmentName="seg_0" id="89847FB4-17F7-DAEE-2600-82EA516B8E3E">
<createdBy>H3C4</createdBy>
<createdTime>2022-06-22 03:14:18 UTC</createdTime>
<ownerDesignName>dbITBOY</ownerDesignName>
<engineerTo>
<item key="BD738D14-369A-73E6-F8D7-1C0E8D2AD1AC" value="true"/>
</engineerTo>
<identifying>false</identifying>
<optionalSource>true</optionalSource>
<optionalTarget>false</optionalTarget>
<sourceCardinality>1</sourceCardinality>
<sourceEntity>D1D76900-CA0C-9F73-9DB0-202BA6DA9271</sourceEntity>
<targetCardinalityString>1</targetCardinalityString>
<targetEntity>67C9FAD5-E2B6-F060-C09E-596EA3291AE8</targetEntity>
<transferable>true</transferable>
<deleteRule>NO ACTION</deleteRule>
</Relation>