<?xml version = '1.0' encoding = 'UTF-8'?>
<Relation class="oracle.dbtools.crest.model.design.logical.Relation" name="info_caracteristicasVia" directorySegmentName="seg_0" id="8EFD8879-E5F2-0D60-6E75-729D92977D1D">
<createdBy>H3C4</createdBy>
<createdTime>2022-06-22 03:00:18 UTC</createdTime>
<ownerDesignName>dbITBOY</ownerDesignName>
<engineerTo>
<item key="BD738D14-369A-73E6-F8D7-1C0E8D2AD1AC" value="true"/>
</engineerTo>
<sourcePk>36E12F39-CA7D-9B07-F3E9-EBDFBAFBEDC1</sourcePk>
<identifying>false</identifying>
<optionalSource>true</optionalSource>
<optionalTarget>false</optionalTarget>
<sourceCardinality>1</sourceCardinality>
<sourceEntity>5CED41FF-05B4-819E-8809-B671A0B748CD</sourceEntity>
<targetCardinalityString>1</targetCardinalityString>
<targetEntity>63FA0573-5F4F-0FE4-F7FD-081853E16109</targetEntity>
<transferable>true</transferable>
<deleteRule>NO ACTION</deleteRule>
</Relation>