<?xml version = '1.0' encoding = 'UTF-8'?>
<Relation class="oracle.dbtools.crest.model.design.logical.Relation" name="anexo1_correspondio" directorySegmentName="seg_0" id="9920BC2A-0AED-CE10-1760-CD70EDE82D20">
<createdBy>H3C4</createdBy>
<createdTime>2022-06-22 03:44:14 UTC</createdTime>
<ownerDesignName>dbITBOY</ownerDesignName>
<engineerTo>
<item key="BD738D14-369A-73E6-F8D7-1C0E8D2AD1AC" value="true"/>
</engineerTo>
<sourcePk>50E4D462-39A3-1BEC-F0F8-656AA9C5E1E3</sourcePk>
<identifying>false</identifying>
<optionalSource>true</optionalSource>
<optionalTarget>false</optionalTarget>
<sourceCardinality>1</sourceCardinality>
<sourceEntity>872F24FF-0ED0-13D6-03B3-8280C2311207</sourceEntity>
<targetCardinalityString>1</targetCardinalityString>
<targetEntity>A66439B2-13BB-F853-7227-3EE00D819569</targetEntity>
<transferable>true</transferable>
<deleteRule>NO ACTION</deleteRule>
</Relation>