<?xml version = '1.0' encoding = 'UTF-8'?>
<Relation class="oracle.dbtools.crest.model.design.logical.Relation" name="controles_senalesTrans" directorySegmentName="seg_0" id="9EF0FA16-02E6-0C47-991F-5F46536B9A18">
<createdBy>H3C4</createdBy>
<createdTime>2022-06-22 03:10:01 UTC</createdTime>
<ownerDesignName>dbITBOY</ownerDesignName>
<engineerTo>
<item key="BD738D14-369A-73E6-F8D7-1C0E8D2AD1AC" value="true"/>
</engineerTo>
<sourcePk>C547EE8B-1F31-973E-3633-F7550B200A1E</sourcePk>
<identifying>false</identifying>
<optionalSource>true</optionalSource>
<optionalTarget>false</optionalTarget>
<sourceCardinality>1</sourceCardinality>
<sourceEntity>8DE00B5C-7582-510E-2302-64F0F99241B4</sourceEntity>
<targetCardinalityString>1</targetCardinalityString>
<targetEntity>1C2F9045-57F4-CBE3-490F-A071302EDCD7</targetEntity>
<transferable>true</transferable>
<deleteRule>NO ACTION</deleteRule>
</Relation>