<?xml version = '1.0' encoding = 'UTF-8'?>
<Relation class="oracle.dbtools.crest.model.design.logical.Relation" name="modalidadTrans_mixto" directorySegmentName="seg_0" id="A83A5131-ABB0-653A-63E7-1E61C7BFB8FB">
<createdBy>H3C4</createdBy>
<createdTime>2022-06-22 03:20:04 UTC</createdTime>
<ownerDesignName>dbITBOY</ownerDesignName>
<engineerTo>
<item key="BD738D14-369A-73E6-F8D7-1C0E8D2AD1AC" value="true"/>
</engineerTo>
<sourcePk>44729EC3-1618-9102-E13C-9B16F9442097</sourcePk>
<identifying>false</identifying>
<optionalSource>true</optionalSource>
<optionalTarget>false</optionalTarget>
<sourceCardinality>1</sourceCardinality>
<sourceEntity>FFE0DE29-DA2F-0772-C23B-B96EFE21114F</sourceEntity>
<targetCardinalityString>1</targetCardinalityString>
<targetEntity>EF8C7D9C-E47D-9F8C-A508-6A9C1D435899</targetEntity>
<transferable>true</transferable>
<deleteRule>NO ACTION</deleteRule>
</Relation>