<?xml version = '1.0' encoding = 'UTF-8'?>
<Relation class="oracle.dbtools.crest.model.design.logical.Relation" name="clase_ChoqueObjetoFijo" directorySegmentName="seg_0" id="AC9AB259-3B26-5958-A9C2-91EBDE23667A">
<createdBy>H3C4</createdBy>
<createdTime>2022-06-22 02:55:30 UTC</createdTime>
<ownerDesignName>dbITBOY</ownerDesignName>
<engineerTo>
<item key="BD738D14-369A-73E6-F8D7-1C0E8D2AD1AC" value="true"/>
</engineerTo>
<sourcePk>CFC41D3C-88E0-4EDB-E075-5979A71F171E</sourcePk>
<identifying>false</identifying>
<optionalSource>true</optionalSource>
<optionalTarget>false</optionalTarget>
<sourceCardinality>1</sourceCardinality>
<sourceEntity>6A628916-4EDC-FFDB-B0AD-24258D1F98F1</sourceEntity>
<targetCardinalityString>*</targetCardinalityString>
<targetEntity>4466AE38-1C0D-B920-A398-1DE41D7B4295</targetEntity>
<transferable>true</transferable>
<deleteRule>NO ACTION</deleteRule>
</Relation>