<?xml version = '1.0' encoding = 'UTF-8'?>
<Relation class="oracle.dbtools.crest.model.design.logical.Relation" name="info_fallasVehiculo" directorySegmentName="seg_0" id="AF1CECA0-FFA6-F01D-013E-C51E1DA71F58">
<createdBy>H3C4</createdBy>
<createdTime>2022-06-22 03:21:31 UTC</createdTime>
<ownerDesignName>dbITBOY</ownerDesignName>
<engineerTo>
<item key="BD738D14-369A-73E6-F8D7-1C0E8D2AD1AC" value="true"/>
</engineerTo>
<sourcePk>36E12F39-CA7D-9B07-F3E9-EBDFBAFBEDC1</sourcePk>
<identifying>false</identifying>
<optionalSource>true</optionalSource>
<optionalTarget>false</optionalTarget>
<sourceCardinality>1</sourceCardinality>
<sourceEntity>5CED41FF-05B4-819E-8809-B671A0B748CD</sourceEntity>
<targetCardinalityString>1</targetCardinalityString>
<targetEntity>CD8B8665-19A3-1A28-46D3-6341AD9A4FFD</targetEntity>
<transferable>true</transferable>
<deleteRule>NO ACTION</deleteRule>
</Relation>