<?xml version = '1.0' encoding = 'UTF-8'?>
<Relation class="oracle.dbtools.crest.model.design.logical.Relation" name="conductor_examen" directorySegmentName="seg_0" id="BAE17E69-8599-1916-CA4B-D6D3E30FA459">
<createdBy>H3C4</createdBy>
<createdTime>2022-06-22 03:12:18 UTC</createdTime>
<ownerDesignName>dbITBOY</ownerDesignName>
<engineerTo>
<item key="BD738D14-369A-73E6-F8D7-1C0E8D2AD1AC" value="true"/>
</engineerTo>
<sourcePk>AA6C28DC-0764-08FA-B5B1-AAAFF2F567A4</sourcePk>
<identifying>false</identifying>
<optionalSource>true</optionalSource>
<optionalTarget>false</optionalTarget>
<sourceCardinality>1</sourceCardinality>
<sourceEntity>5D915B31-FC7B-7813-13BE-3DAB952A0A61</sourceEntity>
<targetCardinalityString>1</targetCardinalityString>
<targetEntity>A191EA07-750B-1BE9-EF03-F3E9CF0DB74F</targetEntity>
<transferable>true</transferable>
<deleteRule>NO ACTION</deleteRule>
</Relation>