<?xml version = '1.0' encoding = 'UTF-8'?>
<Relation class="oracle.dbtools.crest.model.design.logical.Relation" name="caracteristicas_area" directorySegmentName="seg_0" id="CC35FB6A-F076-36A9-2AE2-62B4A9FA884C">
<createdBy>H3C4</createdBy>
<createdTime>2022-06-22 02:58:19 UTC</createdTime>
<ownerDesignName>dbITBOY</ownerDesignName>
<engineerTo>
<item key="BD738D14-369A-73E6-F8D7-1C0E8D2AD1AC" value="true"/>
</engineerTo>
<sourcePk>69CD4780-4593-394C-D4F2-DD63FD4662BE</sourcePk>
<identifying>false</identifying>
<optionalSource>true</optionalSource>
<optionalTarget>false</optionalTarget>
<sourceCardinality>1</sourceCardinality>
<sourceEntity>0DC293B9-CD0A-130A-309C-89BB632F211F</sourceEntity>
<targetCardinalityString>1</targetCardinalityString>
<targetEntity>7B1A9E34-0CCF-3CF3-4327-7FE7ABEFD600</targetEntity>
<transferable>true</transferable>
<deleteRule>NO ACTION</deleteRule>
</Relation>