<?xml version = '1.0' encoding = 'UTF-8'?>
<Relation class="oracle.dbtools.crest.model.design.logical.Relation" name="anexo2_victimas" directorySegmentName="seg_0" id="D7894D35-E24E-DECD-7CC7-28895BC66665">
<createdBy>H3C4</createdBy>
<createdTime>2022-06-22 04:18:04 UTC</createdTime>
<ownerDesignName>dbITBOY</ownerDesignName>
<engineerTo>
<item key="BD738D14-369A-73E6-F8D7-1C0E8D2AD1AC" value="true"/>
</engineerTo>
<sourcePk>81015C91-9F1A-88CB-6AF8-8458BA2AC9D4</sourcePk>
<identifying>false</identifying>
<optionalSource>true</optionalSource>
<optionalTarget>false</optionalTarget>
<sourceCardinality>1</sourceCardinality>
<sourceEntity>BA284C53-6416-FF26-F64E-AFE1410D33D9</sourceEntity>
<targetCardinalityString>*</targetCardinalityString>
<targetEntity>1556F4C6-C574-479C-C65F-9BD6800D4CA6</targetEntity>
<transferable>true</transferable>
<deleteRule>NO ACTION</deleteRule>
</Relation>