<?xml version = '1.0' encoding = 'UTF-8'?>
<Relation class="oracle.dbtools.crest.model.design.logical.Relation" name="info_caracteristicasLugar" directorySegmentName="seg_0" id="DC4D0581-32F7-29CD-A30F-0294CE7C6D56">
<createdBy>H3C4</createdBy>
<createdTime>2022-06-22 02:57:35 UTC</createdTime>
<ownerDesignName>dbITBOY</ownerDesignName>
<engineerTo>
<item key="BD738D14-369A-73E6-F8D7-1C0E8D2AD1AC" value="true"/>
</engineerTo>
<sourcePk>36E12F39-CA7D-9B07-F3E9-EBDFBAFBEDC1</sourcePk>
<identifying>false</identifying>
<optionalSource>true</optionalSource>
<optionalTarget>false</optionalTarget>
<sourceCardinality>1</sourceCardinality>
<sourceEntity>5CED41FF-05B4-819E-8809-B671A0B748CD</sourceEntity>
<targetCardinalityString>1</targetCardinalityString>
<targetEntity>0DC293B9-CD0A-130A-309C-89BB632F211F</targetEntity>
<transferable>true</transferable>
<deleteRule>NO ACTION</deleteRule>
</Relation>