<?xml version = '1.0' encoding = 'UTF-8'?>
<Relation class="oracle.dbtools.crest.model.design.logical.Relation" name="caracteristicas_via2" directorySegmentName="seg_0" id="EC4F7A8D-60F9-4212-01C2-91A3353ED6F8">
<createdBy>H3C4</createdBy>
<createdTime>2022-06-22 03:00:59 UTC</createdTime>
<ownerDesignName>dbITBOY</ownerDesignName>
<engineerTo>
<item key="BD738D14-369A-73E6-F8D7-1C0E8D2AD1AC" value="true"/>
</engineerTo>
<sourcePk>F653CD1D-BB65-BA40-E515-742AD3B2582A</sourcePk>
<identifying>false</identifying>
<optionalSource>true</optionalSource>
<optionalTarget>false</optionalTarget>
<sourceCardinality>1</sourceCardinality>
<sourceEntity>63FA0573-5F4F-0FE4-F7FD-081853E16109</sourceEntity>
<targetCardinalityString>1</targetCardinalityString>
<targetEntity>EB7D5B84-CC3C-46D7-B147-9B9FDE83B04F</targetEntity>
<transferable>true</transferable>
<deleteRule>NO ACTION</deleteRule>
</Relation>