<?xml version = '1.0' encoding = 'UTF-8'?>
<Relation class="oracle.dbtools.crest.model.design.logical.Relation" name="anexo2_observaciones" directorySegmentName="seg_0" id="EEF56DC9-4FF9-2DF4-6904-528594D68ED0">
<createdBy>H3C4</createdBy>
<createdTime>2022-06-22 04:19:28 UTC</createdTime>
<ownerDesignName>dbITBOY</ownerDesignName>
<engineerTo>
<item key="BD738D14-369A-73E6-F8D7-1C0E8D2AD1AC" value="true"/>
</engineerTo>
<sourcePk>81015C91-9F1A-88CB-6AF8-8458BA2AC9D4</sourcePk>
<identifying>false</identifying>
<optionalSource>true</optionalSource>
<optionalTarget>false</optionalTarget>
<sourceCardinality>1</sourceCardinality>
<sourceEntity>BA284C53-6416-FF26-F64E-AFE1410D33D9</sourceEntity>
<targetCardinalityString>1</targetCardinalityString>
<targetEntity>5778DF13-904D-6A88-83A2-C7234E0DDF95</targetEntity>
<transferable>true</transferable>
<deleteRule>NO ACTION</deleteRule>
</Relation>