<?xml version = '1.0' encoding = 'UTF-8'?>
<Relation class="oracle.dbtools.crest.model.design.logical.Relation" name="anexo1_Hipotesis" directorySegmentName="seg_0" id="F1E91A80-E938-17E0-A708-AB2350C19461">
<createdBy>H3C4</createdBy>
<createdTime>2022-06-22 03:43:33 UTC</createdTime>
<ownerDesignName>dbITBOY</ownerDesignName>
<engineerTo>
<item key="BD738D14-369A-73E6-F8D7-1C0E8D2AD1AC" value="true"/>
</engineerTo>
<sourcePk>50E4D462-39A3-1BEC-F0F8-656AA9C5E1E3</sourcePk>
<identifying>false</identifying>
<optionalSource>true</optionalSource>
<optionalTarget>false</optionalTarget>
<sourceCardinality>1</sourceCardinality>
<sourceEntity>872F24FF-0ED0-13D6-03B3-8280C2311207</sourceEntity>
<targetCardinalityString>1</targetCardinalityString>
<targetEntity>5CF1138F-B8ED-9B9F-595A-3B57B4515407</targetEntity>
<transferable>true</transferable>
<deleteRule>NO ACTION</deleteRule>
</Relation>