<?xml version = '1.0' encoding = 'UTF-8'?>
<Relation class="oracle.dbtools.crest.model.design.logical.Relation" name="controles_delineadorPiso" directorySegmentName="seg_0" id="F63D13C6-3FD5-0AE2-DC6B-A5249C07AE2D">
<createdBy>H3C4</createdBy>
<createdTime>2022-06-22 03:10:39 UTC</createdTime>
<ownerDesignName>dbITBOY</ownerDesignName>
<engineerTo>
<item key="BD738D14-369A-73E6-F8D7-1C0E8D2AD1AC" value="true"/>
</engineerTo>
<sourcePk>C547EE8B-1F31-973E-3633-F7550B200A1E</sourcePk>
<identifying>false</identifying>
<optionalSource>true</optionalSource>
<optionalTarget>false</optionalTarget>
<sourceCardinality>1</sourceCardinality>
<sourceEntity>8DE00B5C-7582-510E-2302-64F0F99241B4</sourceEntity>
<targetCardinalityString>1</targetCardinalityString>
<targetEntity>130683EA-E3D2-E11C-C926-81F017BE4CAA</targetEntity>
<transferable>true</transferable>
<deleteRule>NO ACTION</deleteRule>
</Relation>