<?xml version = '1.0' encoding = 'UTF-8'?>
<Relation class="oracle.dbtools.crest.model.design.logical.Relation" name="vehiculo_Rextra" directorySegmentName="seg_0" id="F6EE5821-A2C7-CD4B-E24E-4B9AF69CD98B">
<createdBy>H3C4</createdBy>
<createdTime>2022-06-22 03:15:39 UTC</createdTime>
<ownerDesignName>dbITBOY</ownerDesignName>
<engineerTo>
<item key="BD738D14-369A-73E6-F8D7-1C0E8D2AD1AC" value="true"/>
</engineerTo>
<identifying>false</identifying>
<optionalSource>true</optionalSource>
<optionalTarget>false</optionalTarget>
<sourceCardinality>1</sourceCardinality>
<sourceEntity>D1D76900-CA0C-9F73-9DB0-202BA6DA9271</sourceEntity>
<targetCardinalityString>1</targetCardinalityString>
<targetEntity>4167937E-6622-209C-74A0-40B69434A116</targetEntity>
<transferable>true</transferable>
<deleteRule>NO ACTION</deleteRule>
</Relation>