<?xml version = '1.0' encoding = 'UTF-8'?>
<Relation class="oracle.dbtools.crest.model.design.logical.Relation" name="propietario_conductor" directorySegmentName="seg_0" id="F73EC19D-246C-C8DD-585F-A63F9EC88A9E">
<createdBy>H3C4</createdBy>
<createdTime>2022-06-22 03:18:11 UTC</createdTime>
<ownerDesignName>dbITBOY</ownerDesignName>
<engineerTo>
<item key="BD738D14-369A-73E6-F8D7-1C0E8D2AD1AC" value="true"/>
</engineerTo>
<sourcePk>203DEB7B-9228-38AB-1BB4-4E4761FC5AF4</sourcePk>
<identifying>false</identifying>
<optionalSource>true</optionalSource>
<optionalTarget>false</optionalTarget>
<sourceCardinality>1</sourceCardinality>
<sourceEntity>78DA7CE9-878D-631E-834D-B4EDF7084A7E</sourceEntity>
<targetCardinalityString>1</targetCardinalityString>
<targetEntity>1B5CC370-232C-2F0E-1869-76C904E00258</targetEntity>
<transferable>true</transferable>
<deleteRule>NO ACTION</deleteRule>
</Relation>