<?xml version = '1.0' encoding = 'UTF-8'?>
<Relation class="oracle.dbtools.crest.model.design.logical.Relation" name="cvp_conductor" directorySegmentName="seg_0" id="F90FA15D-8907-3C89-57D0-EE4DC4993B43">
<createdBy>H3C4</createdBy>
<createdTime>2022-06-22 03:11:52 UTC</createdTime>
<ownerDesignName>dbITBOY</ownerDesignName>
<engineerTo>
<item key="BD738D14-369A-73E6-F8D7-1C0E8D2AD1AC" value="true"/>
</engineerTo>
<sourcePk>284E3B69-F3DC-1417-C5F0-865E918D82D6</sourcePk>
<identifying>false</identifying>
<optionalSource>true</optionalSource>
<optionalTarget>false</optionalTarget>
<sourceCardinality>1</sourceCardinality>
<sourceEntity>796E71BA-75B0-5625-0057-6422D2F210DD</sourceEntity>
<targetCardinalityString>1</targetCardinalityString>
<targetEntity>5D915B31-FC7B-7813-13BE-3DAB952A0A61</targetEntity>
<transferable>true</transferable>
<deleteRule>NO ACTION</deleteRule>
</Relation>