<?xml version = '1.0' encoding = 'UTF-8'?>
<Relation class="oracle.dbtools.crest.model.design.logical.Relation" name="fallas_lugarImpacto" directorySegmentName="seg_0" id="FA4B2B55-C1A4-035C-FF3E-D13FED7AD74A">
<createdBy>H3C4</createdBy>
<createdTime>2022-06-22 03:21:50 UTC</createdTime>
<ownerDesignName>dbITBOY</ownerDesignName>
<engineerTo>
<item key="BD738D14-369A-73E6-F8D7-1C0E8D2AD1AC" value="true"/>
</engineerTo>
<sourcePk>0CB82587-BBBB-B8D6-C4D2-7240D73755CF</sourcePk>
<identifying>false</identifying>
<optionalSource>true</optionalSource>
<optionalTarget>false</optionalTarget>
<sourceCardinality>1</sourceCardinality>
<sourceEntity>CD8B8665-19A3-1A28-46D3-6341AD9A4FFD</sourceEntity>
<targetCardinalityString>1</targetCardinalityString>
<targetEntity>94AFD828-6E51-F475-0BBF-66F71A811585</targetEntity>
<transferable>true</transferable>
<deleteRule>NO ACTION</deleteRule>
</Relation>