<?xml version = '1.0' encoding = 'UTF-8'?>
<Relation class="oracle.dbtools.crest.model.design.logical.Relation" name="VP_claseServicio" directorySegmentName="seg_0" id="FBFC5AD9-450F-9FEB-68D7-EFCB79B247FA">
<createdBy>H3C4</createdBy>
<createdTime>2022-06-22 03:19:23 UTC</createdTime>
<ownerDesignName>dbITBOY</ownerDesignName>
<engineerTo>
<item key="BD738D14-369A-73E6-F8D7-1C0E8D2AD1AC" value="true"/>
</engineerTo>
<sourcePk>0D9B1F32-19AD-433A-0D39-6E70FE10EA45</sourcePk>
<identifying>false</identifying>
<optionalSource>true</optionalSource>
<optionalTarget>false</optionalTarget>
<sourceCardinality>1</sourceCardinality>
<sourceEntity>4F815540-4A3A-E3D2-BE4C-A2E507605924</sourceEntity>
<targetCardinalityString>1</targetCardinalityString>
<targetEntity>B2E4E468-92D1-9CA4-B74C-0CBB78E69712</targetEntity>
<transferable>true</transferable>
<deleteRule>NO ACTION</deleteRule>
</Relation>