<?xml version = '1.0' encoding = 'UTF-8'?>
<Relation class="oracle.dbtools.crest.model.design.logical.Relation" name="via_iluminacionv1" directorySegmentName="seg_0" id="FEEB9A03-B771-FBDC-257B-4A169BFDB837">
<createdBy>H3C4</createdBy>
<createdTime>2022-06-22 03:07:38 UTC</createdTime>
<ownerDesignName>dbITBOY</ownerDesignName>
<engineerTo>
<item key="BD738D14-369A-73E6-F8D7-1C0E8D2AD1AC" value="true"/>
</engineerTo>
<sourcePk>8EFCC78F-BEAB-3D83-EE31-2474827DF537</sourcePk>
<identifying>false</identifying>
<optionalSource>true</optionalSource>
<optionalTarget>false</optionalTarget>
<sourceCardinality>1</sourceCardinality>
<sourceEntity>EB7D5B84-CC3C-46D7-B147-9B9FDE83B04F</sourceEntity>
<targetCardinalityString>1</targetCardinalityString>
<targetEntity>51CF1BCC-60E9-4505-1091-AB62BBAE4207</targetEntity>
<transferable>true</transferable>
<deleteRule>NO ACTION</deleteRule>
</Relation>