<?xml version = '1.0' encoding = 'UTF-8'?>
<Diagram class="oracle.dbtools.crest.swingui.logical.DPVLogical" name="Logical" id="DC295439-96D2-2AD8-8B43-6A44658B4C56">
<createdBy>H3C4</createdBy>
<modifiedBy>H3C4</modifiedBy>
<createdTime>2022-06-21 23:31:07 UTC</createdTime>
<autoRoute>false</autoRoute>
<boxInbox>true</boxInbox>
<showLegend>false</showLegend>
<showLabels>false</showLabels>
<showRelAttributes>false</showRelAttributes>
<gridEnabled>false</gridEnabled>
<showGrid>false</showGrid>
<diagramColor>-1</diagramColor>
<display>false</display>
<notation>1</notation>
<objectViews>
<OView class="oracle.dbtools.crest.swingui.logical.TVEntity" oid="02124FF4-C304-1B72-2803-A95D63C8DF0A" otype="Entity" vid="E0309751-1E29-FC29-16B5-C09A97E18872">
<hideElementsInCurrentOnly>false</hideElementsInCurrentOnly>
<bounds x="3941" y="4271" width="307" height="153"/>
</OView>
<OView class="oracle.dbtools.crest.swingui.logical.TVEntity" oid="052E4751-C7DC-DA66-2816-93A4E899BDE9" otype="Entity" vid="C0E2BDE1-2583-7C00-C2D6-F94C777FD6A3">
<hideElementsInCurrentOnly>false</hideElementsInCurrentOnly>
<bounds x="4820" y="4018" width="170" height="117"/>
</OView>
<OView class="oracle.dbtools.crest.swingui.logical.TVEntity" oid="0CFB86B3-4CAB-71CD-46FD-D95638FB2310" otype="Entity" vid="0694DCBC-A116-94C4-20DE-D0DDD0D795B7">
<hideElementsInCurrentOnly>false</hideElementsInCurrentOnly>
<bounds x="4883" y="1499" width="110" height="101"/>
</OView>
<OView class="oracle.dbtools.crest.swingui.logical.TVEntity" oid="0DC293B9-CD0A-130A-309C-89BB632F211F" otype="Entity" vid="70E730BB-B69B-D7C3-47B0-3253AC03E8B2">
<hideElementsInCurrentOnly>false</hideElementsInCurrentOnly>
<bounds x="4472" y="821" width="141" height="85"/>
</OView>
<OView class="oracle.dbtools.crest.swingui.logical.TVEntity" oid="0F0E5831-885B-B70B-4A29-E5EC2D34F52A" otype="Entity" vid="3CC936F3-6EEA-762B-A93B-42568CBC3FB9">
<hideElementsInCurrentOnly>false</hideElementsInCurrentOnly>
<bounds x="5210" y="1788" width="154" height="91"/>
</OView>
<OView class="oracle.dbtools.crest.swingui.logical.TVEntity" oid="0F3BF161-AF50-9705-DE94-E1674F42CB7D" otype="Entity" vid="A30D7827-1847-E0F1-8337-39EA8B7A46BF">
<hideElementsInCurrentOnly>false</hideElementsInCurrentOnly>
<bounds x="4701" y="949" width="103" height="98"/>
</OView>
<OView class="oracle.dbtools.crest.swingui.logical.TVEntity" oid="130683EA-E3D2-E11C-C926-81F017BE4CAA" otype="Entity" vid="5DB74BAC-D879-3521-B06A-97F3875BB10B">
<hideElementsInCurrentOnly>false</hideElementsInCurrentOnly>
<bounds x="5861" y="1448" width="222" height="140"/>
</OView>
<OView class="oracle.dbtools.crest.swingui.logical.TVEntity" oid="1556F4C6-C574-479C-C65F-9BD6800D4CA6" otype="Entity" vid="1E5C2F45-6CEA-BE1A-8F75-343D93D4972D">
<hideElementsInCurrentOnly>false</hideElementsInCurrentOnly>
<bounds x="4678" y="4976" width="158" height="213"/>
</OView>
<OView class="oracle.dbtools.crest.swingui.logical.TVEntity" oid="1559A85C-01B1-345D-A529-EED90A037EBF" otype="Entity" vid="C09B99B5-E07C-0EFA-53D3-0A6D04D02D8A">
<hideElementsInCurrentOnly>false</hideElementsInCurrentOnly>
<bounds x="5048" y="1914" width="153" height="256"/>
</OView>
<OView class="oracle.dbtools.crest.swingui.logical.TVEntity" oid="1880DA95-779F-4BBF-541A-51F0B020BE86" otype="Entity" vid="96398858-2F09-E016-2253-D93A080CF4B6">
<hideElementsInCurrentOnly>false</hideElementsInCurrentOnly>
<bounds x="4914" y="5140" width="116" height="90"/>
</OView>
<OView class="oracle.dbtools.crest.swingui.logical.TVEntity" oid="19DE98B1-C39F-A1EC-5E23-887003D70EED" otype="Entity" vid="6E950D28-926A-1AED-45F0-DB08652896A8">
<hideElementsInCurrentOnly>false</hideElementsInCurrentOnly>
<bounds x="4357" y="6338" width="230" height="100"/>
</OView>
<OView class="oracle.dbtools.crest.swingui.logical.TVEntity" oid="1B5CC370-232C-2F0E-1869-76C904E00258" otype="Entity" vid="EB1CEEC4-CFB5-129D-BF94-EC128ADAD6AD">
<hideElementsInCurrentOnly>false</hideElementsInCurrentOnly>
<bounds x="4750" y="2539" width="136" height="148"/>
</OView>
<OView class="oracle.dbtools.crest.swingui.logical.TVEntity" oid="1C2F9045-57F4-CBE3-490F-A071302EDCD7" otype="Entity" vid="A24C0257-5349-A678-B519-B6D487DE4AB1">
<hideElementsInCurrentOnly>false</hideElementsInCurrentOnly>
<bounds x="5640" y="1368" width="164" height="192"/>
</OView>
<OView class="oracle.dbtools.crest.swingui.logical.TVEntity" oid="1D62F2BE-3E44-1FBD-E6DC-2D1F4A0569B6" otype="Entity" vid="FF433A33-AAA0-6A1B-BF28-F81E86E5AA29">
<hideElementsInCurrentOnly>false</hideElementsInCurrentOnly>
<bounds x="5066" y="4123" width="240" height="120"/>
</OView>
<OView class="oracle.dbtools.crest.swingui.logical.TVEntity" oid="1DA2803F-1F59-812F-F1D9-4B38D21D2BC4" otype="Entity" vid="BD10E0F9-1AB8-DBD0-FF7D-AFD3CCFF37C4">
<hideElementsInCurrentOnly>false</hideElementsInCurrentOnly>
<bounds x="4805" y="3719" width="117" height="101"/>
</OView>
<OView class="oracle.dbtools.crest.swingui.logical.TVEntity" oid="1F87554A-AD21-A2E8-A596-AA188634E46D" otype="Entity" vid="B37E191A-D8DF-6CBD-8410-A8C32FB18A28">
<hideElementsInCurrentOnly>false</hideElementsInCurrentOnly>
<bounds x="5063" y="1570" width="158" height="157"/>
</OView>
<OView class="oracle.dbtools.crest.swingui.logical.TVEntity" oid="28EB577E-A450-7E46-A375-04986CCD0A7C" otype="Entity" vid="D10A5707-0ABA-0053-3CF2-3D9843A4CB93">
<hideElementsInCurrentOnly>false</hideElementsInCurrentOnly>
<bounds x="5306" y="1547" width="231" height="191"/>
</OView>
<OView class="oracle.dbtools.crest.swingui.logical.TVEntity" oid="2B68A5BC-06BD-F294-A0A4-CD0C8D5B94F8" otype="Entity" vid="149292F1-4D3A-AEE6-433C-24DCCE32DDC5">
<hideElementsInCurrentOnly>false</hideElementsInCurrentOnly>
<bounds x="5235" y="2194" width="170" height="112"/>
</OView>
<OView class="oracle.dbtools.crest.swingui.logical.TVEntity" oid="2C04F330-8CA1-06F0-5951-7AB6CBC44EB2" otype="Entity" vid="C922C272-BD96-ED45-1564-0C07243ADDC2">
<hideElementsInCurrentOnly>false</hideElementsInCurrentOnly>
<bounds x="5081" y="1344" width="182" height="168"/>
</OView>
<OView class="oracle.dbtools.crest.swingui.logical.TVEntity" oid="2D958BD6-0C28-8E35-88E2-9DBF4DA298F2" otype="Entity" vid="165D1051-419B-D122-F3D1-64387632E68B">
<hideElementsInCurrentOnly>false</hideElementsInCurrentOnly>
<bounds x="5840" y="1290" width="297" height="119"/>
</OView>
<OView class="oracle.dbtools.crest.swingui.logical.TVEntity" oid="2E01C348-E869-298C-9980-62170F216B63" otype="Entity" vid="F319DA6E-2E78-3B6D-11CF-B9198FF1CDB8">
<hideElementsInCurrentOnly>false</hideElementsInCurrentOnly>
<bounds x="5432" y="2747" width="147" height="106"/>
</OView>
<OView class="oracle.dbtools.crest.swingui.logical.TVEntity" oid="30228100-CDDC-9C1F-CBF9-E019DCA4C79D" otype="Entity" vid="DE10F0A5-5A86-781E-2532-664A1E1DFBDA">
<hideElementsInCurrentOnly>false</hideElementsInCurrentOnly>
<bounds x="4363" y="4020" width="207" height="265"/>
</OView>
<OView class="oracle.dbtools.crest.swingui.logical.TVEntity" oid="3A618D77-0BDB-1CEE-0047-3FB2EEC765EF" otype="Entity" vid="6A1C2D34-FD93-D7F9-D702-B114C488FD63">
<hideElementsInCurrentOnly>false</hideElementsInCurrentOnly>
<bounds x="4633" y="5331" width="307" height="153"/>
</OView>
<OView class="oracle.dbtools.crest.swingui.logical.TVEntity" oid="4167937E-6622-209C-74A0-40B69434A116" otype="Entity" vid="20D4D237-54A8-87B0-BFDB-7C49C528D319">
<hideElementsInCurrentOnly>false</hideElementsInCurrentOnly>
<bounds x="5481" y="2299" width="209" height="115"/>
</OView>
<OView class="oracle.dbtools.crest.swingui.logical.TVEntity" oid="4466AE38-1C0D-B920-A398-1DE41D7B4295" otype="Entity" vid="3BB0C693-E25D-BB33-1E75-5929CAC88DF1">
<hideElementsInCurrentOnly>false</hideElementsInCurrentOnly>
<bounds x="4798" y="496" width="181" height="206"/>
</OView>
<OView class="oracle.dbtools.crest.swingui.logical.TVEntity" oid="4AD14DEB-35FD-7C03-9BF1-C7863D944028" otype="Entity" vid="FE2816F3-0893-4A17-DA74-4EF0D40AC477">
<hideElementsInCurrentOnly>false</hideElementsInCurrentOnly>
<bounds x="4928" y="4966" width="132" height="141"/>
</OView>
<OView class="oracle.dbtools.crest.swingui.logical.TVEntity" oid="4C6223C5-4048-05BE-CB44-3BCAE9F5ED39" otype="Entity" vid="898609AC-E7FA-AF85-D0BB-F797DC9698E9">
<hideElementsInCurrentOnly>false</hideElementsInCurrentOnly>
<bounds x="4904" y="1355" width="113" height="117"/>
</OView>
<OView class="oracle.dbtools.crest.swingui.logical.TVEntity" oid="4F815540-4A3A-E3D2-BE4C-A2E507605924" otype="Entity" vid="169067A3-912C-6735-2540-0B5C42DC265A">
<hideElementsInCurrentOnly>false</hideElementsInCurrentOnly>
<bounds x="4731" y="2732" width="175" height="293"/>
</OView>
<OView class="oracle.dbtools.crest.swingui.logical.TVEntity" oid="51CF1BCC-60E9-4505-1091-AB62BBAE4207" otype="Entity" vid="50DE6F67-307B-079C-4FAC-E56C21528872">
<hideElementsInCurrentOnly>false</hideElementsInCurrentOnly>
<bounds x="5320" y="1191" width="172" height="100"/>
</OView>
<OView class="oracle.dbtools.crest.swingui.logical.TVEntity" oid="5778DF13-904D-6A88-83A2-C7234E0DDF95" otype="Entity" vid="79300FB1-C08F-F987-9829-C7F2662B4614">
<hideElementsInCurrentOnly>false</hideElementsInCurrentOnly>
<bounds x="4697" y="5225" width="122" height="55"/>
</OView>
<OView class="oracle.dbtools.crest.swingui.logical.TVEntity" oid="597C2EBF-D62C-B164-C32E-C4DEC52D5CD7" otype="Entity" vid="F8106665-8029-4B14-9BC1-CE6714452520">
<hideElementsInCurrentOnly>false</hideElementsInCurrentOnly>
<bounds x="5095" y="1185" width="171" height="137"/>
</OView>
<OView class="oracle.dbtools.crest.swingui.logical.TVEntity" oid="5B183D60-7960-A19B-2392-318E3DF7A6DF" otype="Entity" vid="45D4C7B8-5A9E-A74C-6D31-ABD6230950EF">
<hideElementsInCurrentOnly>false</hideElementsInCurrentOnly>
<bounds x="806" y="3649" width="234" height="152"/>
</OView>
<OView class="oracle.dbtools.crest.swingui.logical.TVEntity" oid="5BCDFAE2-B6D7-087F-D169-7FD652D8D3AE" otype="Entity" vid="9EF45EB9-1371-A0C3-3572-FA753B7C7267">
<hideElementsInCurrentOnly>false</hideElementsInCurrentOnly>
<bounds x="4795" y="3612" width="154" height="96"/>
</OView>
<OView class="oracle.dbtools.crest.swingui.logical.TVEntity" oid="5CED41FF-05B4-819E-8809-B671A0B748CD" otype="Entity" vid="F354CD36-A309-A004-D5C9-500618883148">
<hideElementsInCurrentOnly>false</hideElementsInCurrentOnly>
<bounds x="3256" y="1710" width="111" height="111"/>
</OView>
<OView class="oracle.dbtools.crest.swingui.logical.TVEntity" oid="5CF1138F-B8ED-9B9F-595A-3B57B4515407" otype="Entity" vid="DF38EBFA-7C78-379A-DF3B-E9F7CDDEEFC1">
<hideElementsInCurrentOnly>false</hideElementsInCurrentOnly>
<bounds x="3980" y="4108" width="255" height="131"/>
</OView>
<OView class="oracle.dbtools.crest.swingui.logical.TVEntity" oid="5D915B31-FC7B-7813-13BE-3DAB952A0A61" otype="Entity" vid="980BC34E-FC5A-1131-C944-EC5B53A2D581">
<hideElementsInCurrentOnly>false</hideElementsInCurrentOnly>
<bounds x="4792" y="1809" width="168" height="258"/>
</OView>
<OView class="oracle.dbtools.crest.swingui.logical.TVEntity" oid="5EFBF564-3082-D593-68C2-8DE33CF01A63" otype="Entity" vid="B3C56FD2-D1DC-5C1A-35C8-1CC32ED03E22">
<hideElementsInCurrentOnly>false</hideElementsInCurrentOnly>
<bounds x="4377" y="3633" width="168" height="263"/>
</OView>
<OView class="oracle.dbtools.crest.swingui.logical.TVEntity" oid="63FA0573-5F4F-0FE4-F7FD-081853E16109" otype="Entity" vid="CE0E5040-F581-762F-631A-DB1A92A15E3C">
<hideElementsInCurrentOnly>false</hideElementsInCurrentOnly>
<bounds x="4340" y="1319" width="177" height="72"/>
</OView>
<OView class="oracle.dbtools.crest.swingui.logical.TVEntity" oid="67C9FAD5-E2B6-F060-C09E-596EA3291AE8" otype="Entity" vid="435380F1-B92E-F377-524F-D1C2DACBB3D9">
<hideElementsInCurrentOnly>false</hideElementsInCurrentOnly>
<bounds x="5069" y="2375" width="158" height="88"/>
</OView>
<OView class="oracle.dbtools.crest.swingui.logical.TVEntity" oid="6A628916-4EDC-FFDB-B0AD-24258D1F98F1" otype="Entity" vid="8C4CAC6E-AEA0-BEBC-68DC-CA756978DB6C">
<hideElementsInCurrentOnly>false</hideElementsInCurrentOnly>
<bounds x="4439" y="428" width="176" height="126"/>
</OView>
<OView class="oracle.dbtools.crest.swingui.logical.TVEntity" oid="6CD2BFB7-68EA-1B0B-181A-8E62C20FB6B7" otype="Entity" vid="D7F1642A-1EC3-D0B5-8F09-8A13880A58E4">
<hideElementsInCurrentOnly>false</hideElementsInCurrentOnly>
<bounds x="3551" y="6152" width="328" height="197"/>
</OView>
<OView class="oracle.dbtools.crest.swingui.logical.TVEntity" oid="7871AE77-C45E-9816-A9DB-BD4F3D5213D9" otype="Entity" vid="32372D42-8F39-39CE-35CD-713DFC0897CE">
<hideElementsInCurrentOnly>false</hideElementsInCurrentOnly>
<bounds x="4812" y="732" width="163" height="125"/>
</OView>
<OView class="oracle.dbtools.crest.swingui.logical.TVEntity" oid="78DA7CE9-878D-631E-834D-B4EDF7084A7E" otype="Entity" vid="FD43149D-29D6-0B4E-A7DB-849C96D8306A">
<hideElementsInCurrentOnly>false</hideElementsInCurrentOnly>
<bounds x="4339" y="2592" width="220" height="65"/>
</OView>
<OView class="oracle.dbtools.crest.swingui.logical.TVEntity" oid="790A0606-53AB-BB77-9613-42D079DACF36" otype="Entity" vid="A0B44CB2-F323-CD17-0074-64A9AF2EF2C9">
<hideElementsInCurrentOnly>false</hideElementsInCurrentOnly>
<bounds x="4635" y="1172" width="104" height="68"/>
</OView>
<OView class="oracle.dbtools.crest.swingui.logical.TVEntity" oid="796E71BA-75B0-5625-0057-6422D2F210DD" otype="Entity" vid="AAFF72AA-7AA1-EF54-FB01-802762078653">
<hideElementsInCurrentOnly>false</hideElementsInCurrentOnly>
<bounds x="4403" y="2034" width="236" height="100"/>
</OView>
<OView class="oracle.dbtools.crest.swingui.logical.TVEntity" oid="7A92B951-AEC5-56FF-8166-A4DD35B475CA" otype="Entity" vid="49C160DE-7097-BE58-043B-A2EA271C99C5">
<hideElementsInCurrentOnly>false</hideElementsInCurrentOnly>
<bounds x="4641" y="3604" width="139" height="97"/>
</OView>
<OView class="oracle.dbtools.crest.swingui.logical.TVEntity" oid="7B1A9E34-0CCF-3CF3-4327-7FE7ABEFD600" otype="Entity" vid="EA781450-7530-F428-4468-5F5068FD3DD0">
<hideElementsInCurrentOnly>false</hideElementsInCurrentOnly>
<bounds x="4616" y="706" width="107" height="110"/>
</OView>
<OView class="oracle.dbtools.crest.swingui.logical.TVEntity" oid="7DFC2332-81E2-9E85-4C26-9FC92A6ACC93" otype="Entity" vid="F96F8928-0964-2A44-63C3-45A10FA6587E">
<hideElementsInCurrentOnly>false</hideElementsInCurrentOnly>
<bounds x="5060" y="2183" width="134" height="65"/>
</OView>
<OView class="oracle.dbtools.crest.swingui.logical.TVEntity" oid="800C71DE-B21B-2671-DDCD-54D24B973377" otype="Entity" vid="16309DE9-5D18-9BFD-D158-D4B3ACA03D05">
<hideElementsInCurrentOnly>false</hideElementsInCurrentOnly>
<bounds x="4645" y="4007" width="134" height="70"/>
</OView>
<OView class="oracle.dbtools.crest.swingui.logical.TVEntity" oid="84115928-F73F-AB3C-782C-D4C6B7DFA59D" otype="Entity" vid="D1DC1388-D039-3EEA-4B3E-6052D8A636C5">
<hideElementsInCurrentOnly>false</hideElementsInCurrentOnly>
<bounds x="4909" y="1075" width="116" height="139"/>
</OView>
<OView class="oracle.dbtools.crest.swingui.logical.TVEntity" oid="8536F1FE-FB82-715B-F432-DEF12BD008F9" otype="Entity" vid="9ACA2271-1A1A-FAF8-B57B-5C98101847DD">
<hideElementsInCurrentOnly>false</hideElementsInCurrentOnly>
<bounds x="4633" y="3738" width="153" height="261"/>
</OView>
<OView class="oracle.dbtools.crest.swingui.logical.TVEntity" oid="872F24FF-0ED0-13D6-03B3-8280C2311207" otype="Entity" vid="4B0DC9E2-B8DE-08E3-7598-DFAFD24B4DA6">
<hideElementsInCurrentOnly>false</hideElementsInCurrentOnly>
<bounds x="3487" y="3873" width="254" height="80"/>
</OView>
<OView class="oracle.dbtools.crest.swingui.logical.TVEntity" oid="8DE00B5C-7582-510E-2302-64F0F99241B4" otype="Entity" vid="7C86F6BB-B948-B0E4-78FB-3DEF008E07DB">
<hideElementsInCurrentOnly>false</hideElementsInCurrentOnly>
<bounds x="5355" y="1408" width="169" height="73"/>
</OView>
<OView class="oracle.dbtools.crest.swingui.logical.TVEntity" oid="8F7A4168-37E9-665E-09B3-130EF15DE5AC" otype="Entity" vid="5E72FEAA-B218-B3F0-3FFB-34E2CD1B6AEF">
<hideElementsInCurrentOnly>false</hideElementsInCurrentOnly>
<bounds x="4649" y="4214" width="158" height="93"/>
</OView>
<OView class="oracle.dbtools.crest.swingui.logical.TVEntity" oid="94AFD828-6E51-F475-0BBF-66F71A811585" otype="Entity" vid="DC818414-5929-D1B8-21CF-85A300F60BDB">
<hideElementsInCurrentOnly>false</hideElementsInCurrentOnly>
<bounds x="4731" y="3071" width="184" height="116"/>
</OView>
<OView class="oracle.dbtools.crest.swingui.logical.TVEntity" oid="96BCB1EA-6034-F5F6-E0D5-064C2213839B" otype="Entity" vid="3944DF79-1105-6CAE-503A-9A062553334C">
<hideElementsInCurrentOnly>false</hideElementsInCurrentOnly>
<bounds x="5076" y="2959" width="89" height="73"/>
</OView>
<OView class="oracle.dbtools.crest.swingui.logical.TVEntity" oid="A038D23D-4730-8A36-F242-648F9D84B486" otype="Entity" vid="4DDBDF12-50C4-1489-1B63-4A9F60E1232C">
<hideElementsInCurrentOnly>false</hideElementsInCurrentOnly>
<bounds x="4325" y="6111" width="101" height="77"/>
</OView>
<OView class="oracle.dbtools.crest.swingui.logical.TVEntity" oid="A191EA07-750B-1BE9-EF03-F3E9CF0DB74F" otype="Entity" vid="ED2C28E9-A1E5-9A17-2C49-EC437E9AC0ED">
<hideElementsInCurrentOnly>false</hideElementsInCurrentOnly>
<bounds x="5056" y="1780" width="139" height="92"/>
</OView>
<OView class="oracle.dbtools.crest.swingui.logical.TVEntity" oid="A66439B2-13BB-F853-7227-3EE00D819569" otype="Entity" vid="DE83B547-C134-B91B-8718-E9C2D9D21B65">
<hideElementsInCurrentOnly>false</hideElementsInCurrentOnly>
<bounds x="3903" y="4506" width="230" height="99"/>
</OView>
<OView class="oracle.dbtools.crest.swingui.logical.TVEntity" oid="AAA5C3F3-4F37-1147-02E9-3F3CB1CB90BE" otype="Entity" vid="4F443415-0165-1433-F227-13231A8D61FE">
<hideElementsInCurrentOnly>false</hideElementsInCurrentOnly>
<bounds x="4247" y="6580" width="307" height="153"/>
</OView>
<OView class="oracle.dbtools.crest.swingui.logical.TVEntity" oid="AAD8436F-DFF3-32BD-16D1-1E2C0B275487" otype="Entity" vid="A8699609-A108-6220-F3A4-EB8BCB6E10CC">
<hideElementsInCurrentOnly>false</hideElementsInCurrentOnly>
<bounds x="4847" y="4189" width="233" height="125"/>
</OView>
<OView class="oracle.dbtools.crest.swingui.logical.TVEntity" oid="B2E4E468-92D1-9CA4-B74C-0CBB78E69712" otype="Entity" vid="7C7170EB-3493-7611-0D72-3B378EBBAEB1">
<hideElementsInCurrentOnly>false</hideElementsInCurrentOnly>
<bounds x="5038" y="2592" width="131" height="79"/>
</OView>
<OView class="oracle.dbtools.crest.swingui.logical.TVEntity" oid="B7891748-FE0A-3A39-E67A-546FA8C57937" otype="Entity" vid="1A6EF40C-EDBD-7F2E-E4C3-69D872CA8BCC">
<hideElementsInCurrentOnly>false</hideElementsInCurrentOnly>
<bounds x="4865" y="929" width="103" height="95"/>
</OView>
<OView class="oracle.dbtools.crest.swingui.logical.TVEntity" oid="BA284C53-6416-FF26-F64E-AFE1410D33D9" otype="Entity" vid="489FA575-60B8-41FF-D319-B6CEF8C7DAFE">
<hideElementsInCurrentOnly>false</hideElementsInCurrentOnly>
<bounds x="4330" y="5110" width="220" height="182"/>
</OView>
<OView class="oracle.dbtools.crest.swingui.logical.TVEntity" oid="BF519376-7C7F-B1E5-5DB8-633D145C516D" otype="Entity" vid="922F32D4-4232-9C96-2992-D97665559727">
<hideElementsInCurrentOnly>false</hideElementsInCurrentOnly>
<bounds x="5191" y="4993" width="154" height="90"/>
</OView>
<OView class="oracle.dbtools.crest.swingui.logical.TVEntity" oid="C3E8042B-3410-6FF2-6089-3CE43EAE67B7" otype="Entity" vid="45E1EF35-EA2A-6478-5F3D-FD93ABDC7D40">
<hideElementsInCurrentOnly>false</hideElementsInCurrentOnly>
<bounds x="4801" y="349" width="170" height="123"/>
</OView>
<OView class="oracle.dbtools.crest.swingui.logical.TVEntity" oid="CA5730F8-551E-9007-6D31-A92328AC0CA7" otype="Entity" vid="384FC0EF-0C38-0BC7-8773-7BBA88825443">
<hideElementsInCurrentOnly>false</hideElementsInCurrentOnly>
<bounds x="4631" y="5586" width="230" height="99"/>
</OView>
<OView class="oracle.dbtools.crest.swingui.logical.TVEntity" oid="CB9905E1-508C-1836-406C-93E67E596CAF" otype="Entity" vid="223C5BD7-B487-029C-F1B5-DDF7F8144F52">
<hideElementsInCurrentOnly>false</hideElementsInCurrentOnly>
<bounds x="3988" y="3858" width="236" height="105"/>
</OView>
<OView class="oracle.dbtools.crest.swingui.logical.TVEntity" oid="CD8B8665-19A3-1A28-46D3-6341AD9A4FFD" otype="Entity" vid="7BAD5040-7985-4534-40E9-5E434C11EC08">
<hideElementsInCurrentOnly>false</hideElementsInCurrentOnly>
<bounds x="4488" y="3036" width="146" height="156"/>
</OView>
<OView class="oracle.dbtools.crest.swingui.logical.TVEntity" oid="CDE26CF4-A974-2417-D29E-D1E9A53E751C" otype="Entity" vid="D96AA81E-5AC2-BEF5-C3F6-9A01234B56B1">
<hideElementsInCurrentOnly>false</hideElementsInCurrentOnly>
<bounds x="5065" y="2265" width="139" height="88"/>
</OView>
<OView class="oracle.dbtools.crest.swingui.logical.TVEntity" oid="CEB9CCFB-D7D4-176B-C547-552E223A240C" otype="Entity" vid="A3523370-41CD-B26F-AA30-FA7C52EC7412">
<hideElementsInCurrentOnly>false</hideElementsInCurrentOnly>
<bounds x="4650" y="4089" width="139" height="93"/>
</OView>
<OView class="oracle.dbtools.crest.swingui.logical.TVEntity" oid="D1D76900-CA0C-9F73-9DB0-202BA6DA9271" otype="Entity" vid="2FBB459C-35AB-9767-4242-DD93F4A62FA8">
<hideElementsInCurrentOnly>false</hideElementsInCurrentOnly>
<bounds x="4778" y="2196" width="207" height="260"/>
</OView>
<OView class="oracle.dbtools.crest.swingui.logical.TVEntity" oid="D5DFF1D1-8499-5614-7494-B18816377B2C" otype="Entity" vid="0CAB4D6C-64E5-5E97-94B6-4498B4CACE3D">
<hideElementsInCurrentOnly>false</hideElementsInCurrentOnly>
<bounds x="5289" y="2353" width="152" height="121"/>
</OView>
<OView class="oracle.dbtools.crest.swingui.logical.TVEntity" oid="E568B0C4-0845-84C2-4FBA-3C9C0E38AB26" otype="Entity" vid="4B3F300D-134A-CD9B-4327-63104CE4088F">
<hideElementsInCurrentOnly>false</hideElementsInCurrentOnly>
<bounds x="5220" y="1895" width="117" height="96"/>
</OView>
<OView class="oracle.dbtools.crest.swingui.logical.TVEntity" oid="E591C3B3-3137-F80D-77B7-96C4A69B1257" otype="Entity" vid="2620D7A9-4A3A-C7CD-E09A-C171FA19428A">
<hideElementsInCurrentOnly>false</hideElementsInCurrentOnly>
<bounds x="5429" y="2887" width="169" height="149"/>
</OView>
<OView class="oracle.dbtools.crest.swingui.logical.TVEntity" oid="EB7D5B84-CC3C-46D7-B147-9B9FDE83B04F" otype="Entity" vid="C90B081A-7CD1-658F-F16B-2E91A6E52D3D">
<hideElementsInCurrentOnly>false</hideElementsInCurrentOnly>
<bounds x="4646" y="1429" width="100" height="63"/>
</OView>
<OView class="oracle.dbtools.crest.swingui.logical.TVEntity" oid="EB80784A-2DE0-879E-423D-96F131588AEF" otype="Entity" vid="AA013058-913C-DA08-604C-4EDAA9B90195">
<hideElementsInCurrentOnly>false</hideElementsInCurrentOnly>
<bounds x="5609" y="1244" width="181" height="112"/>
</OView>
<OView class="oracle.dbtools.crest.swingui.logical.TVEntity" oid="EDD7E9BD-DB12-99A7-3B2E-7FAB57BF38F6" otype="Entity" vid="1F212B64-8FC3-B6AC-C43D-DC9BCCDAD615">
<hideElementsInCurrentOnly>false</hideElementsInCurrentOnly>
<bounds x="5024" y="785" width="137" height="226"/>
</OView>
<OView class="oracle.dbtools.crest.swingui.logical.TVEntity" oid="EF8C7D9C-E47D-9F8C-A508-6A9C1D435899" otype="Entity" vid="5E0E7F0A-586B-BB03-B335-FB6C8D8E8276">
<hideElementsInCurrentOnly>false</hideElementsInCurrentOnly>
<bounds x="5456" y="2604" width="101" height="53"/>
</OView>
<OView class="oracle.dbtools.crest.swingui.logical.TVEntity" oid="F07472C6-0502-7690-6548-D21120B9EDFA" otype="Entity" vid="898CCA2B-3F2E-D03C-FF0A-77F577C0E9F8">
<hideElementsInCurrentOnly>false</hideElementsInCurrentOnly>
<bounds x="5624" y="1576" width="205" height="210"/>
</OView>
<OView class="oracle.dbtools.crest.swingui.logical.TVEntity" oid="F5B736D8-422A-F908-A634-B24E7AF8650F" otype="Entity" vid="ED7C4296-F95D-2A69-367D-DF8894288E0E">
<hideElementsInCurrentOnly>false</hideElementsInCurrentOnly>
<bounds x="4264" y="5971" width="116" height="89"/>
</OView>
<OView class="oracle.dbtools.crest.swingui.logical.TVEntity" oid="F81804E9-2B5B-54E1-3CD9-0B429253614B" otype="Entity" vid="14D682EF-7BEF-7B9D-C46F-EEA601A1F6EE">
<hideElementsInCurrentOnly>false</hideElementsInCurrentOnly>
<bounds x="5619" y="1132" width="188" height="70"/>
</OView>
<OView class="oracle.dbtools.crest.swingui.logical.TVEntity" oid="F904DAEB-3CA4-9CD9-D9DF-D855FABE8692" otype="Entity" vid="A94825A0-E200-9084-5D32-B0AFDD763733">
<hideElementsInCurrentOnly>false</hideElementsInCurrentOnly>
<bounds x="4910" y="1627" width="108" height="97"/>
</OView>
<OView class="oracle.dbtools.crest.swingui.logical.TVEntity" oid="FEFFEFBC-C03E-9A79-DF82-264AA793F6C6" otype="Entity" vid="5355ECC2-7109-DEE9-DDCE-4308C33FDB89">
<hideElementsInCurrentOnly>false</hideElementsInCurrentOnly>
<bounds x="5060" y="5142" width="115" height="77"/>
</OView>
<OView class="oracle.dbtools.crest.swingui.logical.TVEntity" oid="FFBD09B7-5EC1-5E39-9476-AD04A3BCE06C" otype="Entity" vid="D7527B6C-F7E3-0D7F-AB33-9FE81ECFC45F">
<hideElementsInCurrentOnly>false</hideElementsInCurrentOnly>
<bounds x="4335" y="6196" width="101" height="77"/>
</OView>
<OView class="oracle.dbtools.crest.swingui.logical.TVEntity" oid="FFE0DE29-DA2F-0772-C23B-B96EFE21114F" otype="Entity" vid="AFE42F1D-EC9C-0EDB-9806-527022287F49">
<hideElementsInCurrentOnly>false</hideElementsInCurrentOnly>
<bounds x="5045" y="2800" width="118" height="74"/>
</OView>
</objectViews>
<connectors>
<Connector class="oracle.dbtools.crest.swingui.logical.TVRelation" oid="01EB4B1D-7C79-DDBC-57D6-27B159C7646A" otype="Relation" vid_source="223C5BD7-B487-029C-F1B5-DDF7F8144F52" vid_target="B3C56FD2-D1DC-5C1A-35C8-1CC32ED03E22">
<hideElementsInCurrentOnly>false</hideElementsInCurrentOnly>
<backgroundColor>-16777216</backgroundColor>
<lineWidth>1</lineWidth>
<points>
<point x="4224" y="3877"/>
<point x="4377" y="3877"/>
</points>
</Connector>
<Connector class="oracle.dbtools.crest.swingui.logical.TVRelation" oid="0BB5A3E2-388C-DE4B-63B0-89C9C43F1C53" otype="Relation" vid_source="1E5C2F45-6CEA-BE1A-8F75-343D93D4972D" vid_target="FE2816F3-0893-4A17-DA74-4EF0D40AC477">
<hideElementsInCurrentOnly>false</hideElementsInCurrentOnly>
<backgroundColor>-16777216</backgroundColor>
<lineWidth>1</lineWidth>
<points>
<point x="4836" y="5041"/>
<point x="4928" y="5041"/>
</points>
</Connector>
<Connector class="oracle.dbtools.crest.swingui.logical.TVRelation" oid="0BED5BF2-FBCE-5EFA-5F13-4CDE9A624E08" otype="Relation" vid_source="980BC34E-FC5A-1131-C944-EC5B53A2D581" vid_target="4B3F300D-134A-CD9B-4327-63104CE4088F">
<hideElementsInCurrentOnly>false</hideElementsInCurrentOnly>
<backgroundColor>-16777216</backgroundColor>
<lineWidth>1</lineWidth>
<points>
<point x="4960" y="1943"/>
<point x="5220" y="1943"/>
</points>
</Connector>
<Connector class="oracle.dbtools.crest.swingui.logical.TVRelation" oid="0F22BBD4-FEFF-F7B8-E56C-CB5E923DD565" otype="Relation" vid_source="7C86F6BB-B948-B0E4-78FB-3DEF008E07DB" vid_target="898CCA2B-3F2E-D03C-FF0A-77F577C0E9F8">
<hideElementsInCurrentOnly>false</hideElementsInCurrentOnly>
<backgroundColor>-16777216</backgroundColor>
<lineWidth>1</lineWidth>
<points>
<point x="5483" y="1481"/>
<point x="5624" y="1596"/>
</points>
</Connector>
<Connector class="oracle.dbtools.crest.swingui.logical.TVRelation" oid="111EF9C9-4731-0EC7-398F-91E5B7EACDEB" otype="Relation" vid_source="C90B081A-7CD1-658F-F16B-2E91A6E52D3D" vid_target="898609AC-E7FA-AF85-D0BB-F797DC9698E9">
<hideElementsInCurrentOnly>false</hideElementsInCurrentOnly>
<backgroundColor>-16777216</backgroundColor>
<lineWidth>1</lineWidth>
<points>
<point x="4746" y="1435"/>
<point x="4904" y="1435"/>
</points>
</Connector>
<Connector class="oracle.dbtools.crest.swingui.logical.TVRelation" oid="15D7D069-6522-C412-A545-356717ECE629" otype="Relation" vid_source="2FBB459C-35AB-9767-4242-DD93F4A62FA8" vid_target="F96F8928-0964-2A44-63C3-45A10FA6587E">
<hideElementsInCurrentOnly>false</hideElementsInCurrentOnly>
<backgroundColor>-16777216</backgroundColor>
<lineWidth>1</lineWidth>
<points>
<point x="4985" y="2222"/>
<point x="5060" y="2222"/>
</points>
</Connector>
<Connector class="oracle.dbtools.crest.swingui.logical.TVRelation" oid="1A239177-8220-D3F7-16E5-F1DD770683F6" otype="Relation" vid_source="980BC34E-FC5A-1131-C944-EC5B53A2D581" vid_target="3CC936F3-6EEA-762B-A93B-42568CBC3FB9">
<hideElementsInCurrentOnly>false</hideElementsInCurrentOnly>
<backgroundColor>-16777216</backgroundColor>
<lineWidth>1</lineWidth>
<points>
<point x="4960" y="1844"/>
<point x="5210" y="1844"/>
</points>
</Connector>
<Connector class="oracle.dbtools.crest.swingui.logical.TVRelation" oid="1BF69B85-B8A0-3056-5DFB-26A4ABFE6267" otype="Relation" vid_source="C90B081A-7CD1-658F-F16B-2E91A6E52D3D" vid_target="B37E191A-D8DF-6CBD-8410-A8C32FB18A28">
<hideElementsInCurrentOnly>false</hideElementsInCurrentOnly>
<backgroundColor>-16777216</backgroundColor>
<lineWidth>1</lineWidth>
<points>
<point x="4746" y="1481"/>
<point x="5063" y="1615"/>
</points>
</Connector>
<Connector class="oracle.dbtools.crest.swingui.logical.TVRelation" oid="1D0C99FC-7B8C-70DD-D5A3-D1188825BF17" otype="Relation" vid_source="8C4CAC6E-AEA0-BEBC-68DC-CA756978DB6C" vid_target="45E1EF35-EA2A-6478-5F3D-FD93ABDC7D40">
<hideElementsInCurrentOnly>false</hideElementsInCurrentOnly>
<backgroundColor>-16777216</backgroundColor>
<lineWidth>1</lineWidth>
<points>
<point x="4615" y="465"/>
<point x="4801" y="465"/>
</points>
</Connector>
<Connector class="oracle.dbtools.crest.swingui.logical.TVRelation" oid="22319CEE-3B53-60BC-0E35-B328F1FEC98C" otype="Relation" vid_source="489FA575-60B8-41FF-D319-B6CEF8C7DAFE" vid_target="384FC0EF-0C38-0BC7-8773-7BBA88825443">
<hideElementsInCurrentOnly>false</hideElementsInCurrentOnly>
<backgroundColor>-16777216</backgroundColor>
<lineWidth>1</lineWidth>
<points>
<point x="4504" y="5292"/>
<point x="4711" y="5586"/>
</points>
</Connector>
<Connector class="oracle.dbtools.crest.swingui.logical.TVRelation" oid="2488716B-6053-D1F1-9238-271D9DDDC92E" otype="Relation" vid_source="A0B44CB2-F323-CD17-0074-64A9AF2EF2C9" vid_target="898609AC-E7FA-AF85-D0BB-F797DC9698E9">
<hideElementsInCurrentOnly>false</hideElementsInCurrentOnly>
<backgroundColor>-16777216</backgroundColor>
<lineWidth>1</lineWidth>
<points>
<point x="4731" y="1240"/>
<point x="4904" y="1370"/>
</points>
</Connector>
<Connector class="oracle.dbtools.crest.swingui.logical.TVRelation" oid="25770657-0D64-C784-71EE-5D8D933D167F" otype="Relation" vid_source="FE2816F3-0893-4A17-DA74-4EF0D40AC477" vid_target="5355ECC2-7109-DEE9-DDCE-4308C33FDB89">
<hideElementsInCurrentOnly>false</hideElementsInCurrentOnly>
<backgroundColor>-16777216</backgroundColor>
<lineWidth>1</lineWidth>
<points>
<point x="5060" y="5107"/>
<point x="5060" y="5142"/>
</points>
</Connector>
<Connector class="oracle.dbtools.crest.swingui.logical.TVRelation" oid="29EFDEDD-8A7B-330F-224D-95E8709E8BB1" otype="Relation" vid_source="2FBB459C-35AB-9767-4242-DD93F4A62FA8" vid_target="149292F1-4D3A-AEE6-433C-24DCCE32DDC5">
<hideElementsInCurrentOnly>false</hideElementsInCurrentOnly>
<backgroundColor>-16777216</backgroundColor>
<lineWidth>1</lineWidth>
<points>
<point x="4985" y="2251"/>
<point x="5235" y="2251"/>
</points>
</Connector>
<Connector class="oracle.dbtools.crest.swingui.logical.TVRelation" oid="30751E2E-C0A9-F5E2-7C9E-B3F7D11FE98F" otype="Relation" vid_source="7C86F6BB-B948-B0E4-78FB-3DEF008E07DB" vid_target="14D682EF-7BEF-7B9D-C46F-EEA601A1F6EE">
<hideElementsInCurrentOnly>false</hideElementsInCurrentOnly>
<backgroundColor>-16777216</backgroundColor>
<lineWidth>1</lineWidth>
<points>
<point x="5475" y="1408"/>
<point x="5678" y="1202"/>
</points>
</Connector>
<Connector class="oracle.dbtools.crest.swingui.logical.TVRelation" oid="345AC1B9-FEA8-E30C-820F-B5D7971C2F2D" otype="Relation" vid_source="169067A3-912C-6735-2540-0B5C42DC265A" vid_target="3944DF79-1105-6CAE-503A-9A062553334C">
<hideElementsInCurrentOnly>false</hideElementsInCurrentOnly>
<backgroundColor>-16777216</backgroundColor>
<lineWidth>1</lineWidth>
<points>
<point x="4906" y="2992"/>
<point x="5076" y="2992"/>
</points>
</Connector>
<Connector class="oracle.dbtools.crest.swingui.logical.TVRelation" oid="39E9CE63-9B85-6F7D-CE4B-CF3BAF4D9517" otype="Relation" vid_source="DE10F0A5-5A86-781E-2532-664A1E1DFBDA" vid_target="16309DE9-5D18-9BFD-D158-D4B3ACA03D05">
<hideElementsInCurrentOnly>false</hideElementsInCurrentOnly>
<backgroundColor>-16777216</backgroundColor>
<lineWidth>1</lineWidth>
<points>
<point x="4570" y="4048"/>
<point x="4645" y="4048"/>
</points>
</Connector>
<Connector class="oracle.dbtools.crest.swingui.logical.TVRelation" oid="3E3305B6-EEB4-2CD7-DEA0-2693C78ABC45" otype="Relation" vid_source="FE2816F3-0893-4A17-DA74-4EF0D40AC477" vid_target="922F32D4-4232-9C96-2992-D97665559727">
<hideElementsInCurrentOnly>false</hideElementsInCurrentOnly>
<backgroundColor>-16777216</backgroundColor>
<lineWidth>1</lineWidth>
<points>
<point x="5060" y="5038"/>
<point x="5191" y="5038"/>
</points>
</Connector>
<Connector class="oracle.dbtools.crest.swingui.logical.TVRelation" oid="3F59D30C-9B22-E743-A1A1-96C5296E511C" otype="Relation" vid_source="AFE42F1D-EC9C-0EDB-9806-527022287F49" vid_target="F319DA6E-2E78-3B6D-11CF-B9198FF1CDB8">
<hideElementsInCurrentOnly>false</hideElementsInCurrentOnly>
<backgroundColor>-16777216</backgroundColor>
<lineWidth>1</lineWidth>
<points>
<point x="5163" y="2826"/>
<point x="5432" y="2826"/>
</points>
</Connector>
<Connector class="oracle.dbtools.crest.swingui.logical.TVRelation" oid="3FE33308-D597-AC83-58AC-F05B65D38E82" otype="Relation" vid_source="7C86F6BB-B948-B0E4-78FB-3DEF008E07DB" vid_target="AA013058-913C-DA08-604C-4EDAA9B90195">
<hideElementsInCurrentOnly>false</hideElementsInCurrentOnly>
<backgroundColor>-16777216</backgroundColor>
<lineWidth>1</lineWidth>
<points>
<point x="5505" y="1408"/>
<point x="5609" y="1350"/>
</points>
</Connector>
<Connector class="oracle.dbtools.crest.swingui.logical.TVRelation" oid="4069B051-1815-3A21-A2F6-7F99AA601AC8" otype="Relation" vid_source="F354CD36-A309-A004-D5C9-500618883148" vid_target="8C4CAC6E-AEA0-BEBC-68DC-CA756978DB6C">
<hideElementsInCurrentOnly>false</hideElementsInCurrentOnly>
<backgroundColor>-16777216</backgroundColor>
<lineWidth>1</lineWidth>
<points>
<point x="3364" y="1710"/>
<point x="4466" y="554"/>
</points>
</Connector>
<Connector class="oracle.dbtools.crest.swingui.logical.TVRelation" oid="417AC2D4-BC3F-F441-5B9E-B409C95AE745" otype="Relation" vid_source="DE10F0A5-5A86-781E-2532-664A1E1DFBDA" vid_target="FF433A33-AAA0-6A1B-BF28-F81E86E5AA29">
<hideElementsInCurrentOnly>false</hideElementsInCurrentOnly>
<backgroundColor>-16777216</backgroundColor>
<lineWidth>1</lineWidth>
<points>
<point x="4570" y="4183"/>
<point x="5066" y="4183"/>
</points>
</Connector>
<Connector class="oracle.dbtools.crest.swingui.logical.TVRelation" oid="48611064-2039-597D-B26D-125BD96D26F9" otype="Relation" vid_source="AAFF72AA-7AA1-EF54-FB01-802762078653" vid_target="2FBB459C-35AB-9767-4242-DD93F4A62FA8">
<hideElementsInCurrentOnly>false</hideElementsInCurrentOnly>
<backgroundColor>-16777216</backgroundColor>
<lineWidth>1</lineWidth>
<points>
<point x="4595" y="2134"/>
<point x="4778" y="2256"/>
</points>
</Connector>
<Connector class="oracle.dbtools.crest.swingui.logical.TVRelation" oid="4AEC4A4C-2F60-584F-4E32-4A203964792F" otype="Relation" vid_source="FD43149D-29D6-0B4E-A7DB-849C96D8306A" vid_target="169067A3-912C-6735-2540-0B5C42DC265A">
<hideElementsInCurrentOnly>false</hideElementsInCurrentOnly>
<backgroundColor>-16777216</backgroundColor>
<lineWidth>1</lineWidth>
<points>
<point x="4496" y="2657"/>
<point x="4731" y="2818"/>
</points>
</Connector>
<Connector class="oracle.dbtools.crest.swingui.logical.TVRelation" oid="4CB25626-6ED6-1954-4233-6B6CADAD5863" otype="Relation" vid_source="980BC34E-FC5A-1131-C944-EC5B53A2D581" vid_target="C09B99B5-E07C-0EFA-53D3-0A6D04D02D8A">
<hideElementsInCurrentOnly>false</hideElementsInCurrentOnly>
<backgroundColor>-16777216</backgroundColor>
<lineWidth>1</lineWidth>
<points>
<point x="4960" y="1990"/>
<point x="5048" y="1990"/>
</points>
</Connector>
<Connector class="oracle.dbtools.crest.swingui.logical.TVRelation" oid="4DEEB7BF-42C5-2BB8-D13F-1AF6479BB9CF" otype="Relation" vid_source="DE10F0A5-5A86-781E-2532-664A1E1DFBDA" vid_target="5E72FEAA-B218-B3F0-3FFB-34E2CD1B6AEF">
<hideElementsInCurrentOnly>false</hideElementsInCurrentOnly>
<backgroundColor>-16777216</backgroundColor>
<lineWidth>1</lineWidth>
<points>
<point x="4570" y="4249"/>
<point x="4649" y="4249"/>
</points>
</Connector>
<Connector class="oracle.dbtools.crest.swingui.logical.TVRelation" oid="53218A48-C171-72B7-7222-C672F6E8A70B" otype="Relation" vid_source="7C86F6BB-B948-B0E4-78FB-3DEF008E07DB" vid_target="165D1051-419B-D122-F3D1-64387632E68B">
<hideElementsInCurrentOnly>false</hideElementsInCurrentOnly>
<backgroundColor>-16777216</backgroundColor>
<lineWidth>1</lineWidth>
<points>
<point x="5524" y="1408"/>
<point x="5840" y="1408"/>
</points>
</Connector>
<Connector class="oracle.dbtools.crest.swingui.logical.TVRelation" oid="54B318DB-0F13-6CEC-CA65-71E36BEE541C" otype="Relation" vid_source="AFE42F1D-EC9C-0EDB-9806-527022287F49" vid_target="2620D7A9-4A3A-C7CD-E09A-C171FA19428A">
<hideElementsInCurrentOnly>false</hideElementsInCurrentOnly>
<backgroundColor>-16777216</backgroundColor>
<lineWidth>1</lineWidth>
<points>
<point x="5163" y="2854"/>
<point x="5429" y="2935"/>
</points>
</Connector>
<Connector class="oracle.dbtools.crest.swingui.logical.TVRelation" oid="54F3F30C-B74E-676E-A6C5-24B017E0ED2A" otype="Relation" vid_source="70E730BB-B69B-D7C3-47B0-3253AC03E8B2" vid_target="32372D42-8F39-39CE-35CD-713DFC0897CE">
<hideElementsInCurrentOnly>false</hideElementsInCurrentOnly>
<backgroundColor>-16777216</backgroundColor>
<lineWidth>1</lineWidth>
<points>
<point x="4613" y="839"/>
<point x="4812" y="839"/>
</points>
</Connector>
<Connector class="oracle.dbtools.crest.swingui.logical.TVRelation" oid="5BA55DB4-68AC-E32C-75D2-EC84C9B712F3" otype="Relation" vid_source="2FBB459C-35AB-9767-4242-DD93F4A62FA8" vid_target="D96AA81E-5AC2-BEF5-C3F6-9A01234B56B1">
<hideElementsInCurrentOnly>false</hideElementsInCurrentOnly>
<backgroundColor>-16777216</backgroundColor>
<lineWidth>1</lineWidth>
<points>
<point x="4985" y="2309"/>
<point x="5065" y="2309"/>
</points>
</Connector>
<Connector class="oracle.dbtools.crest.swingui.logical.TVRelation" oid="5CC88268-E997-00E4-2ED6-8D293E7EC3D8" otype="Relation" vid_source="DE10F0A5-5A86-781E-2532-664A1E1DFBDA" vid_target="C0E2BDE1-2583-7C00-C2D6-F94C777FD6A3">
<hideElementsInCurrentOnly>false</hideElementsInCurrentOnly>
<backgroundColor>-16777216</backgroundColor>
<lineWidth>1</lineWidth>
<points>
<point x="4570" y="4077"/>
<point x="4820" y="4077"/>
</points>
</Connector>
<Connector class="oracle.dbtools.crest.swingui.logical.TVRelation" oid="5E0FBC06-D186-8CA3-59C2-0FD38DEFE1B8" otype="Relation" vid_source="CE0E5040-F581-762F-631A-DB1A92A15E3C" vid_target="A0B44CB2-F323-CD17-0074-64A9AF2EF2C9">
<hideElementsInCurrentOnly>false</hideElementsInCurrentOnly>
<backgroundColor>-16777216</backgroundColor>
<lineWidth>1</lineWidth>
<points>
<point x="4490" y="1319"/>
<point x="4635" y="1235"/>
</points>
</Connector>
<Connector class="oracle.dbtools.crest.swingui.logical.TVRelation" oid="65AD8546-F3D7-1459-EB6A-5C34A983F8A2" otype="Relation" vid_source="FE2816F3-0893-4A17-DA74-4EF0D40AC477" vid_target="96398858-2F09-E016-2253-D93A080CF4B6">
<hideElementsInCurrentOnly>false</hideElementsInCurrentOnly>
<backgroundColor>-16777216</backgroundColor>
<lineWidth>1</lineWidth>
<points>
<point x="4979" y="5107"/>
<point x="4979" y="5140"/>
</points>
</Connector>
<Connector class="oracle.dbtools.crest.swingui.logical.TVRelation" oid="6957403C-A3DE-754D-B2A7-FE372B1F078A" otype="Relation" vid_source="45D4C7B8-5A9E-A74C-6D31-ABD6230950EF" vid_target="4B0DC9E2-B8DE-08E3-7598-DFAFD24B4DA6">
<hideElementsInCurrentOnly>false</hideElementsInCurrentOnly>
<backgroundColor>-16777216</backgroundColor>
<lineWidth>1</lineWidth>
<points>
<point x="1040" y="3733"/>
<point x="3487" y="3904"/>
</points>
</Connector>
<Connector class="oracle.dbtools.crest.swingui.logical.TVRelation" oid="6A783A1B-3B49-E210-85B8-6213C18A4E05" otype="Relation" vid_source="A0B44CB2-F323-CD17-0074-64A9AF2EF2C9" vid_target="C922C272-BD96-ED45-1564-0C07243ADDC2">
<hideElementsInCurrentOnly>false</hideElementsInCurrentOnly>
<backgroundColor>-16777216</backgroundColor>
<lineWidth>1</lineWidth>
<points>
<point x="4739" y="1229"/>
<point x="5081" y="1386"/>
</points>
</Connector>
<Connector class="oracle.dbtools.crest.swingui.logical.TVRelation" oid="6E17EAF5-416F-7F1B-5FE5-01FD55140AA8" otype="Relation" vid_source="169067A3-912C-6735-2540-0B5C42DC265A" vid_target="AFE42F1D-EC9C-0EDB-9806-527022287F49">
<hideElementsInCurrentOnly>false</hideElementsInCurrentOnly>
<backgroundColor>-16777216</backgroundColor>
<lineWidth>1</lineWidth>
<points>
<point x="4906" y="2837"/>
<point x="5045" y="2837"/>
</points>
</Connector>
<Connector class="oracle.dbtools.crest.swingui.logical.TVRelation" oid="701EDF60-D3B0-30E4-501C-62BB9F6989F1" otype="Relation" vid_source="70E730BB-B69B-D7C3-47B0-3253AC03E8B2" vid_target="1A6EF40C-EDBD-7F2E-E4C3-69D872CA8BCC">
<hideElementsInCurrentOnly>false</hideElementsInCurrentOnly>
<backgroundColor>-16777216</backgroundColor>
<lineWidth>1</lineWidth>
<points>
<point x="4613" y="884"/>
<point x="4865" y="960"/>
</points>
</Connector>
<Connector class="oracle.dbtools.crest.swingui.logical.TVRelation" oid="74C578A7-CD45-B766-2763-BEB92221EAC7" otype="Relation" vid_source="45D4C7B8-5A9E-A74C-6D31-ABD6230950EF" vid_target="D7F1642A-1EC3-D0B5-8F09-8A13880A58E4">
<hideElementsInCurrentOnly>false</hideElementsInCurrentOnly>
<backgroundColor>-16777216</backgroundColor>
<lineWidth>1</lineWidth>
<points>
<point x="1007" y="3801"/>
<point x="3621" y="6152"/>
</points>
</Connector>
<Connector class="oracle.dbtools.crest.swingui.logical.TVRelation" oid="763CAC83-8168-63F1-F285-20DE450C02EA" otype="Relation" vid_source="4B0DC9E2-B8DE-08E3-7598-DFAFD24B4DA6" vid_target="E0309751-1E29-FC29-16B5-C09A97E18872">
<hideElementsInCurrentOnly>false</hideElementsInCurrentOnly>
<backgroundColor>-16777216</backgroundColor>
<lineWidth>1</lineWidth>
<points>
<point x="3658" y="3953"/>
<point x="4009" y="4271"/>
</points>
</Connector>
<Connector class="oracle.dbtools.crest.swingui.logical.TVRelation" oid="795936C7-0C57-FF0F-916A-37D586EB89EB" otype="Relation" vid_source="D7F1642A-1EC3-D0B5-8F09-8A13880A58E4" vid_target="ED7C4296-F95D-2A69-367D-DF8894288E0E">
<hideElementsInCurrentOnly>false</hideElementsInCurrentOnly>
<backgroundColor>-16777216</backgroundColor>
<lineWidth>1</lineWidth>
<points>
<point x="3879" y="6187"/>
<point x="4264" y="6037"/>
</points>
</Connector>
<Connector class="oracle.dbtools.crest.swingui.logical.TVRelation" oid="79CD998A-48A8-7948-0F1D-8C5567810DEF" otype="Relation" vid_source="2FBB459C-35AB-9767-4242-DD93F4A62FA8" vid_target="0CAB4D6C-64E5-5E97-94B6-4498B4CACE3D">
<hideElementsInCurrentOnly>false</hideElementsInCurrentOnly>
<backgroundColor>-16777216</backgroundColor>
<lineWidth>1</lineWidth>
<points>
<point x="4985" y="2404"/>
<point x="5289" y="2404"/>
</points>
</Connector>
<Connector class="oracle.dbtools.crest.swingui.logical.TVRelation" oid="7F92712C-E714-084C-F02A-1129A615486D" otype="Relation" vid_source="4B0DC9E2-B8DE-08E3-7598-DFAFD24B4DA6" vid_target="223C5BD7-B487-029C-F1B5-DDF7F8144F52">
<hideElementsInCurrentOnly>false</hideElementsInCurrentOnly>
<backgroundColor>-16777216</backgroundColor>
<lineWidth>1</lineWidth>
<points>
<point x="3741" y="3913"/>
<point x="3988" y="3913"/>
</points>
</Connector>
<Connector class="oracle.dbtools.crest.swingui.logical.TVRelation" oid="80C46826-116D-2BAC-B68B-E448C1D7BCF0" otype="Relation" vid_source="DE10F0A5-5A86-781E-2532-664A1E1DFBDA" vid_target="A3523370-41CD-B26F-AA30-FA7C52EC7412">
<hideElementsInCurrentOnly>false</hideElementsInCurrentOnly>
<backgroundColor>-16777216</backgroundColor>
<lineWidth>1</lineWidth>
<points>
<point x="4570" y="4135"/>
<point x="4650" y="4135"/>
</points>
</Connector>
<Connector class="oracle.dbtools.crest.swingui.logical.TVRelation" oid="8394B1CD-7F48-E8AD-FC45-23D8D696FADE" otype="Relation" vid_source="A0B44CB2-F323-CD17-0074-64A9AF2EF2C9" vid_target="50DE6F67-307B-079C-4FAC-E56C21528872">
<hideElementsInCurrentOnly>false</hideElementsInCurrentOnly>
<backgroundColor>-16777216</backgroundColor>
<lineWidth>1</lineWidth>
<points>
<point x="4739" y="1200"/>
<point x="5320" y="1200"/>
</points>
</Connector>
<Connector class="oracle.dbtools.crest.swingui.logical.TVRelation" oid="84AD2DAD-9A2E-A55C-2486-D8C9FFC41AD7" otype="Relation" vid_source="A0B44CB2-F323-CD17-0074-64A9AF2EF2C9" vid_target="D10A5707-0ABA-0053-3CF2-3D9843A4CB93">
<hideElementsInCurrentOnly>false</hideElementsInCurrentOnly>
<backgroundColor>-16777216</backgroundColor>
<lineWidth>1</lineWidth>
<points>
<point x="4739" y="1236"/>
<point x="5306" y="1573"/>
</points>
</Connector>
<Connector class="oracle.dbtools.crest.swingui.logical.TVRelation" oid="8608AED3-6B31-9FCA-1115-F0EE5179E3C4" otype="Relation" vid_source="C90B081A-7CD1-658F-F16B-2E91A6E52D3D" vid_target="0694DCBC-A116-94C4-20DE-D0DDD0D795B7">
<hideElementsInCurrentOnly>false</hideElementsInCurrentOnly>
<backgroundColor>-16777216</backgroundColor>
<lineWidth>1</lineWidth>
<points>
<point x="4746" y="1478"/>
<point x="4883" y="1529"/>
</points>
</Connector>
<Connector class="oracle.dbtools.crest.swingui.logical.TVRelation" oid="87C11060-1F4D-42D0-684B-CE2777F5E016" otype="Relation" vid_source="D7F1642A-1EC3-D0B5-8F09-8A13880A58E4" vid_target="4DDBDF12-50C4-1489-1B63-4A9F60E1232C">
<hideElementsInCurrentOnly>false</hideElementsInCurrentOnly>
<backgroundColor>-16777216</backgroundColor>
<lineWidth>1</lineWidth>
<points>
<point x="3879" y="6170"/>
<point x="4325" y="6170"/>
</points>
</Connector>
<Connector class="oracle.dbtools.crest.swingui.logical.TVRelation" oid="888EAA3B-6082-B8D9-685D-347E5AE8DF42" otype="Relation" vid_source="45D4C7B8-5A9E-A74C-6D31-ABD6230950EF" vid_target="F354CD36-A309-A004-D5C9-500618883148">
<hideElementsInCurrentOnly>false</hideElementsInCurrentOnly>
<backgroundColor>-16777216</backgroundColor>
<lineWidth>1</lineWidth>
<points>
<point x="1015" y="3649"/>
<point x="3256" y="1811"/>
</points>
</Connector>
<Connector class="oracle.dbtools.crest.swingui.logical.TVRelation" oid="89847FB4-17F7-DAEE-2600-82EA516B8E3E" otype="Relation" vid_source="2FBB459C-35AB-9767-4242-DD93F4A62FA8" vid_target="435380F1-B92E-F377-524F-D1C2DACBB3D9">
<hideElementsInCurrentOnly>false</hideElementsInCurrentOnly>
<backgroundColor>-16777216</backgroundColor>
<lineWidth>1</lineWidth>
<points>
<point x="4985" y="2415"/>
<point x="5069" y="2415"/>
</points>
</Connector>
<Connector class="oracle.dbtools.crest.swingui.logical.TVRelation" oid="8BA9CBD6-CCB9-1BAC-0586-59A175EAC4B5" otype="Relation" vid_source="A0B44CB2-F323-CD17-0074-64A9AF2EF2C9" vid_target="A94825A0-E200-9084-5D32-B0AFDD763733">
<hideElementsInCurrentOnly>false</hideElementsInCurrentOnly>
<backgroundColor>-16777216</backgroundColor>
<lineWidth>1</lineWidth>
<points>
<point x="4707" y="1240"/>
<point x="4935" y="1627"/>
</points>
</Connector>
<Connector class="oracle.dbtools.crest.swingui.logical.TVRelation" oid="8C43CB8A-7E4B-D9EA-0E35-97CA5B3B188C" otype="Relation" vid_source="C90B081A-7CD1-658F-F16B-2E91A6E52D3D" vid_target="A94825A0-E200-9084-5D32-B0AFDD763733">
<hideElementsInCurrentOnly>false</hideElementsInCurrentOnly>
<backgroundColor>-16777216</backgroundColor>
<lineWidth>1</lineWidth>
<points>
<point x="4735" y="1492"/>
<point x="4910" y="1632"/>
</points>
</Connector>
<Connector class="oracle.dbtools.crest.swingui.logical.TVRelation" oid="8D449D99-52E5-E0C5-7D5E-3A86E5D18D7C" otype="Relation" vid_source="A0B44CB2-F323-CD17-0074-64A9AF2EF2C9" vid_target="7C86F6BB-B948-B0E4-78FB-3DEF008E07DB">
<hideElementsInCurrentOnly>false</hideElementsInCurrentOnly>
<backgroundColor>-16777216</backgroundColor>
<lineWidth>1</lineWidth>
<points>
<point x="4739" y="1222"/>
<point x="5355" y="1417"/>
</points>
</Connector>
<Connector class="oracle.dbtools.crest.swingui.logical.TVRelation" oid="8EFD8879-E5F2-0D60-6E75-729D92977D1D" otype="Relation" vid_source="F354CD36-A309-A004-D5C9-500618883148" vid_target="CE0E5040-F581-762F-631A-DB1A92A15E3C">
<hideElementsInCurrentOnly>false</hideElementsInCurrentOnly>
<backgroundColor>-16777216</backgroundColor>
<lineWidth>1</lineWidth>
<points>
<point x="3367" y="1745"/>
<point x="4340" y="1387"/>
</points>
</Connector>
<Connector class="oracle.dbtools.crest.swingui.logical.TVRelation" oid="8F954094-CE35-33C9-774D-1E22F5DE9843" otype="Relation" vid_source="A0B44CB2-F323-CD17-0074-64A9AF2EF2C9" vid_target="0694DCBC-A116-94C4-20DE-D0DDD0D795B7">
<hideElementsInCurrentOnly>false</hideElementsInCurrentOnly>
<backgroundColor>-16777216</backgroundColor>
<lineWidth>1</lineWidth>
<points>
<point x="4711" y="1240"/>
<point x="4901" y="1499"/>
</points>
</Connector>
<Connector class="oracle.dbtools.crest.swingui.logical.TVRelation" oid="94103812-5163-47BA-A7F9-BA605B532079" otype="Relation" vid_source="70E730BB-B69B-D7C3-47B0-3253AC03E8B2" vid_target="A30D7827-1847-E0F1-8337-39EA8B7A46BF">
<hideElementsInCurrentOnly>false</hideElementsInCurrentOnly>
<backgroundColor>-16777216</backgroundColor>
<lineWidth>1</lineWidth>
<points>
<point x="4608" y="906"/>
<point x="4701" y="965"/>
</points>
</Connector>
<Connector class="oracle.dbtools.crest.swingui.logical.TVRelation" oid="9487CCD4-C087-2F0D-88AF-4DB517F5FA72" otype="Relation" vid_source="C90B081A-7CD1-658F-F16B-2E91A6E52D3D" vid_target="F8106665-8029-4B14-9BC1-CE6714452520">
<hideElementsInCurrentOnly>false</hideElementsInCurrentOnly>
<backgroundColor>-16777216</backgroundColor>
<lineWidth>1</lineWidth>
<points>
<point x="4746" y="1439"/>
<point x="5095" y="1290"/>
</points>
</Connector>
<Connector class="oracle.dbtools.crest.swingui.logical.TVRelation" oid="9920BC2A-0AED-CE10-1760-CD70EDE82D20" otype="Relation" vid_source="4B0DC9E2-B8DE-08E3-7598-DFAFD24B4DA6" vid_target="DE83B547-C134-B91B-8718-E9C2D9D21B65">
<hideElementsInCurrentOnly>false</hideElementsInCurrentOnly>
<backgroundColor>-16777216</backgroundColor>
<lineWidth>1</lineWidth>
<points>
<point x="3639" y="3953"/>
<point x="3986" y="4506"/>
</points>
</Connector>
<Connector class="oracle.dbtools.crest.swingui.logical.TVRelation" oid="9ABC0A74-7520-F23A-009F-DA87F2A96411" otype="Relation" vid_source="B3C56FD2-D1DC-5C1A-35C8-1CC32ED03E22" vid_target="9ACA2271-1A1A-FAF8-B57B-5C98101847DD">
<hideElementsInCurrentOnly>false</hideElementsInCurrentOnly>
<backgroundColor>-16777216</backgroundColor>
<lineWidth>1</lineWidth>
<points>
<point x="4545" y="3817"/>
<point x="4633" y="3817"/>
</points>
</Connector>
<Connector class="oracle.dbtools.crest.swingui.logical.TVRelation" oid="9EF0FA16-02E6-0C47-991F-5F46536B9A18" otype="Relation" vid_source="7C86F6BB-B948-B0E4-78FB-3DEF008E07DB" vid_target="A24C0257-5349-A678-B519-B6D487DE4AB1">
<hideElementsInCurrentOnly>false</hideElementsInCurrentOnly>
<backgroundColor>-16777216</backgroundColor>
<lineWidth>1</lineWidth>
<points>
<point x="5524" y="1444"/>
<point x="5640" y="1444"/>
</points>
</Connector>
<Connector class="oracle.dbtools.crest.swingui.logical.TVRelation" oid="A1C28798-7D98-1B14-7227-724E25934C70" otype="Relation" vid_source="D7F1642A-1EC3-D0B5-8F09-8A13880A58E4" vid_target="6E950D28-926A-1AED-45F0-DB08652896A8">
<hideElementsInCurrentOnly>false</hideElementsInCurrentOnly>
<backgroundColor>-16777216</backgroundColor>
<lineWidth>1</lineWidth>
<points>
<point x="3879" y="6343"/>
<point x="4357" y="6343"/>
</points>
</Connector>
<Connector class="oracle.dbtools.crest.swingui.logical.TVRelation" oid="A1EC59DB-A339-2142-A2E6-B8B63D32F6C4" otype="Relation" vid_source="D7F1642A-1EC3-D0B5-8F09-8A13880A58E4" vid_target="D7527B6C-F7E3-0D7F-AB33-9FE81ECFC45F">
<hideElementsInCurrentOnly>false</hideElementsInCurrentOnly>
<backgroundColor>-16777216</backgroundColor>
<lineWidth>1</lineWidth>
<points>
<point x="3879" y="6234"/>
<point x="4335" y="6234"/>
</points>
</Connector>
<Connector class="oracle.dbtools.crest.swingui.logical.TVRelation" oid="A82C0C9B-739E-8F0E-599E-D61B3AAE1707" otype="Relation" vid_source="A0B44CB2-F323-CD17-0074-64A9AF2EF2C9" vid_target="D1DC1388-D039-3EEA-4B3E-6052D8A636C5">
<hideElementsInCurrentOnly>false</hideElementsInCurrentOnly>
<backgroundColor>-16777216</backgroundColor>
<lineWidth>1</lineWidth>
<points>
<point x="4739" y="1178"/>
<point x="4909" y="1178"/>
</points>
</Connector>
<Connector class="oracle.dbtools.crest.swingui.logical.TVRelation" oid="A83A5131-ABB0-653A-63E7-1E61C7BFB8FB" otype="Relation" vid_source="AFE42F1D-EC9C-0EDB-9806-527022287F49" vid_target="5E0E7F0A-586B-BB03-B335-FB6C8D8E8276">
<hideElementsInCurrentOnly>false</hideElementsInCurrentOnly>
<backgroundColor>-16777216</backgroundColor>
<lineWidth>1</lineWidth>
<points>
<point x="5163" y="2806"/>
<point x="5456" y="2656"/>
</points>
</Connector>
<Connector class="oracle.dbtools.crest.swingui.logical.TVRelation" oid="AC9AB259-3B26-5958-A9C2-91EBDE23667A" otype="Relation" vid_source="8C4CAC6E-AEA0-BEBC-68DC-CA756978DB6C" vid_target="3BB0C693-E25D-BB33-1E75-5929CAC88DF1">
<hideElementsInCurrentOnly>false</hideElementsInCurrentOnly>
<backgroundColor>-16777216</backgroundColor>
<lineWidth>1</lineWidth>
<points>
<point x="4615" y="525"/>
<point x="4798" y="525"/>
</points>
</Connector>
<Connector class="oracle.dbtools.crest.swingui.logical.TVRelation" oid="ADDB444B-95C1-CE9C-B07D-AFA4D7977AE5" otype="Relation" vid_source="B3C56FD2-D1DC-5C1A-35C8-1CC32ED03E22" vid_target="49C160DE-7097-BE58-043B-A2EA271C99C5">
<hideElementsInCurrentOnly>false</hideElementsInCurrentOnly>
<backgroundColor>-16777216</backgroundColor>
<lineWidth>1</lineWidth>
<points>
<point x="4545" y="3682"/>
<point x="4641" y="3682"/>
</points>
</Connector>
<Connector class="oracle.dbtools.crest.swingui.logical.TVRelation" oid="AF1CECA0-FFA6-F01D-013E-C51E1DA71F58" otype="Relation" vid_source="F354CD36-A309-A004-D5C9-500618883148" vid_target="7BAD5040-7985-4534-40E9-5E434C11EC08">
<hideElementsInCurrentOnly>false</hideElementsInCurrentOnly>
<backgroundColor>-16777216</backgroundColor>
<lineWidth>1</lineWidth>
<points>
<point x="3362" y="1821"/>
<point x="4488" y="3036"/>
</points>
</Connector>
<Connector class="oracle.dbtools.crest.swingui.logical.TVRelation" oid="B4F56F91-A959-97A6-7ED2-8FA01C5CFF3A" otype="Relation" vid_source="C90B081A-7CD1-658F-F16B-2E91A6E52D3D" vid_target="7C86F6BB-B948-B0E4-78FB-3DEF008E07DB">
<hideElementsInCurrentOnly>false</hideElementsInCurrentOnly>
<backgroundColor>-16777216</backgroundColor>
<lineWidth>1</lineWidth>
<points>
<point x="4746" y="1440"/>
<point x="5355" y="1440"/>
</points>
</Connector>
<Connector class="oracle.dbtools.crest.swingui.logical.TVRelation" oid="B954508D-4909-9AC2-BBD4-BFF9DD7531D6" otype="Relation" vid_source="45D4C7B8-5A9E-A74C-6D31-ABD6230950EF" vid_target="489FA575-60B8-41FF-D319-B6CEF8C7DAFE">
<hideElementsInCurrentOnly>false</hideElementsInCurrentOnly>
<backgroundColor>-16777216</backgroundColor>
<lineWidth>1</lineWidth>
<points>
<point x="1040" y="3774"/>
<point x="4330" y="5154"/>
</points>
</Connector>
<Connector class="oracle.dbtools.crest.swingui.logical.TVRelation" oid="BAE17E69-8599-1916-CA4B-D6D3E30FA459" otype="Relation" vid_source="980BC34E-FC5A-1131-C944-EC5B53A2D581" vid_target="ED2C28E9-A1E5-9A17-2C49-EC437E9AC0ED">
<hideElementsInCurrentOnly>false</hideElementsInCurrentOnly>
<backgroundColor>-16777216</backgroundColor>
<lineWidth>1</lineWidth>
<points>
<point x="4960" y="1855"/>
<point x="5056" y="1855"/>
</points>
</Connector>
<Connector class="oracle.dbtools.crest.swingui.logical.TVRelation" oid="BBA53332-B17B-A8CE-EA70-87061C6E1C31" otype="Relation" vid_source="A0B44CB2-F323-CD17-0074-64A9AF2EF2C9" vid_target="B37E191A-D8DF-6CBD-8410-A8C32FB18A28">
<hideElementsInCurrentOnly>false</hideElementsInCurrentOnly>
<backgroundColor>-16777216</backgroundColor>
<lineWidth>1</lineWidth>
<points>
<point x="4721" y="1240"/>
<point x="5063" y="1571"/>
</points>
</Connector>
<Connector class="oracle.dbtools.crest.swingui.logical.TVRelation" oid="C4A9AC0F-FF3D-BA95-046D-62121C811475" otype="Relation" vid_source="F354CD36-A309-A004-D5C9-500618883148" vid_target="AAFF72AA-7AA1-EF54-FB01-802762078653">
<hideElementsInCurrentOnly>false</hideElementsInCurrentOnly>
<backgroundColor>-16777216</backgroundColor>
<lineWidth>1</lineWidth>
<points>
<point x="3367" y="1780"/>
<point x="4403" y="2052"/>
</points>
</Connector>
<Connector class="oracle.dbtools.crest.swingui.logical.TVRelation" oid="C5DAF4F4-9545-8556-0B91-0C0879CE9CFF" otype="Relation" vid_source="B3C56FD2-D1DC-5C1A-35C8-1CC32ED03E22" vid_target="BD10E0F9-1AB8-DBD0-FF7D-AFD3CCFF37C4">
<hideElementsInCurrentOnly>false</hideElementsInCurrentOnly>
<backgroundColor>-16777216</backgroundColor>
<lineWidth>1</lineWidth>
<points>
<point x="4545" y="3769"/>
<point x="4805" y="3769"/>
</points>
</Connector>
<Connector class="oracle.dbtools.crest.swingui.logical.TVRelation" oid="C62AF133-AF84-D664-D038-4DFB85129635" otype="Relation" vid_source="70E730BB-B69B-D7C3-47B0-3253AC03E8B2" vid_target="1F212B64-8FC3-B6AC-C43D-DC9BCCDAD615">
<hideElementsInCurrentOnly>false</hideElementsInCurrentOnly>
<backgroundColor>-16777216</backgroundColor>
<lineWidth>1</lineWidth>
<points>
<point x="4613" y="863"/>
<point x="5024" y="863"/>
</points>
</Connector>
<Connector class="oracle.dbtools.crest.swingui.logical.TVRelation" oid="CBDB836E-A846-252B-85C9-600BF047CFB6" otype="Relation" vid_source="223C5BD7-B487-029C-F1B5-DDF7F8144F52" vid_target="DE10F0A5-5A86-781E-2532-664A1E1DFBDA">
<hideElementsInCurrentOnly>false</hideElementsInCurrentOnly>
<backgroundColor>-16777216</backgroundColor>
<lineWidth>1</lineWidth>
<points>
<point x="4184" y="3963"/>
<point x="4363" y="4083"/>
</points>
</Connector>
<Connector class="oracle.dbtools.crest.swingui.logical.TVRelation" oid="CC35FB6A-F076-36A9-2AE2-62B4A9FA884C" otype="Relation" vid_source="70E730BB-B69B-D7C3-47B0-3253AC03E8B2" vid_target="EA781450-7530-F428-4468-5F5068FD3DD0">
<hideElementsInCurrentOnly>false</hideElementsInCurrentOnly>
<backgroundColor>-16777216</backgroundColor>
<lineWidth>1</lineWidth>
<points>
<point x="4595" y="821"/>
<point x="4616" y="804"/>
</points>
</Connector>
<Connector class="oracle.dbtools.crest.swingui.logical.TVRelation" oid="D49B1C18-10BE-DCE7-7BAB-0442F2A8911D" otype="Relation" vid_source="F354CD36-A309-A004-D5C9-500618883148" vid_target="FD43149D-29D6-0B4E-A7DB-849C96D8306A">
<hideElementsInCurrentOnly>false</hideElementsInCurrentOnly>
<backgroundColor>-16777216</backgroundColor>
<lineWidth>1</lineWidth>
<points>
<point x="3367" y="1807"/>
<point x="4405" y="2592"/>
</points>
</Connector>
<Connector class="oracle.dbtools.crest.swingui.logical.TVRelation" oid="D7894D35-E24E-DECD-7CC7-28895BC66665" otype="Relation" vid_source="489FA575-60B8-41FF-D319-B6CEF8C7DAFE" vid_target="1E5C2F45-6CEA-BE1A-8F75-343D93D4972D">
<hideElementsInCurrentOnly>false</hideElementsInCurrentOnly>
<backgroundColor>-16777216</backgroundColor>
<lineWidth>1</lineWidth>
<points>
<point x="4550" y="5149"/>
<point x="4678" y="5149"/>
</points>
</Connector>
<Connector class="oracle.dbtools.crest.swingui.logical.TVRelation" oid="DC4D0581-32F7-29CD-A30F-0294CE7C6D56" otype="Relation" vid_source="F354CD36-A309-A004-D5C9-500618883148" vid_target="70E730BB-B69B-D7C3-47B0-3253AC03E8B2">
<hideElementsInCurrentOnly>false</hideElementsInCurrentOnly>
<backgroundColor>-16777216</backgroundColor>
<lineWidth>1</lineWidth>
<points>
<point x="3367" y="1724"/>
<point x="4484" y="906"/>
</points>
</Connector>
<Connector class="oracle.dbtools.crest.swingui.logical.TVRelation" oid="DC4EBC62-CFB5-58B3-356D-3DB2BC45DB5B" otype="Relation" vid_source="A0B44CB2-F323-CD17-0074-64A9AF2EF2C9" vid_target="F8106665-8029-4B14-9BC1-CE6714452520">
<hideElementsInCurrentOnly>false</hideElementsInCurrentOnly>
<backgroundColor>-16777216</backgroundColor>
<lineWidth>1</lineWidth>
<points>
<point x="4739" y="1197"/>
<point x="5095" y="1197"/>
</points>
</Connector>
<Connector class="oracle.dbtools.crest.swingui.logical.TVRelation" oid="E64BDC07-8685-D194-97AA-0B564EF3A326" otype="Relation" vid_source="489FA575-60B8-41FF-D319-B6CEF8C7DAFE" vid_target="6A1C2D34-FD93-D7F9-D702-B114C488FD63">
<hideElementsInCurrentOnly>false</hideElementsInCurrentOnly>
<backgroundColor>-16777216</backgroundColor>
<lineWidth>1</lineWidth>
<points>
<point x="4550" y="5266"/>
<point x="4658" y="5331"/>
</points>
</Connector>
<Connector class="oracle.dbtools.crest.swingui.logical.TVRelation" oid="E75DCA72-9F57-3C78-C5AF-672D5C5C73EE" otype="Relation" vid_source="C90B081A-7CD1-658F-F16B-2E91A6E52D3D" vid_target="D1DC1388-D039-3EEA-4B3E-6052D8A636C5">
<hideElementsInCurrentOnly>false</hideElementsInCurrentOnly>
<backgroundColor>-16777216</backgroundColor>
<lineWidth>1</lineWidth>
<points>
<point x="4723" y="1429"/>
<point x="4909" y="1212"/>
</points>
</Connector>
<Connector class="oracle.dbtools.crest.swingui.logical.TVRelation" oid="EC4F7A8D-60F9-4212-01C2-91A3353ED6F8" otype="Relation" vid_source="CE0E5040-F581-762F-631A-DB1A92A15E3C" vid_target="C90B081A-7CD1-658F-F16B-2E91A6E52D3D">
<hideElementsInCurrentOnly>false</hideElementsInCurrentOnly>
<backgroundColor>-16777216</backgroundColor>
<lineWidth>1</lineWidth>
<points>
<point x="4517" y="1389"/>
<point x="4646" y="1440"/>
</points>
</Connector>
<Connector class="oracle.dbtools.crest.swingui.logical.TVRelation" oid="EEF56DC9-4FF9-2DF4-6904-528594D68ED0" otype="Relation" vid_source="489FA575-60B8-41FF-D319-B6CEF8C7DAFE" vid_target="79300FB1-C08F-F987-9829-C7F2662B4614">
<hideElementsInCurrentOnly>false</hideElementsInCurrentOnly>
<backgroundColor>-16777216</backgroundColor>
<lineWidth>1</lineWidth>
<points>
<point x="4550" y="5252"/>
<point x="4697" y="5252"/>
</points>
</Connector>
<Connector class="oracle.dbtools.crest.swingui.logical.TVRelation" oid="F009A5E3-2D23-34F9-C59D-7D04A89829E1" otype="Relation" vid_source="D7F1642A-1EC3-D0B5-8F09-8A13880A58E4" vid_target="4F443415-0165-1433-F227-13231A8D61FE">
<hideElementsInCurrentOnly>false</hideElementsInCurrentOnly>
<backgroundColor>-16777216</backgroundColor>
<lineWidth>1</lineWidth>
<points>
<point x="3879" y="6347"/>
<point x="4271" y="6580"/>
</points>
</Connector>
<Connector class="oracle.dbtools.crest.swingui.logical.TVRelation" oid="F1549D6A-0F5D-08CC-2B0A-7A296F9CCA16" otype="Relation" vid_source="C90B081A-7CD1-658F-F16B-2E91A6E52D3D" vid_target="D10A5707-0ABA-0053-3CF2-3D9843A4CB93">
<hideElementsInCurrentOnly>false</hideElementsInCurrentOnly>
<backgroundColor>-16777216</backgroundColor>
<lineWidth>1</lineWidth>
<points>
<point x="4746" y="1473"/>
<point x="5306" y="1613"/>
</points>
</Connector>
<Connector class="oracle.dbtools.crest.swingui.logical.TVRelation" oid="F1E91A80-E938-17E0-A708-AB2350C19461" otype="Relation" vid_source="4B0DC9E2-B8DE-08E3-7598-DFAFD24B4DA6" vid_target="DF38EBFA-7C78-379A-DF3B-E9F7CDDEEFC1">
<hideElementsInCurrentOnly>false</hideElementsInCurrentOnly>
<backgroundColor>-16777216</backgroundColor>
<lineWidth>1</lineWidth>
<points>
<point x="3689" y="3953"/>
<point x="3983" y="4108"/>
</points>
</Connector>
<Connector class="oracle.dbtools.crest.swingui.logical.TVRelation" oid="F633D8F7-E5B3-0646-6F9B-B09508B80221" otype="Relation" vid_source="C90B081A-7CD1-658F-F16B-2E91A6E52D3D" vid_target="C922C272-BD96-ED45-1564-0C07243ADDC2">
<hideElementsInCurrentOnly>false</hideElementsInCurrentOnly>
<backgroundColor>-16777216</backgroundColor>
<lineWidth>1</lineWidth>
<points>
<point x="4746" y="1460"/>
<point x="5081" y="1460"/>
</points>
</Connector>
<Connector class="oracle.dbtools.crest.swingui.logical.TVRelation" oid="F63D13C6-3FD5-0AE2-DC6B-A5249C07AE2D" otype="Relation" vid_source="7C86F6BB-B948-B0E4-78FB-3DEF008E07DB" vid_target="5DB74BAC-D879-3521-B06A-97F3875BB10B">
<hideElementsInCurrentOnly>false</hideElementsInCurrentOnly>
<backgroundColor>-16777216</backgroundColor>
<lineWidth>1</lineWidth>
<points>
<point x="5524" y="1464"/>
<point x="5861" y="1464"/>
</points>
</Connector>
<Connector class="oracle.dbtools.crest.swingui.logical.TVRelation" oid="F6870EA8-98E2-650A-3D18-A7ED6F67CA56" otype="Relation" vid_source="B3C56FD2-D1DC-5C1A-35C8-1CC32ED03E22" vid_target="9EF45EB9-1371-A0C3-3572-FA753B7C7267">
<hideElementsInCurrentOnly>false</hideElementsInCurrentOnly>
<backgroundColor>-16777216</backgroundColor>
<lineWidth>1</lineWidth>
<points>
<point x="4545" y="3670"/>
<point x="4795" y="3670"/>
</points>
</Connector>
<Connector class="oracle.dbtools.crest.swingui.logical.TVRelation" oid="F6DE9B9A-D18B-490A-95A8-E269761BC268" otype="Relation" vid_source="DE10F0A5-5A86-781E-2532-664A1E1DFBDA" vid_target="A8699609-A108-6220-F3A4-EB8BCB6E10CC">
<hideElementsInCurrentOnly>false</hideElementsInCurrentOnly>
<backgroundColor>-16777216</backgroundColor>
<lineWidth>1</lineWidth>
<points>
<point x="4570" y="4237"/>
<point x="4847" y="4237"/>
</points>
</Connector>
<Connector class="oracle.dbtools.crest.swingui.logical.TVRelation" oid="F6EE5821-A2C7-CD4B-E24E-4B9AF69CD98B" otype="Relation" vid_source="2FBB459C-35AB-9767-4242-DD93F4A62FA8" vid_target="20D4D237-54A8-87B0-BFDB-7C49C528D319">
<hideElementsInCurrentOnly>false</hideElementsInCurrentOnly>
<backgroundColor>-16777216</backgroundColor>
<lineWidth>1</lineWidth>
<points>
<point x="4985" y="2356"/>
<point x="5481" y="2356"/>
</points>
</Connector>
<Connector class="oracle.dbtools.crest.swingui.logical.TVRelation" oid="F73EC19D-246C-C8DD-585F-A63F9EC88A9E" otype="Relation" vid_source="FD43149D-29D6-0B4E-A7DB-849C96D8306A" vid_target="EB1CEEC4-CFB5-129D-BF94-EC128ADAD6AD">
<hideElementsInCurrentOnly>false</hideElementsInCurrentOnly>
<backgroundColor>-16777216</backgroundColor>
<lineWidth>1</lineWidth>
<points>
<point x="4559" y="2624"/>
<point x="4750" y="2624"/>
</points>
</Connector>
<Connector class="oracle.dbtools.crest.swingui.logical.TVRelation" oid="F90FA15D-8907-3C89-57D0-EE4DC4993B43" otype="Relation" vid_source="AAFF72AA-7AA1-EF54-FB01-802762078653" vid_target="980BC34E-FC5A-1131-C944-EC5B53A2D581">
<hideElementsInCurrentOnly>false</hideElementsInCurrentOnly>
<backgroundColor>-16777216</backgroundColor>
<lineWidth>1</lineWidth>
<points>
<point x="4639" y="2050"/>
<point x="4792" y="2050"/>
</points>
</Connector>
<Connector class="oracle.dbtools.crest.swingui.logical.TVRelation" oid="FA4B2B55-C1A4-035C-FF3E-D13FED7AD74A" otype="Relation" vid_source="7BAD5040-7985-4534-40E9-5E434C11EC08" vid_target="DC818414-5929-D1B8-21CF-85A300F60BDB">
<hideElementsInCurrentOnly>false</hideElementsInCurrentOnly>
<backgroundColor>-16777216</backgroundColor>
<lineWidth>1</lineWidth>
<points>
<point x="4634" y="3129"/>
<point x="4731" y="3129"/>
</points>
</Connector>
<Connector class="oracle.dbtools.crest.swingui.logical.TVRelation" oid="FBFC5AD9-450F-9FEB-68D7-EFCB79B247FA" otype="Relation" vid_source="169067A3-912C-6735-2540-0B5C42DC265A" vid_target="7C7170EB-3493-7611-0D72-3B378EBBAEB1">
<hideElementsInCurrentOnly>false</hideElementsInCurrentOnly>
<backgroundColor>-16777216</backgroundColor>
<lineWidth>1</lineWidth>
<points>
<point x="4906" y="2802"/>
<point x="5057" y="2671"/>
</points>
</Connector>
<Connector class="oracle.dbtools.crest.swingui.logical.TVRelation" oid="FEEB9A03-B771-FBDC-257B-4A169BFDB837" otype="Relation" vid_source="C90B081A-7CD1-658F-F16B-2E91A6E52D3D" vid_target="50DE6F67-307B-079C-4FAC-E56C21528872">
<hideElementsInCurrentOnly>false</hideElementsInCurrentOnly>
<backgroundColor>-16777216</backgroundColor>
<lineWidth>1</lineWidth>
<points>
<point x="4746" y="1445"/>
<point x="5320" y="1267"/>
</points>
</Connector>
</connectors>
</Diagram>